# file written by OpenSceneGraph

mtllib cow.mtl


g Group_0

o Group__Geometry_0
usemtl material_1

v 2.44024 -1.45808 -3.0709
v 2.38683 -1.57514 -3.02356
v 2.16569 -1.35463 -3.15426
v 2.44024 -1.45808 -3.0709
v 2.38683 -1.57514 -3.02356
v 2.25158 -1.31982 -2.79591
v 2.44024 -1.45808 -3.0709
v 2.20401 -1.15487 -3.1159
v 2.16569 -1.35463 -3.15426
v 2.44024 -1.45808 -3.0709
v 2.20401 -1.15487 -3.1159
v 2.38434 -1.23756 -3.02831
v 2.44024 -1.45808 -3.0709
v 2.25158 -1.31982 -2.79591
v 2.38434 -1.23756 -3.02831
v 2.44024 0.58076 -3.0709
v 2.37781 0.361672 -3.04545
v 2.24396 0.458772 -2.79341
v 2.44024 0.58076 -3.0709
v 2.37781 0.361672 -3.04545
v 2.13113 0.480435 -3.15579
v 2.44024 0.58076 -3.0709
v 2.25436 0.79646 -3.11227
v 2.3433 0.7566 -3.06919
v 2.44024 0.58076 -3.0709
v 2.25436 0.79646 -3.11227
v 2.13113 0.480435 -3.15579
v 2.44024 0.58076 -3.0709
v 2.3433 0.7566 -3.06919
v 2.28123 0.60482 -2.89959
v 2.44024 0.58076 -3.0709
v 2.3433 0.7566 -3.06919
v 2.38683 0.69782 -3.02356
v 2.44024 0.58076 -3.0709
v 2.28123 0.60482 -2.89959
v 2.38683 0.69782 -3.02356
v 2.44024 0.58076 -3.0709
v 2.28123 0.60482 -2.89959
v 2.24396 0.458772 -2.79341
v 2.37781 0.361672 -3.04545
v 2.30936 0.362848 -2.90681
v 2.24396 0.458772 -2.79341
v 2.37781 0.361672 -3.04545
v 2.30936 0.362848 -2.90681
v 2.19478 0.273704 -3.11692
v 2.37781 0.361672 -3.04545
v 2.13113 0.480435 -3.15579
v 2.19478 0.273704 -3.11692
v -3.97766 -0.253751 -1.31218
v -4.17576 -0.298001 -1.36956
v -4.07503 -0.397336 -1.46574
v -3.97766 -0.253751 -1.31218
v -4.17576 -0.298001 -1.36956
v -4.00586 -0.17264 -1.1602
v -3.97766 -0.253751 -1.31218
v -3.82037 -0.168853 -0.80048
v -3.89039 -0.456272 -1.31144
v -3.97766 -0.253751 -1.31218
v -3.82037 -0.168853 -0.80048
v -4.00586 -0.17264 -1.1602
v -3.97766 -0.253751 -1.31218
v -3.89039 -0.456272 -1.31144
v -4.07503 -0.397336 -1.46574
v -4.17576 -0.298001 -1.36956
v -4.07503 -0.397336 -1.46574
v -4.32127 -0.463732 -1.52483
v -4.17576 -0.298001 -1.36956
v -4.32127 -0.463732 -1.52483
v -4.35571 -0.46423 -1.50673
v -4.17576 -0.298001 -1.36956
v -4.2019 -0.223801 -1.22989
v -4.00586 -0.17264 -1.1602
v -4.17576 -0.298001 -1.36956
v -4.2019 -0.223801 -1.22989
v -4.35571 -0.46423 -1.50673
v 4.15317 0.361008 2.52348
v 4.15923 0.484537 2.38856
v 4.27959 0.347566 2.508
v 4.15317 0.361008 2.52348
v 4.15923 0.484537 2.38856
v 4.13108 0.506385 2.51727
v 4.15317 0.361008 2.52348
v 4.24702 0.502735 2.6801
v 4.27959 0.347566 2.508
v 4.15317 0.361008 2.52348
v 4.24702 0.502735 2.6801
v 4.13108 0.506385 2.51727
v 3.82335 -0.0103038 2.58039
v 3.75821 -0.115609 2.64534
v 3.81488 0.00434015 2.40708
v 3.82335 -0.0103038 2.58039
v 3.75821 -0.115609 2.64534
v 3.88707 -0.0637022 2.74086
v 3.82335 -0.0103038 2.58039
v 3.81488 0.00434015 2.40708
v 3.93572 0.0497323 2.40667
v 3.82335 -0.0103038 2.58039
v 3.88372 0.150227 2.58459
v 3.92567 0.167895 2.65785
v 3.82335 -0.0103038 2.58039
v 3.88372 0.150227 2.58459
v 3.93572 0.0497323 2.40667
v 3.82335 -0.0103038 2.58039
v 3.92567 0.167895 2.65785
v 3.88707 -0.0637022 2.74086
v 3.75821 -0.115609 2.64534
v 3.81488 0.00434015 2.40708
v 3.47942 -0.121182 2.41691
v 3.75821 -0.115609 2.64534
v 3.47942 -0.121182 2.41691
v 3.44846 -0.314736 2.57718
v 3.75821 -0.115609 2.64534
v 3.44846 -0.314736 2.57718
v 3.80395 -0.228488 2.7816
v 3.75821 -0.115609 2.64534
v 3.88707 -0.0637022 2.74086
v 3.80395 -0.228488 2.7816
v 3.99074 0.272135 2.64411
v 3.88372 0.150227 2.58459
v 3.92567 0.167895 2.65785
v 3.99074 0.272135 2.64411
v 3.88372 0.150227 2.58459
v 4.01032 0.372887 2.55836
v 3.99074 0.272135 2.64411
v 3.98204 0.128411 2.71313
v 3.92567 0.167895 2.65785
v 3.99074 0.272135 2.64411
v 3.98204 0.128411 2.71313
v 4.08183 0.40621 2.7067
v 3.99074 0.272135 2.64411
v 4.01032 0.372887 2.55836
v 4.08183 0.40621 2.7067
v 4.08299 -1.88959 2.61447
v 4.05831 -1.77671 2.73202
v 4.1033 -1.8024 2.47722
v 4.08299 -1.88959 2.61447
v 4.05831 -1.77671 2.73202
v 4.04667 -1.89119 2.78001
v 4.08299 -1.88959 2.61447
v 4.1033 -1.8024 2.47722
v 4.10318 -1.87877 2.72144
v 4.08299 -1.88959 2.61447
v 4.04667 -1.89119 2.78001
v 4.10318 -1.87877 2.72144
v 4.05831 -1.77671 2.73202
v 4.1033 -1.8024 2.47722
v 4.02486 -1.64676 2.54523
v 4.05831 -1.77671 2.73202
v 4.04667 -1.89119 2.78001
v 4.09321 -1.81927 2.86406
v 4.05831 -1.77671 2.73202
v 4.06199 -1.61704 2.67065
v 4.02486 -1.64676 2.54523
v 4.05831 -1.77671 2.73202
v 4.06199 -1.61704 2.67065
v 4.09321 -1.81927 2.86406
v 4.1033 -1.8024 2.47722
v 4.02486 -1.64676 2.54523
v 4.15217 -1.66366 2.30744
v 4.1033 -1.8024 2.47722
v 4.15217 -1.66366 2.30744
v 4.13675 -1.65861 2.6329
v 4.1033 -1.8024 2.47722
v 4.13675 -1.65861 2.6329
v 4.10318 -1.87877 2.72144
v 4.19423 -1.44713 2.84699
v 4.14785 -1.52469 2.81693
v 4.08934 -1.30804 2.71116
v 4.19423 -1.44713 2.84699
v 4.14785 -1.52469 2.81693
v 4.24408 -1.51993 2.87212
v 4.19423 -1.44713 2.84699
v 4.08934 -1.30804 2.71116
v 4.18186 -1.25333 2.75315
v 4.19423 -1.44713 2.84699
v 4.18186 -1.25333 2.75315
v 4.24408 -1.51993 2.87212
v 5.87863 -0.310368 1.42514
v 5.85775 -0.201892 1.43569
v 5.7522 -0.225444 1.39545
v 5.87863 -0.310368 1.42514
v 5.85775 -0.201892 1.43569
v 5.93849 -0.271964 1.4842
v 5.87863 -0.310368 1.42514
v 5.7522 -0.225444 1.39545
v 5.83571 -0.341913 1.34535
v 5.87863 -0.310368 1.42514
v 5.93849 -0.271964 1.4842
v 5.94604 -0.340151 1.50345
v 5.87863 -0.310368 1.42514
v 5.81847 -0.439572 1.36002
v 5.94604 -0.340151 1.50345
v 5.87863 -0.310368 1.42514
v 5.81847 -0.439572 1.36002
v 5.83571 -0.341913 1.34535
v 5.87863 -0.566952 1.42514
v 5.9416 -0.520113 1.50188
v 5.85917 -0.546533 1.37945
v 5.87863 -0.566952 1.42514
v 5.9416 -0.520113 1.50188
v 5.93584 -0.601254 1.47773
v 5.87863 -0.566952 1.42514
v 5.74863 -0.653064 1.39383
v 5.73781 -0.643888 1.35016
v 5.87863 -0.566952 1.42514
v 5.74863 -0.653064 1.39383
v 5.93584 -0.601254 1.47773
v 5.87863 -0.566952 1.42514
v 5.73781 -0.643888 1.35016
v 5.85917 -0.546533 1.37945
v 2.74399 -1.15694 0.308808
v 2.89247 -0.970434 0.230565
v 2.79222 -1.15068 0.464079
v 2.74399 -1.15694 0.308808
v 2.89247 -0.970434 0.230565
v 2.70873 -1.10564 -0.0187818
v 2.74399 -1.15694 0.308808
v 2.62774 -1.37666 0.196254
v 2.79222 -1.15068 0.464079
v 2.74399 -1.15694 0.308808
v 2.62774 -1.37666 0.196254
v 2.61915 -1.37864 0.00564741
v 2.74399 -1.15694 0.308808
v 2.70873 -1.10564 -0.0187818
v 2.61915 -1.37864 0.00564741
v 4.49619 -1.01815 1.46323
v 4.26266 -0.869182 1.33286
v 4.80537 -0.955925 1.44506
v 4.49619 -1.01815 1.46323
v 4.26266 -0.869182 1.33286
v 4.35931 -1.05621 1.57062
v 4.49619 -1.01815 1.46323
v 4.55072 -1.07857 1.59456
v 4.80537 -0.955925 1.44506
v 4.49619 -1.01815 1.46323
v 4.55072 -1.07857 1.59456
v 4.35931 -1.05621 1.57062
v 4.30541 -0.978067 2.49791
v 4.31479 -0.97931 2.58082
v 4.26732 -1.0536 2.56065
v 4.30541 -0.978067 2.49791
v 4.31479 -0.97931 2.58082
v 4.38746 -0.917197 2.62117
v 4.30541 -0.978067 2.49791
v 4.27805 -0.976011 2.41532
v 4.35276 -1.23925 2.54592
v 4.30541 -0.978067 2.49791
v 4.27805 -0.976011 2.41532
v 4.33941 -1.03367 2.31276
v 4.30541 -0.978067 2.49791
v 4.26732 -1.0536 2.56065
v 4.35276 -1.23925 2.54592
v 4.30541 -0.978067 2.49791
v 4.38746 -0.917197 2.62117
v 4.45197 -1.00142 2.46194
v 4.30541 -0.978067 2.49791
v 4.45197 -1.00142 2.46194
v 4.33941 -1.03367 2.31276
v 4.31479 -0.97931 2.58082
v 4.29677 -0.967456 2.69908
v 4.27489 -1.11773 2.65869
v 4.31479 -0.97931 2.58082
v 4.29677 -0.967456 2.69908
v 4.38746 -0.917197 2.62117
v 4.31479 -0.97931 2.58082
v 4.27489 -1.11773 2.65869
v 4.26732 -1.0536 2.56065
v 4.47432 -0.800007 2.85709
v 4.47235 -0.882424 2.76379
v 4.58471 -0.682307 2.83012
v 4.47432 -0.800007 2.85709
v 4.47235 -0.882424 2.76379
v 4.43212 -1.02756 2.80828
v 4.47432 -0.800007 2.85709
v 4.58471 -0.682307 2.83012
v 4.35512 -0.773454 2.98983
v 4.47432 -0.800007 2.85709
v 4.43531 -0.921976 2.93342
v 4.35512 -0.773454 2.98983
v 4.47432 -0.800007 2.85709
v 4.43531 -0.921976 2.93342
v 4.43212 -1.02756 2.80828
v 5.09615 0.336069 3.19838
v 4.87737 0.458306 3.05132
v 4.83133 0.387417 3.01711
v 5.09615 0.336069 3.19838
v 4.87737 0.458306 3.05132
v 4.82087 0.518409 3.14697
v 5.09615 0.336069 3.19838
v 4.83133 0.387417 3.01711
v 4.83262 0.345293 3.08764
v 5.09615 0.336069 3.19838
v 4.82087 0.518409 3.14697
v 4.65703 0.507826 3.19154
v 5.09615 0.336069 3.19838
v 4.69093 0.41379 3.18659
v 4.65703 0.507826 3.19154
v 5.09615 0.336069 3.19838
v 4.69093 0.41379 3.18659
v 4.83262 0.345293 3.08764
v -2.8225 -1.55964 -2.74789
v -3.03125 -1.54501 -2.65728
v -2.88863 -1.64959 -2.76164
v -2.8225 -1.55964 -2.74789
v -3.03125 -1.54501 -2.65728
v -2.92852 -1.53535 -2.62097
v -2.8225 -1.55964 -2.74789
v -2.88863 -1.64959 -2.76164
v -2.8367 -1.65331 -2.8345
v -2.8225 -1.55964 -2.74789
v -2.89848 -1.4327 -2.60603
v -2.75611 -1.46403 -2.80829
v -2.8225 -1.55964 -2.74789
v -2.89848 -1.4327 -2.60603
v -2.92852 -1.53535 -2.62097
v -2.8225 -1.55964 -2.74789
v -2.8367 -1.65331 -2.8345
v -2.75611 -1.46403 -2.80829
v -3.03125 -1.54501 -2.65728
v -2.88863 -1.64959 -2.76164
v -3.1502 -1.57482 -2.68752
v -3.03125 -1.54501 -2.65728
v -3.10711 -1.53089 -2.50916
v -3.19192 -1.5713 -2.54083
v -3.03125 -1.54501 -2.65728
v -3.10711 -1.53089 -2.50916
v -2.92852 -1.53535 -2.62097
v -3.03125 -1.54501 -2.65728
v -3.1502 -1.57482 -2.68752
v -3.19192 -1.5713 -2.54083
v -3.32033 0.62525 -2.38885
v -3.26181 0.64956 -2.38241
v -3.17924 0.621606 -2.13103
v -3.32033 0.62525 -2.38885
v -3.26181 0.64956 -2.38241
v -3.18465 0.69697 -2.53489
v -3.32033 0.62525 -2.38885
v -3.3473 0.516551 -2.13497
v -3.33648 0.540523 -2.50537
v -3.32033 0.62525 -2.38885
v -3.3473 0.516551 -2.13497
v -3.17924 0.621606 -2.13103
v -3.32033 0.62525 -2.38885
v -3.33648 0.540523 -2.50537
v -3.30152 0.685149 -2.59023
v -3.32033 0.62525 -2.38885
v -3.30152 0.685149 -2.59023
v -3.18465 0.69697 -2.53489
v -3.358 -1.41428 -1.37314
v -3.49052 -1.34176 -1.32176
v -3.322 -1.32592 -0.93846
v -3.358 -1.41428 -1.37314
v -3.49052 -1.34176 -1.32176
v -3.45109 -1.37541 -1.63473
v -3.358 -1.41428 -1.37314
v -3.23261 -1.52649 -1.39564
v -3.196 -1.51271 -1.6849
v -3.358 -1.41428 -1.37314
v -3.23261 -1.52649 -1.39564
v -3.18697 -1.40121 -0.947824
v -3.358 -1.41428 -1.37314
v -3.196 -1.51271 -1.6849
v -3.45109 -1.37541 -1.63473
v -3.358 -1.41428 -1.37314
v -3.322 -1.32592 -0.93846
v -3.18697 -1.40121 -0.947824
v -2.60328 -0.949298 -1.73814
v -2.6292 -0.874887 -1.70032
v -2.69289 -0.926034 -1.68834
v -2.60328 -0.949298 -1.73814
v -2.6292 -0.874887 -1.70032
v -2.55005 -0.902902 -1.69806
v -2.60328 -0.949298 -1.73814
v -2.5833 -1.01628 -1.65053
v -2.68444 -0.994231 -1.6621
v -2.60328 -0.949298 -1.73814
v -2.5833 -1.01628 -1.65053
v -2.53028 -0.989613 -1.667
v -2.60328 -0.949298 -1.73814
v -2.68444 -0.994231 -1.6621
v -2.69289 -0.926034 -1.68834
v -2.60328 -0.949298 -1.73814
v -2.53028 -0.989613 -1.667
v -2.51874 -0.941577 -1.68724
v -2.60328 -0.949298 -1.73814
v -2.51874 -0.941577 -1.68724
v -2.55005 -0.902902 -1.69806
v -2.26705 -1.10077 -1.31524
v -2.46678 -1.00912 -1.41902
v -2.54924 -1.04606 -1.39434
v -2.26705 -1.10077 -1.31524
v -2.46678 -1.00912 -1.41902
v -2.43212 -0.936411 -1.4421
v -2.26705 -1.10077 -1.31524
v -2.17655 -0.884442 -1.43516
v -2.12637 -0.941555 -1.42784
v -2.26705 -1.10077 -1.31524
v -2.17655 -0.884442 -1.43516
v -2.43212 -0.936411 -1.4421
v -2.26705 -1.10077 -1.31524
v -2.12637 -0.941555 -1.42784
v -2.0295 -0.995578 -1.37809
v -2.26705 -1.10077 -1.31524
v -2.54924 -1.04606 -1.39434
v -2.36674 -1.32475 -1.11535
v -2.26705 -1.10077 -1.31524
v -2.0295 -0.995578 -1.37809
v -2.36674 -1.32475 -1.11535
v -3.17782 -1.48624 -1.84051
v -3.1625 -1.49707 -2.11772
v -3.39411 -1.38879 -1.83891
v -3.17782 -1.48624 -1.84051
v -3.1625 -1.49707 -2.11772
v -3.08014 -1.47663 -1.84865
v -3.17782 -1.48624 -1.84051
v -3.196 -1.51271 -1.6849
v -3.45109 -1.37541 -1.63473
v -3.17782 -1.48624 -1.84051
v -3.196 -1.51271 -1.6849
v -3.08014 -1.47663 -1.84865
v -3.17782 -1.48624 -1.84051
v -3.39411 -1.38879 -1.83891
v -3.45109 -1.37541 -1.63473
v -3.1625 -1.49707 -2.11772
v -3.05327 -1.48167 -2.32624
v -3.18695 -1.47811 -2.34539
v -3.1625 -1.49707 -2.11772
v -3.05327 -1.48167 -2.32624
v -3.08014 -1.47663 -1.84865
v -3.1625 -1.49707 -2.11772
v -3.39411 -1.38879 -1.83891
v -3.24943 -1.46621 -2.16431
v -3.1625 -1.49707 -2.11772
v -3.18695 -1.47811 -2.34539
v -3.24943 -1.46621 -2.16431
v -2.03365 0.83898 -0.0873521
v -1.83786 0.85719 -0.102211
v -2.05523 0.59472 -0.431749
v -2.03365 0.83898 -0.0873521
v -1.83786 0.85719 -0.102211
v -1.88315 0.939387 0.177807
v -2.03365 0.83898 -0.0873521
v -2.28503 0.684414 -0.491628
v -2.33745 0.82428 -0.293421
v -2.03365 0.83898 -0.0873521
v -2.28503 0.684414 -0.491628
v -2.05523 0.59472 -0.431749
v -2.03365 0.83898 -0.0873521
v -2.33745 0.82428 -0.293421
v -1.88315 0.939387 0.177807
v -2.93766 0.78075 -0.56409
v -2.71675 0.757585 -0.741741
v -3.0214 0.662862 -0.92192
v -2.93766 0.78075 -0.56409
v -2.71675 0.757585 -0.741741
v -2.89283 0.85487 -0.103366
v -2.93766 0.78075 -0.56409
v -3.2718 0.482578 -0.716451
v -3.0214 0.662862 -0.92192
v -2.93766 0.78075 -0.56409
v -3.2718 0.482578 -0.716451
v -2.89283 0.85487 -0.103366
v -0.953236 0.46052 -1.10728
v -0.535144 0.481896 -1.17732
v -0.531408 0.836135 -0.994935
v -0.953236 0.46052 -1.10728
v -0.535144 0.481896 -1.17732
v -0.5656 0.375806 -1.34569
v -0.953236 0.46052 -1.10728
v -1.09117 0.288582 -1.26846
v -0.993433 0.320988 -1.33594
v -0.953236 0.46052 -1.10728
v -1.09117 0.288582 -1.26846
v -1.21401 0.320793 -1.18056
v -0.953236 0.46052 -1.10728
v -0.993433 0.320988 -1.33594
v -0.5656 0.375806 -1.34569
v -0.953236 0.46052 -1.10728
v -0.998289 0.900335 -0.90855
v -0.531408 0.836135 -0.994935
v -0.953236 0.46052 -1.10728
v -0.998289 0.900335 -0.90855
v -1.4562 0.478817 -0.861727
v -0.953236 0.46052 -1.10728
v -1.21401 0.320793 -1.18056
v -1.4562 0.478817 -0.861727
v -1.55223 -1.17437 -1.11642
v -1.45666 -1.3329 -0.85687
v -1.68276 -1.30409 -0.974429
v -1.55223 -1.17437 -1.11642
v -1.45666 -1.3329 -0.85687
v -1.24513 -1.33739 -0.983593
v -1.55223 -1.17437 -1.11642
v -1.60162 -1.04427 -1.15466
v -1.65976 -1.22684 -1.1057
v -1.55223 -1.17437 -1.11642
v -1.60162 -1.04427 -1.15466
v -1.41012 -1.05249 -1.24744
v -1.55223 -1.17437 -1.11642
v -1.65976 -1.22684 -1.1057
v -1.68276 -1.30409 -0.974429
v -1.55223 -1.17437 -1.11642
v -1.37619 -1.15761 -1.22333
v -1.41012 -1.05249 -1.24744
v -1.55223 -1.17437 -1.11642
v -1.37619 -1.15761 -1.22333
v -1.24513 -1.33739 -0.983593
v -1.45666 -1.3329 -0.85687
v -1.7823 -1.38204 -0.58192
v -1.75757 -1.51449 -0.506677
v -1.45666 -1.3329 -0.85687
v -1.7823 -1.38204 -0.58192
v -1.68276 -1.30409 -0.974429
v -1.45666 -1.3329 -0.85687
v -1.75757 -1.51449 -0.506677
v -1.40766 -1.55159 -0.79737
v -1.45666 -1.3329 -0.85687
v -1.40766 -1.55159 -0.79737
v -1.24513 -1.33739 -0.983593
v -1.60162 0.166947 -1.15466
v -1.5762 -0.0805139 -1.25766
v -1.74779 0.16768 -1.22895
v -1.60162 0.166947 -1.15466
v -1.5762 -0.0805139 -1.25766
v -1.43023 -0.0365979 -1.26361
v -1.60162 0.166947 -1.15466
v -1.55223 0.297048 -1.11642
v -1.41383 0.178015 -1.24518
v -1.60162 0.166947 -1.15466
v -1.55223 0.297048 -1.11642
v -1.68897 0.365649 -1.09588
v -1.60162 0.166947 -1.15466
v -1.74779 0.16768 -1.22895
v -1.77893 0.337794 -1.11154
v -1.60162 0.166947 -1.15466
v -1.77893 0.337794 -1.11154
v -1.68897 0.365649 -1.09588
v -1.60162 0.166947 -1.15466
v -1.41383 0.178015 -1.24518
v -1.43023 -0.0365979 -1.26361
v -1.5762 -0.0805139 -1.25766
v -1.74779 0.16768 -1.22895
v -1.8693 -0.0283414 -1.37562
v -1.5762 -0.0805139 -1.25766
v -1.43023 -0.0365979 -1.26361
v -1.41464 -0.817846 -1.27635
v -1.5762 -0.0805139 -1.25766
v -1.41464 -0.817846 -1.27635
v -1.58924 -0.772778 -1.26449
v -1.5762 -0.0805139 -1.25766
v -1.58924 -0.772778 -1.26449
v -1.8693 -0.0283414 -1.37562
v -2.03341 0.52556 -0.47137
v -1.7823 0.504721 -0.58192
v -1.76361 0.631912 -0.50514
v -2.03341 0.52556 -0.47137
v -1.7823 0.504721 -0.58192
v -2.11587 0.527561 -0.845045
v -2.03341 0.52556 -0.47137
v -2.30666 0.522578 -0.67832
v -2.11587 0.527561 -0.845045
v -2.03341 0.52556 -0.47137
v -2.30666 0.522578 -0.67832
v -2.05523 0.59472 -0.431749
v -2.03341 0.52556 -0.47137
v -1.76361 0.631912 -0.50514
v -2.05523 0.59472 -0.431749
v -1.7823 0.504721 -0.58192
v -1.45666 0.45558 -0.85687
v -1.73725 0.46778 -0.837832
v -1.7823 0.504721 -0.58192
v -1.45666 0.45558 -0.85687
v -1.4562 0.478817 -0.861727
v -1.7823 0.504721 -0.58192
v -1.73725 0.46778 -0.837832
v -2.11587 0.527561 -0.845045
v -1.7823 0.504721 -0.58192
v -1.76361 0.631912 -0.50514
v -1.4562 0.478817 -0.861727
v 4.27805 0.0986912 2.41532
v 4.24522 0.333981 2.44719
v 4.23234 0.0957022 2.34174
v 4.27805 0.0986912 2.41532
v 4.24522 0.333981 2.44719
v 4.35453 0.350922 2.5125
v 4.27805 0.0986912 2.41532
v 4.23234 0.0957022 2.34174
v 4.33856 0.161492 2.30123
v 4.27805 0.0986912 2.41532
v 4.26732 0.17628 2.56065
v 4.30851 0.100508 2.50332
v 4.27805 0.0986912 2.41532
v 4.26732 0.17628 2.56065
v 4.35453 0.350922 2.5125
v 4.27805 0.0986912 2.41532
v 4.30851 0.100508 2.50332
v 4.33856 0.161492 2.30123
v 4.24522 0.333981 2.44719
v 4.09411 0.139775 2.32794
v 4.1503 0.478386 2.25923
v 4.24522 0.333981 2.44719
v 4.09411 0.139775 2.32794
v 4.23234 0.0957022 2.34174
v 4.24522 0.333981 2.44719
v 4.1503 0.478386 2.25923
v 4.15923 0.484537 2.38856
v 4.24522 0.333981 2.44719
v 4.15923 0.484537 2.38856
v 4.27959 0.347566 2.508
v 4.24522 0.333981 2.44719
v 4.35453 0.350922 2.5125
v 4.27959 0.347566 2.508
v -2.52472 -1.6002 -3.12295
v -2.58358 -1.71726 -3.07561
v -2.64676 -1.55622 -2.97063
v -2.52472 -1.6002 -3.12295
v -2.58358 -1.71726 -3.07561
v -2.82675 -1.49649 -3.20637
v -2.52472 -1.6002 -3.12295
v -2.66896 -1.38229 -2.95885
v -2.59351 -1.38111 -3.09749
v -2.52472 -1.6002 -3.12295
v -2.66896 -1.38229 -2.95885
v -2.64676 -1.55622 -2.97063
v -2.52472 -1.6002 -3.12295
v -2.59351 -1.38111 -3.09749
v -2.78461 -1.2971 -3.16798
v -2.52472 -1.6002 -3.12295
v -2.78461 -1.2971 -3.16798
v -2.82675 -1.49649 -3.20637
v -2.58358 -1.71726 -3.07561
v -2.7366 -1.70824 -2.95619
v -2.63155 -1.77604 -3.12123
v -2.58358 -1.71726 -3.07561
v -2.7366 -1.70824 -2.95619
v -2.64676 -1.55622 -2.97063
v -2.58358 -1.71726 -3.07561
v -2.63155 -1.77604 -3.12123
v -2.82675 -1.49649 -3.20637
v -3.67645 -0.516234 -0.112657
v -3.74063 -0.524138 -0.119516
v -3.72947 -0.535606 -0.430711
v -3.67645 -0.516234 -0.112657
v -3.74063 -0.524138 -0.119516
v -3.67804 -0.484761 0.28366
v -3.67645 -0.516234 -0.112657
v -3.56939 -0.402767 -0.322984
v -3.64287 -0.498793 -0.804745
v -3.67645 -0.516234 -0.112657
v -3.56939 -0.402767 -0.322984
v -3.67804 -0.484761 0.28366
v -3.67645 -0.516234 -0.112657
v -3.72947 -0.535606 -0.430711
v -3.69789 -0.537453 -0.513295
v -3.67645 -0.516234 -0.112657
v -3.72947 -0.535606 -0.430711
v -3.69978 -0.527324 -0.321241
v -3.67645 -0.516234 -0.112657
v -3.69789 -0.537453 -0.513295
v -3.69978 -0.527324 -0.321241
v -3.67645 -0.516234 -0.112657
v -3.69789 -0.537453 -0.513295
v -3.64287 -0.498793 -0.804745
v -3.74063 -0.524138 -0.119516
v -3.72947 -0.535606 -0.430711
v -3.79628 -0.4961 -0.0772515
v -3.74063 -0.524138 -0.119516
v -3.79628 -0.4961 -0.0772515
v -3.67804 -0.484761 0.28366
v 0.243473 -1.25865 1.57274
v 0.316341 -1.52492 1.22397
v 0.939271 -1.62453 0.818646
v 0.243473 -1.25865 1.57274
v 0.316341 -1.52492 1.22397
v -0.253377 -1.00997 1.906
v 0.243473 -1.25865 1.57274
v 0.939271 -1.62453 0.818646
v 0.624713 -1.21105 1.54878
v 0.243473 -1.25865 1.57274
v -0.253377 -1.00997 1.906
v 0.624713 -1.21105 1.54878
v 0.316341 -1.52492 1.22397
v 0.939271 -1.62453 0.818646
v 0.918721 -1.67641 0.612203
v 0.316341 -1.52492 1.22397
v 0.539252 -1.69315 0.792644
v -0.406155 -1.40975 1.44375
v 0.316341 -1.52492 1.22397
v 0.539252 -1.69315 0.792644
v 0.918721 -1.67641 0.612203
v 0.316341 -1.52492 1.22397
v -0.406155 -1.40975 1.44375
v -0.253377 -1.00997 1.906
v 2.0817 -1.69812 0.721909
v 2.49535 -1.57074 0.689182
v 2.44924 -1.43278 1.0512
v 2.0817 -1.69812 0.721909
v 2.49535 -1.57074 0.689182
v 2.16005 -1.72526 0.341257
v 2.0817 -1.69812 0.721909
v 2.44924 -1.43278 1.0512
v 1.9327 -1.37509 1.44927
v 2.0817 -1.69812 0.721909
v 1.67841 -1.64863 0.712287
v 1.9327 -1.37509 1.44927
v 2.0817 -1.69812 0.721909
v 1.67841 -1.64863 0.712287
v 2.16005 -1.72526 0.341257
v 4.18988 -0.437797 3.04558
v 4.19447 -0.651837 3.02587
v 4.08708 -0.23698 3.01572
v 4.18988 -0.437797 3.04558
v 4.19447 -0.651837 3.02587
v 4.35098 -0.179046 3.02471
v 4.18988 -0.437797 3.04558
v 4.19925 -0.252976 3.02443
v 4.08708 -0.23698 3.01572
v 4.18988 -0.437797 3.04558
v 4.19925 -0.252976 3.02443
v 4.35098 -0.179046 3.02471
v -0.535144 0.481896 -1.17732
v -0.063012 0.426422 -1.14436
v -0.07847 0.36157 -1.24961
v -0.535144 0.481896 -1.17732
v -0.063012 0.426422 -1.14436
v -0.0882667 0.774204 -0.935062
v -0.535144 0.481896 -1.17732
v -0.07847 0.36157 -1.24961
v -0.5656 0.375806 -1.34569
v -0.535144 0.481896 -1.17732
v -0.531408 0.836135 -0.994935
v -0.0882667 0.774204 -0.935062
v 1.47389 0.360916 -1.38029
v 1.45183 0.264098 -1.1382
v 1.59675 0.245995 -1.28337
v 1.47389 0.360916 -1.38029
v 1.45183 0.264098 -1.1382
v 1.4912 0.506307 -1.27158
v 1.47389 0.360916 -1.38029
v 1.59675 0.245995 -1.28337
v 1.65267 0.251857 -1.69942
v 1.47389 0.360916 -1.38029
v 1.54409 0.347772 -1.64206
v 1.65267 0.251857 -1.69942
v 1.47389 0.360916 -1.38029
v 1.54409 0.347772 -1.64206
v 1.4912 0.506307 -1.27158
v 1.45183 0.264098 -1.1382
v 1.59675 0.245995 -1.28337
v 1.61447 0.174433 -1.15711
v 1.45183 0.264098 -1.1382
v 1.21055 0.138181 -1.0214
v 1.19204 0.240047 -0.89195
v 1.45183 0.264098 -1.1382
v 1.21055 0.138181 -1.0214
v 1.61447 0.174433 -1.15711
v 1.45183 0.264098 -1.1382
v 1.19204 0.240047 -0.89195
v 1.34229 0.370525 -0.879729
v 1.45183 0.264098 -1.1382
v 1.4912 0.506307 -1.27158
v 1.4871 0.610329 -0.994494
v 1.45183 0.264098 -1.1382
v 1.34229 0.370525 -0.879729
v 1.4871 0.610329 -0.994494
v 1.59675 0.245995 -1.28337
v 1.74032 0.225438 -1.24117
v 1.65267 0.251857 -1.69942
v 1.59675 0.245995 -1.28337
v 1.74032 0.225438 -1.24117
v 1.61447 0.174433 -1.15711
v 2.17004 0.540206 -2.69584
v 2.21737 0.450267 -2.71743
v 2.09154 0.508369 -2.59378
v 2.17004 0.540206 -2.69584
v 2.21737 0.450267 -2.71743
v 2.16283 0.63283 -2.78592
v 2.17004 0.540206 -2.69584
v 2.11003 0.63016 -2.7096
v 1.98062 0.525577 -2.60524
v 2.17004 0.540206 -2.69584
v 2.11003 0.63016 -2.7096
v 2.16283 0.63283 -2.78592
v 2.17004 0.540206 -2.69584
v 2.09154 0.508369 -2.59378
v 1.98062 0.525577 -2.60524
v 2.21737 0.450267 -2.71743
v 2.09154 0.508369 -2.59378
v 2.10157 0.413947 -2.55411
v 2.21737 0.450267 -2.71743
v 2.10157 0.413947 -2.55411
v 2.21521 0.373665 -2.771
v 2.21737 0.450267 -2.71743
v 2.24396 0.458772 -2.79341
v 2.16283 0.63283 -2.78592
v 2.21737 0.450267 -2.71743
v 2.24396 0.458772 -2.79341
v 2.21521 0.373665 -2.771
v -3.27808 0.415298 1.87108
v -3.02893 0.502664 1.90018
v -3.39293 0.133259 2.1551
v -3.27808 0.415298 1.87108
v -3.02893 0.502664 1.90018
v -2.86812 0.736697 1.44017
v -3.27808 0.415298 1.87108
v -3.32233 0.45329 1.39811
v -3.65601 0.138889 1.60488
v -3.27808 0.415298 1.87108
v -3.32233 0.45329 1.39811
v -2.86812 0.736697 1.44017
v -3.27808 0.415298 1.87108
v -3.39293 0.133259 2.1551
v -3.65601 0.138889 1.60488
v -3.59908 -0.43866 1.23488
v -3.57608 -0.720686 1.26603
v -3.62325 -0.441772 1.36222
v -3.59908 -0.43866 1.23488
v -3.57608 -0.720686 1.26603
v -3.53608 -0.464667 0.835413
v -3.59908 -0.43866 1.23488
v -3.62325 -0.441772 1.36222
v -3.66429 -0.0618505 1.36236
v -3.59908 -0.43866 1.23488
v -3.57161 -0.166253 1.25842
v -3.53608 -0.464667 0.835413
v -3.59908 -0.43866 1.23488
v -3.57161 -0.166253 1.25842
v -3.66429 -0.0618505 1.36236
v -0.07847 -1.23889 -1.24961
v -0.063012 -1.30374 -1.14436
v 0.489819 -1.11105 -1.08629
v -0.07847 -1.23889 -1.24961
v -0.063012 -1.30374 -1.14436
v -0.549855 -1.25538 -1.34092
v -0.07847 -1.23889 -1.24961
v 0.489819 -1.11105 -1.08629
v -0.0295085 -0.712652 -1.37164
v -0.07847 -1.23889 -1.24961
v -0.549855 -1.25538 -1.34092
v -0.0295085 -0.712652 -1.37164
v -3.33874 -1.1283 2.03759
v -3.52717 -0.951339 2.02217
v -3.39538 -0.99343 2.16499
v -3.33874 -1.1283 2.03759
v -3.52717 -0.951339 2.02217
v -3.49946 -1.10824 1.7961
v -3.33874 -1.1283 2.03759
v -3.08565 -1.22314 2.096
v -3.10905 -1.00398 2.22814
v -3.33874 -1.1283 2.03759
v -3.08565 -1.22314 2.096
v -3.28308 -1.28856 1.86209
v -3.33874 -1.1283 2.03759
v -3.39538 -0.99343 2.16499
v -3.10905 -1.00398 2.22814
v -3.33874 -1.1283 2.03759
v -3.49946 -1.10824 1.7961
v -3.28308 -1.28856 1.86209
v -3.52717 -0.951339 2.02217
v -3.51972 -0.75579 2.12389
v -3.39538 -0.99343 2.16499
v -3.52717 -0.951339 2.02217
v -3.51972 -0.75579 2.12389
v -3.73499 -0.733862 2.02809
v -3.52717 -0.951339 2.02217
v -3.73499 -0.733862 2.02809
v -3.69209 -0.904885 1.86317
v -3.52717 -0.951339 2.02217
v -3.49946 -1.10824 1.7961
v -3.69209 -0.904885 1.86317
v -4.22916 -0.55022 -1.03443
v -4.22764 -0.508554 -0.78924
v -4.33383 -0.495598 -1.10959
v -4.22916 -0.55022 -1.03443
v -4.22764 -0.508554 -0.78924
v -4.04309 -0.556226 -0.505552
v -4.22916 -0.55022 -1.03443
v -4.33383 -0.495598 -1.10959
v -4.42412 -0.569499 -1.39308
v -4.22916 -0.55022 -1.03443
v -4.42412 -0.569499 -1.39308
v -4.30091 -0.592405 -1.29683
v -4.22916 -0.55022 -1.03443
v -4.30091 -0.592405 -1.29683
v -4.04309 -0.556226 -0.505552
v 5.21882 -0.637966 2.24221
v 5.1068 -0.783076 2.30415
v 5.05402 -0.893344 2.13386
v 5.21882 -0.637966 2.24221
v 5.1068 -0.783076 2.30415
v 5.10544 -0.649643 2.42273
v 5.21882 -0.637966 2.24221
v 5.05402 -0.893344 2.13386
v 5.25064 -0.808307 1.82868
v 5.21882 -0.637966 2.24221
v 5.25064 -0.808307 1.82868
v 5.49786 -0.650753 1.94678
v 5.21882 -0.637966 2.24221
v 5.49786 -0.650753 1.94678
v 5.35847 -0.525698 2.21705
v 5.21882 -0.637966 2.24221
v 5.10544 -0.649643 2.42273
v 5.16636 -0.364718 2.38554
v 5.21882 -0.637966 2.24221
v 5.35847 -0.525698 2.21705
v 5.16636 -0.364718 2.38554
v 5.95946 -0.251563 1.59589
v 5.99809 -0.331326 1.67053
v 5.8959 -0.273955 1.62139
v 5.95946 -0.251563 1.59589
v 5.99809 -0.331326 1.67053
v 5.94604 -0.340151 1.50345
v 5.95946 -0.251563 1.59589
v 5.8959 -0.273955 1.62139
v 5.90865 -0.184629 1.55537
v 5.95946 -0.251563 1.59589
v 5.90865 -0.184629 1.55537
v 5.93849 -0.271964 1.4842
v 5.95946 -0.251563 1.59589
v 5.93849 -0.271964 1.4842
v 5.94604 -0.340151 1.50345
v 4.04667 -1.89119 2.78001
v 4.14893 -1.81554 2.82739
v 4.09321 -1.81927 2.86406
v 4.04667 -1.89119 2.78001
v 4.14893 -1.81554 2.82739
v 4.10318 -1.87877 2.72144
v 4.13195 -1.36052 2.48942
v 4.13675 -1.65861 2.6329
v 4.14938 -1.3819 2.38085
v 4.13195 -1.36052 2.48942
v 4.13675 -1.65861 2.6329
v 4.1609 -1.23548 2.53284
v 4.13195 -1.36052 2.48942
v 4.14938 -1.3819 2.38085
v 4.283 -1.22383 2.48187
v 4.13195 -1.36052 2.48942
v 4.283 -1.22383 2.48187
v 4.1609 -1.23548 2.53284
v 5.80342 -0.648662 1.69945
v 5.93147 -0.654273 1.67214
v 5.85251 -0.619058 1.63589
v 5.80342 -0.648662 1.69945
v 5.93147 -0.654273 1.67214
v 5.79202 -0.720296 1.78038
v 5.80342 -0.648662 1.69945
v 5.76252 -0.760073 1.68677
v 5.85251 -0.619058 1.63589
v 5.80342 -0.648662 1.69945
v 5.76252 -0.760073 1.68677
v 5.79202 -0.720296 1.78038
v 4.35494 -1.21751 2.50282
v 4.23234 -0.973022 2.34174
v 4.27805 -0.976011 2.41532
v 4.35494 -1.21751 2.50282
v 4.23234 -0.973022 2.34174
v 4.283 -1.22383 2.48187
v 4.35494 -1.21751 2.50282
v 4.27805 -0.976011 2.41532
v 4.35276 -1.23925 2.54592
v 4.35494 -1.21751 2.50282
v 4.35276 -1.23925 2.54592
v 4.283 -1.22383 2.48187
v 4.23234 -0.973022 2.34174
v 4.27805 -0.976011 2.41532
v 4.33941 -1.03367 2.31276
v 4.23234 -0.973022 2.34174
v 4.09411 -1.01709 2.32794
v 4.14888 -1.01242 2.19858
v 4.23234 -0.973022 2.34174
v 4.09411 -1.01709 2.32794
v 4.283 -1.22383 2.48187
v 4.23234 -0.973022 2.34174
v 4.14888 -1.01242 2.19858
v 4.22871 -1.02293 2.18819
v 4.23234 -0.973022 2.34174
v 4.22871 -1.02293 2.18819
v 4.33941 -1.03367 2.31276
v -3.39281 -0.43866 2.20802
v -3.41337 -0.296351 2.31026
v -3.35851 -0.0585648 2.24891
v -3.39281 -0.43866 2.20802
v -3.41337 -0.296351 2.31026
v -3.36993 -0.327263 2.24238
v -3.39281 -0.43866 2.20802
v -3.35851 -0.0585648 2.24891
v -3.51972 -0.12153 2.12389
v -3.39281 -0.43866 2.20802
v -3.35851 -0.818755 2.24891
v -3.41337 -0.580969 2.31026
v -3.39281 -0.43866 2.20802
v -3.35851 -0.818755 2.24891
v -3.50769 -0.43866 2.13887
v -3.39281 -0.43866 2.20802
v -3.41337 -0.580969 2.31026
v -3.34827 -0.438575 2.2064
v -3.39281 -0.43866 2.20802
v -3.34827 -0.438575 2.2064
v -3.50769 -0.43866 2.13887
v -3.39281 -0.43866 2.20802
v -3.34827 -0.438575 2.2064
v -3.36993 -0.327263 2.24238
v -3.39281 -0.43866 2.20802
v -3.50769 -0.43866 2.13887
v -3.51972 -0.12153 2.12389
v -3.41337 -0.296351 2.31026
v -3.35851 -0.0585648 2.24891
v -3.07767 -0.221292 2.30977
v -3.41337 -0.296351 2.31026
v -3.07767 -0.221292 2.30977
v -3.24965 -0.334201 2.4293
v -3.41337 -0.296351 2.31026
v -3.24965 -0.334201 2.4293
v -3.46697 -0.336398 2.38261
v -3.41337 -0.296351 2.31026
v -3.46697 -0.336398 2.38261
v -3.65385 -0.307986 2.17724
v -3.41337 -0.296351 2.31026
v -3.65385 -0.307986 2.17724
v -3.36993 -0.327263 2.24238
v -3.35851 -0.0585648 2.24891
v -3.07767 -0.221292 2.30977
v -3.08102 0.091993 2.24605
v -3.35851 -0.0585648 2.24891
v -3.51972 -0.12153 2.12389
v -3.69245 0.018015 1.87957
v -3.35851 -0.0585648 2.24891
v -3.08102 0.091993 2.24605
v -3.39293 0.133259 2.1551
v -3.35851 -0.0585648 2.24891
v -3.39293 0.133259 2.1551
v -3.69245 0.018015 1.87957
v -4.22764 -0.508554 -0.78924
v -4.33383 -0.495598 -1.10959
v -4.21657 -0.457756 -0.668421
v -4.22764 -0.508554 -0.78924
v -4.21657 -0.457756 -0.668421
v -4.04309 -0.556226 -0.505552
v -4.44584 -0.628362 -1.57647
v -4.40536 -0.631638 -1.48278
v -4.38715 -0.484262 -1.52915
v -4.44584 -0.628362 -1.57647
v -4.40536 -0.631638 -1.48278
v -4.30091 -0.592405 -1.29683
v -4.44584 -0.628362 -1.57647
v -4.38715 -0.484262 -1.52915
v -4.42412 -0.569499 -1.39308
v -4.44584 -0.628362 -1.57647
v -4.42412 -0.569499 -1.39308
v -4.30091 -0.592405 -1.29683
v -4.40536 -0.631638 -1.48278
v -4.38715 -0.484262 -1.52915
v -4.29777 -0.616367 -1.45124
v -4.40536 -0.631638 -1.48278
v -4.29777 -0.616367 -1.45124
v -4.30091 -0.592405 -1.29683
v -3.82037 -0.168853 -0.80048
v -3.82849 -0.324565 -1.3479
v -3.89039 -0.456272 -1.31144
v -3.82037 -0.168853 -0.80048
v -3.82849 -0.324565 -1.3479
v -3.68307 -0.323427 -1.15331
v -3.82037 -0.168853 -0.80048
v -3.89039 -0.456272 -1.31144
v -3.68307 -0.323427 -1.15331
v -3.82037 -0.168853 -0.80048
v -3.77771 -0.198165 -0.61275
v -4.0015 -0.153019 -0.93704
v -3.82037 -0.168853 -0.80048
v -3.77771 -0.198165 -0.61275
v -3.58196 -0.334289 -0.97529
v -3.82037 -0.168853 -0.80048
v -4.0015 -0.153019 -0.93704
v -4.00586 -0.17264 -1.1602
v -3.82037 -0.168853 -0.80048
v -3.58196 -0.334289 -0.97529
v -3.68307 -0.323427 -1.15331
v -3.82849 -0.324565 -1.3479
v -3.89039 -0.456272 -1.31144
v -3.68307 -0.323427 -1.15331
v -3.89039 -0.456272 -1.31144
v -4.07503 -0.397336 -1.46574
v -4.10719 -0.558809 -1.39786
v -3.89039 -0.456272 -1.31144
v -3.68307 -0.323427 -1.15331
v -3.77885 -0.546432 -0.997631
v -3.89039 -0.456272 -1.31144
v -4.10719 -0.558809 -1.39786
v -4.03038 -0.5984 -1.16285
v -3.89039 -0.456272 -1.31144
v -3.77885 -0.546432 -0.997631
v -4.03038 -0.5984 -1.16285
v -4.38715 -0.484262 -1.52915
v -4.42412 -0.569499 -1.39308
v -4.26028 -0.297525 -1.03094
v -4.38715 -0.484262 -1.52915
v -4.29777 -0.616367 -1.45124
v -4.35571 -0.46423 -1.50673
v -4.38715 -0.484262 -1.52915
v -4.35571 -0.46423 -1.50673
v -4.26028 -0.297525 -1.03094
v -3.35851 -0.818755 2.24891
v -3.41337 -0.580969 2.31026
v -3.07767 -0.656028 2.30977
v -3.35851 -0.818755 2.24891
v -3.50769 -0.43866 2.13887
v -3.51972 -0.75579 2.12389
v -3.35851 -0.818755 2.24891
v -3.07767 -0.656028 2.30977
v -2.95288 -0.694394 2.32102
v -3.35851 -0.818755 2.24891
v -3.51972 -0.75579 2.12389
v -3.39538 -0.99343 2.16499
v -3.35851 -0.818755 2.24891
v -3.39538 -0.99343 2.16499
v -2.95288 -0.694394 2.32102
v -3.41337 -0.580969 2.31026
v -3.34827 -0.438575 2.2064
v -3.36438 -0.537076 2.23163
v -3.41337 -0.580969 2.31026
v -3.07767 -0.656028 2.30977
v -3.25066 -0.545418 2.42648
v -3.41337 -0.580969 2.31026
v -3.4459 -0.561889 2.36217
v -3.25066 -0.545418 2.42648
v -3.41337 -0.580969 2.31026
v -3.4459 -0.561889 2.36217
v -3.62667 -0.571965 2.20339
v -3.41337 -0.580969 2.31026
v -3.62667 -0.571965 2.20339
v -3.53176 -0.537596 2.1519
v -3.41337 -0.580969 2.31026
v -3.36438 -0.537076 2.23163
v -3.53176 -0.537596 2.1519
v 4.30319 -1.48307 2.78578
v 4.30709 -1.31586 2.80614
v 4.36975 -1.36055 2.73686
v 4.30319 -1.48307 2.78578
v 4.30709 -1.31586 2.80614
v 4.24408 -1.51993 2.87212
v 4.30319 -1.48307 2.78578
v 4.36975 -1.36055 2.73686
v 4.28214 -1.31262 2.62769
v 4.30319 -1.48307 2.78578
v 4.28214 -1.31262 2.62769
v 4.23529 -1.59119 2.80552
v 4.30319 -1.48307 2.78578
v 4.24408 -1.51993 2.87212
v 4.23529 -1.59119 2.80552
v 5.09615 -1.21339 3.19838
v 4.76444 -1.23777 3.12451
v 4.69475 -1.29021 3.18841
v 5.09615 -1.21339 3.19838
v 4.76444 -1.23777 3.12451
v 4.82002 -1.24359 3.02495
v 5.09615 -1.21339 3.19838
v 4.75079 -1.37672 3.1889
v 4.85829 -1.37847 3.15897
v 5.09615 -1.21339 3.19838
v 4.75079 -1.37672 3.1889
v 4.69475 -1.29021 3.18841
v 5.09615 -1.21339 3.19838
v 4.88165 -1.3302 3.04901
v 4.85829 -1.37847 3.15897
v 5.09615 -1.21339 3.19838
v 4.88165 -1.3302 3.04901
v 4.82002 -1.24359 3.02495
v -2.04868 -0.889503 -1.72662
v -2.14439 -0.903149 -1.67875
v -2.12403 -0.845513 -1.69907
v -2.04868 -0.889503 -1.72662
v -2.14439 -0.903149 -1.67875
v -2.1064 -0.945354 -1.67235
v -2.04868 -0.889503 -1.72662
v -2.12403 -0.845513 -1.69907
v -2.06565 -0.80738 -1.68596
v -2.04868 -0.889503 -1.72662
v -2.06565 -0.80738 -1.68596
v -1.95167 -0.85395 -1.66462
v -2.04868 -0.889503 -1.72662
v -2.1064 -0.945354 -1.67235
v -2.04038 -0.98014 -1.63502
v -2.04868 -0.889503 -1.72662
v -2.04038 -0.98014 -1.63502
v -1.9819 -0.936532 -1.64789
v -2.04868 -0.889503 -1.72662
v -1.9819 -0.936532 -1.64789
v -1.95167 -0.85395 -1.66462
v -2.14439 -0.903149 -1.67875
v -2.12403 -0.845513 -1.69907
v -2.14162 -0.908917 -1.58564
v -2.14439 -0.903149 -1.67875
v -2.14162 -0.908917 -1.58564
v -2.1064 -0.945354 -1.67235
v -2.12403 -0.845513 -1.69907
v -2.06565 -0.80738 -1.68596
v -2.12075 -0.849831 -1.60648
v -2.12403 -0.845513 -1.69907
v -2.14162 -0.908917 -1.58564
v -2.12075 -0.849831 -1.60648
v -2.06565 -0.80738 -1.68596
v -2.0609 -0.810739 -1.59304
v -2.12075 -0.849831 -1.60648
v -2.06565 -0.80738 -1.68596
v -2.0609 -0.810739 -1.59304
v -1.95167 -0.85395 -1.66462
v 2.10799 -1.11567 -2.92491
v 2.05922 -1.1136 -2.79142
v 2.22599 -1.25459 -2.78268
v 2.10799 -1.11567 -2.92491
v 2.05922 -1.1136 -2.79142
v 1.93512 -1.1322 -2.96975
v 2.10799 -1.11567 -2.92491
v 2.00274 -1.12676 -3.08476
v 2.20401 -1.15487 -3.1159
v 2.10799 -1.11567 -2.92491
v 2.00274 -1.12676 -3.08476
v 1.93512 -1.1322 -2.96975
v 2.10799 -1.11567 -2.92491
v 2.22599 -1.25459 -2.78268
v 2.38434 -1.23756 -3.02831
v 2.10799 -1.11567 -2.92491
v 2.20401 -1.15487 -3.1159
v 2.38434 -1.23756 -3.02831
v 2.05922 -1.1136 -2.79142
v 1.90048 -1.16728 -2.69327
v 1.93512 -1.1322 -2.96975
v 2.05922 -1.1136 -2.79142
v 1.90048 -1.16728 -2.69327
v 1.9826 -1.15844 -2.5452
v 2.05922 -1.1136 -2.79142
v 2.22599 -1.25459 -2.78268
v 1.9826 -1.15844 -2.5452
v -1.26674 -0.996582 -1.25328
v -1.37619 -1.15761 -1.22333
v -1.41012 -1.05249 -1.24744
v -1.26674 -0.996582 -1.25328
v -1.37619 -1.15761 -1.22333
v -1.20828 -1.17364 -1.1925
v -1.26674 -0.996582 -1.25328
v -1.08168 -1.13489 -1.31876
v -1.00216 -0.890758 -1.363
v -1.26674 -0.996582 -1.25328
v -1.08168 -1.13489 -1.31876
v -1.20828 -1.17364 -1.1925
v -1.26674 -0.996582 -1.25328
v -1.41012 -1.05249 -1.24744
v -1.41464 -0.817846 -1.27635
v -1.26674 -0.996582 -1.25328
v -1.41464 -0.817846 -1.27635
v -1.00216 -0.890758 -1.363
v 2.30936 0.362848 -2.90681
v 2.24396 0.458772 -2.79341
v 2.21521 0.373665 -2.771
v 2.30936 0.362848 -2.90681
v 2.21521 0.373665 -2.771
v 2.09136 0.234345 -2.87693
v 2.30936 0.362848 -2.90681
v 2.09136 0.234345 -2.87693
v 2.19478 0.273704 -3.11692
v 2.02547 0.76618 -3.11818
v 1.91939 0.67221 -3.04842
v 1.98119 0.74187 -3.00262
v 2.02547 0.76618 -3.11818
v 1.91939 0.67221 -3.04842
v 2.13113 0.480435 -3.15579
v 2.02547 0.76618 -3.11818
v 1.98119 0.74187 -3.00262
v 2.13877 0.77607 -2.95902
v 2.02547 0.76618 -3.11818
v 2.25436 0.79646 -3.11227
v 2.13877 0.77607 -2.95902
v 2.02547 0.76618 -3.11818
v 2.25436 0.79646 -3.11227
v 2.13113 0.480435 -3.15579
v 1.91939 0.67221 -3.04842
v 1.98119 0.74187 -3.00262
v 1.85494 0.606048 -2.89167
v 1.91939 0.67221 -3.04842
v 1.9339 0.473778 -3.10759
v 1.85494 0.606048 -2.89167
v 1.91939 0.67221 -3.04842
v 1.9339 0.473778 -3.10759
v 2.13113 0.480435 -3.15579
v 1.98119 0.74187 -3.00262
v 2.13877 0.77607 -2.95902
v 2.01289 0.646884 -2.74244
v 1.98119 0.74187 -3.00262
v 1.90223 0.627336 -2.78761
v 1.85494 0.606048 -2.89167
v 1.98119 0.74187 -3.00262
v 1.90223 0.627336 -2.78761
v 2.01289 0.646884 -2.74244
v 1.9339 0.473778 -3.10759
v 1.85494 0.606048 -2.89167
v 1.84439 0.443418 -2.96705
v 1.9339 0.473778 -3.10759
v 1.84439 0.443418 -2.96705
v 1.97943 0.255875 -3.06984
v 1.9339 0.473778 -3.10759
v 2.13113 0.480435 -3.15579
v 2.19478 0.273704 -3.11692
v 1.9339 0.473778 -3.10759
v 1.97943 0.255875 -3.06984
v 2.19478 0.273704 -3.11692
v 1.82195 -0.0349089 2.05687
v 1.85944 0.193562 1.88905
v 1.50715 0.10236 1.96282
v 1.82195 -0.0349089 2.05687
v 1.85944 0.193562 1.88905
v 2.27611 0.228386 1.69625
v 1.82195 -0.0349089 2.05687
v 1.75806 -0.225182 2.18507
v 1.50715 0.10236 1.96282
v 1.82195 -0.0349089 2.05687
v 1.75806 -0.225182 2.18507
v 2.27876 0.123024 1.83798
v 1.82195 -0.0349089 2.05687
v 2.27611 0.228386 1.69625
v 2.27876 0.123024 1.83798
v 1.46251 -0.216266 2.18414
v 0.733818 -0.43866 2.17953
v 1.66442 -0.434233 2.22996
v 1.46251 -0.216266 2.18414
v 0.733818 -0.43866 2.17953
v 1.50715 0.10236 1.96282
v 1.46251 -0.216266 2.18414
v 1.66442 -0.434233 2.22996
v 1.75806 -0.225182 2.18507
v 1.46251 -0.216266 2.18414
v 1.75806 -0.225182 2.18507
v 1.50715 0.10236 1.96282
v 3.52845 0.0507831 1.49879
v 3.92824 0.0982405 1.72467
v 3.28602 -0.00973752 1.83339
v 3.52845 0.0507831 1.49879
v 3.92824 0.0982405 1.72467
v 4.09535 0.049534 1.44601
v 3.52845 0.0507831 1.49879
v 3.28602 -0.00973752 1.83339
v 2.86013 0.0567307 1.486
v 3.52845 0.0507831 1.49879
v 4.09535 0.049534 1.44601
v 3.40777 0.034719 1.07259
v 3.52845 0.0507831 1.49879
v 3.40777 0.034719 1.07259
v 2.86013 0.0567307 1.486
v 2.96012 -0.153917 -0.503167
v 3.04833 -0.174207 -0.327275
v 2.72005 0.0806336 -0.44831
v 2.96012 -0.153917 -0.503167
v 3.04833 -0.174207 -0.327275
v 2.98328 -0.449754 -0.472755
v 2.96012 -0.153917 -0.503167
v 2.72005 0.0806336 -0.44831
v 2.82522 -0.0227173 -0.641342
v 2.96012 -0.153917 -0.503167
v 2.82522 -0.0227173 -0.641342
v 2.88105 -0.0952526 -0.891863
v 2.96012 -0.153917 -0.503167
v 2.88105 -0.0952526 -0.891863
v 2.98328 -0.449754 -0.472755
v 2.66302 0.039489 -1.00183
v 2.50031 0.0404218 -1.07854
v 2.72311 -0.0765931 -1.07959
v 2.66302 0.039489 -1.00183
v 2.50031 0.0404218 -1.07854
v 2.52314 0.114238 -0.900559
v 2.66302 0.039489 -1.00183
v 2.78799 0.0104185 -0.838652
v 2.52314 0.114238 -0.900559
v 2.66302 0.039489 -1.00183
v 2.78799 0.0104185 -0.838652
v 2.88105 -0.0952526 -0.891863
v 2.66302 0.039489 -1.00183
v 2.72311 -0.0765931 -1.07959
v 2.88105 -0.0952526 -0.891863
v 1.86406 -1.37426 -2.03129
v 1.96064 -1.33955 -2.2742
v 1.93128 -1.33201 -2.02253
v 1.86406 -1.37426 -2.03129
v 1.96064 -1.33955 -2.2742
v 1.84488 -1.33324 -2.28923
v 1.86406 -1.37426 -2.03129
v 1.93128 -1.33201 -2.02253
v 1.90736 -1.43983 -1.68786
v 1.86406 -1.37426 -2.03129
v 1.79839 -1.37863 -2.03618
v 1.84488 -1.33324 -2.28923
v 1.86406 -1.37426 -2.03129
v 1.79839 -1.37863 -2.03618
v 1.90736 -1.43983 -1.68786
v 1.96064 -1.33955 -2.2742
v 1.99408 -1.26321 -2.27439
v 1.93128 -1.33201 -2.02253
v 1.96064 -1.33955 -2.2742
v 1.99408 -1.26321 -2.27439
v 2.07335 -1.39315 -2.56815
v 1.96064 -1.33955 -2.2742
v 1.84488 -1.33324 -2.28923
v 1.86891 -1.41848 -2.50501
v 1.96064 -1.33955 -2.2742
v 2.07335 -1.39315 -2.56815
v 1.86891 -1.41848 -2.50501
v -3.56939 -0.402767 -0.322984
v -3.74261 -0.289299 -0.290714
v -3.58196 -0.334289 -0.97529
v -3.56939 -0.402767 -0.322984
v -3.74261 -0.289299 -0.290714
v -3.64513 -0.398399 0.283499
v -3.56939 -0.402767 -0.322984
v -3.58196 -0.334289 -0.97529
v -3.64287 -0.498793 -0.804745
v -3.56939 -0.402767 -0.322984
v -3.67804 -0.484761 0.28366
v -3.64513 -0.398399 0.283499
v -3.74261 -0.289299 -0.290714
v -3.77771 -0.198165 -0.61275
v -3.91788 -0.149489 -0.64417
v -3.74261 -0.289299 -0.290714
v -3.77771 -0.198165 -0.61275
v -3.58196 -0.334289 -0.97529
v -3.74261 -0.289299 -0.290714
v -3.91788 -0.149489 -0.64417
v -3.87362 -0.241491 -0.320375
v -3.74261 -0.289299 -0.290714
v -3.87362 -0.241491 -0.320375
v -3.69456 -0.35203 0.44093
v -3.74261 -0.289299 -0.290714
v -3.69456 -0.35203 0.44093
v -3.64513 -0.398399 0.283499
v -3.77771 -0.198165 -0.61275
v -3.91788 -0.149489 -0.64417
v -4.0015 -0.153019 -0.93704
v -3.91788 -0.149489 -0.64417
v -4.0015 -0.153019 -0.93704
v -4.01085 -0.258147 -0.385046
v -3.91788 -0.149489 -0.64417
v -3.87362 -0.241491 -0.320375
v -3.91688 -0.294962 -0.0847229
v -3.91788 -0.149489 -0.64417
v -3.91688 -0.294962 -0.0847229
v -4.01085 -0.258147 -0.385046
v -4.0015 -0.153019 -0.93704
v -4.11193 -0.1715 -0.89448
v -4.00586 -0.17264 -1.1602
v -4.0015 -0.153019 -0.93704
v -4.11193 -0.1715 -0.89448
v -4.01085 -0.258147 -0.385046
v -4.07503 -0.397336 -1.46574
v -4.32127 -0.463732 -1.52483
v -4.19249 -0.455973 -1.51519
v -4.07503 -0.397336 -1.46574
v -4.10719 -0.558809 -1.39786
v -4.20757 -0.593764 -1.48416
v -4.07503 -0.397336 -1.46574
v -4.20757 -0.593764 -1.48416
v -4.19249 -0.455973 -1.51519
v -4.32127 -0.463732 -1.52483
v -4.29777 -0.616367 -1.45124
v -4.19249 -0.455973 -1.51519
v -4.32127 -0.463732 -1.52483
v -4.29777 -0.616367 -1.45124
v -4.35571 -0.46423 -1.50673
v -4.2163 -0.334626 -0.72219
v -4.11193 -0.1715 -0.89448
v -4.2019 -0.223801 -1.22989
v -4.2163 -0.334626 -0.72219
v -4.11193 -0.1715 -0.89448
v -4.01085 -0.258147 -0.385046
v -4.2163 -0.334626 -0.72219
v -4.2019 -0.223801 -1.22989
v -4.26028 -0.297525 -1.03094
v -4.2163 -0.334626 -0.72219
v -4.01085 -0.258147 -0.385046
v -4.21657 -0.457756 -0.668421
v -4.2163 -0.334626 -0.72219
v -4.26028 -0.297525 -1.03094
v -4.21657 -0.457756 -0.668421
v -3.97534 -0.424253 -0.116301
v -3.84599 -0.457824 0.24984
v -3.8581 -0.390985 0.254931
v -3.97534 -0.424253 -0.116301
v -3.84599 -0.457824 0.24984
v -3.78788 -0.499787 0.270171
v -3.97534 -0.424253 -0.116301
v -3.91688 -0.294962 -0.0847229
v -3.8581 -0.390985 0.254931
v -3.97534 -0.424253 -0.116301
v -3.91688 -0.294962 -0.0847229
v -4.01085 -0.258147 -0.385046
v -3.97534 -0.424253 -0.116301
v -4.01085 -0.258147 -0.385046
v -4.21657 -0.457756 -0.668421
v -3.97534 -0.424253 -0.116301
v -3.90108 -0.510853 -0.14193
v -3.78788 -0.499787 0.270171
v -3.97534 -0.424253 -0.116301
v -3.90108 -0.510853 -0.14193
v -4.21657 -0.457756 -0.668421
v -3.69893 -0.37202 2.2266
v -3.87419 -0.473309 1.92061
v -3.71123 -0.475268 2.23441
v -3.69893 -0.37202 2.2266
v -3.87419 -0.473309 1.92061
v -3.84556 -0.34582 1.91142
v -3.69893 -0.37202 2.2266
v -3.71123 -0.475268 2.23441
v -3.46697 -0.336398 2.38261
v -3.69893 -0.37202 2.2266
v -3.84556 -0.34582 1.91142
v -3.65385 -0.307986 2.17724
v -3.69893 -0.37202 2.2266
v -3.46697 -0.336398 2.38261
v -3.65385 -0.307986 2.17724
v 4.38099 0.400356 2.64636
v 4.36975 0.483234 2.73686
v 4.27489 0.240415 2.65869
v 4.38099 0.400356 2.64636
v 4.36975 0.483234 2.73686
v 4.24702 0.502735 2.6801
v 4.38099 0.400356 2.64636
v 4.27489 0.240415 2.65869
v 4.35453 0.350922 2.5125
v 4.38099 0.400356 2.64636
v 4.35453 0.350922 2.5125
v 4.27959 0.347566 2.508
v 4.38099 0.400356 2.64636
v 4.24702 0.502735 2.6801
v 4.27959 0.347566 2.508
v 4.08299 1.01227 2.61447
v 4.05831 0.89939 2.73202
v 4.04667 1.01387 2.78001
v 4.08299 1.01227 2.61447
v 4.05831 0.89939 2.73202
v 4.02517 0.792134 2.57274
v 4.08299 1.01227 2.61447
v 4.04667 1.01387 2.78001
v 4.13454 0.965744 2.80621
v 4.08299 1.01227 2.61447
v 4.1033 0.92508 2.47722
v 4.02517 0.792134 2.57274
v 4.08299 1.01227 2.61447
v 4.1033 0.92508 2.47722
v 4.13182 0.881904 2.64018
v 4.08299 1.01227 2.61447
v 4.13454 0.965744 2.80621
v 4.13182 0.881904 2.64018
v 4.36975 0.483234 2.73686
v 4.30709 0.438542 2.80614
v 4.27489 0.240415 2.65869
v 4.36975 0.483234 2.73686
v 4.30709 0.438542 2.80614
v 4.24765 0.632678 2.86755
v 4.36975 0.483234 2.73686
v 4.24702 0.502735 2.6801
v 4.22979 0.723486 2.81821
v 4.36975 0.483234 2.73686
v 4.22979 0.723486 2.81821
v 4.24765 0.632678 2.86755
v 4.05989 0.0314272 2.29912
v 4.09411 0.139775 2.32794
v 3.93572 0.0497323 2.40667
v 4.05989 0.0314272 2.29912
v 4.09411 0.139775 2.32794
v 4.08057 0.0910566 2.16178
v 4.05989 0.0314272 2.29912
v 3.93572 0.0497323 2.40667
v 3.87209 0.0422153 2.15546
v 4.05989 0.0314272 2.29912
v 3.87209 0.0422153 2.15546
v 4.08057 0.0910566 2.16178
v 3.81488 0.00434015 2.40708
v 3.47942 -0.121182 2.41691
v 3.24731 -0.138311 2.27057
v 3.81488 0.00434015 2.40708
v 3.24731 -0.138311 2.27057
v 3.87209 0.0422153 2.15546
v 3.81488 0.00434015 2.40708
v 3.93572 0.0497323 2.40667
v 3.87209 0.0422153 2.15546
v 3.47942 -0.121182 2.41691
v 3.44846 -0.314736 2.57718
v 3.12602 -0.281641 2.39492
v 3.47942 -0.121182 2.41691
v 3.24731 -0.138311 2.27057
v 3.12602 -0.281641 2.39492
v 4.09411 0.139775 2.32794
v 4.1503 0.478386 2.25923
v 4.01702 0.291355 2.43311
v 4.09411 0.139775 2.32794
v 4.23234 0.0957022 2.34174
v 4.23919 0.146204 2.20577
v 4.09411 0.139775 2.32794
v 4.23919 0.146204 2.20577
v 4.131 0.135918 2.16812
v 4.09411 0.139775 2.32794
v 4.01702 0.291355 2.43311
v 3.93572 0.0497323 2.40667
v 4.09411 0.139775 2.32794
v 4.08057 0.0910566 2.16178
v 4.131 0.135918 2.16812
v 4.17047 0.80319 2.8971
v 4.09412 0.94237 2.86483
v 4.05831 0.89939 2.73202
v 4.17047 0.80319 2.8971
v 4.09412 0.94237 2.86483
v 4.13454 0.965744 2.80621
v 4.17047 0.80319 2.8971
v 4.05831 0.89939 2.73202
v 4.09736 0.80133 2.80526
v 4.17047 0.80319 2.8971
v 4.09736 0.80133 2.80526
v 4.24765 0.632678 2.86755
v 4.17047 0.80319 2.8971
v 4.22979 0.723486 2.81821
v 4.13454 0.965744 2.80621
v 4.17047 0.80319 2.8971
v 4.22979 0.723486 2.81821
v 4.24765 0.632678 2.86755
v 4.09412 0.94237 2.86483
v 4.05831 0.89939 2.73202
v 4.04667 1.01387 2.78001
v 4.09412 0.94237 2.86483
v 4.04667 1.01387 2.78001
v 4.13454 0.965744 2.80621
v 4.05831 0.89939 2.73202
v 4.09736 0.80133 2.80526
v 4.02517 0.792134 2.57274
v 4.1033 0.92508 2.47722
v 4.15217 0.78634 2.30744
v 4.039 0.57526 2.39589
v 4.1033 0.92508 2.47722
v 4.15217 0.78634 2.30744
v 4.13182 0.881904 2.64018
v 4.1033 0.92508 2.47722
v 4.039 0.57526 2.39589
v 4.02517 0.792134 2.57274
v 4.1023 0.5872 2.73862
v 4.09736 0.80133 2.80526
v 4.02517 0.792134 2.57274
v 4.1023 0.5872 2.73862
v 4.09736 0.80133 2.80526
v 4.18768 0.605589 2.84673
v 4.1023 0.5872 2.73862
v 4.21542 0.447104 2.78914
v 4.18768 0.605589 2.84673
v 4.1023 0.5872 2.73862
v 4.21542 0.447104 2.78914
v 4.08183 0.40621 2.7067
v 4.1023 0.5872 2.73862
v 4.02517 0.792134 2.57274
v 4.01032 0.372887 2.55836
v 4.1023 0.5872 2.73862
v 4.01032 0.372887 2.55836
v 4.08183 0.40621 2.7067
v 4.09736 0.80133 2.80526
v 4.18768 0.605589 2.84673
v 4.24765 0.632678 2.86755
v 4.29677 0.0901362 2.69908
v 4.11393 0.0878112 2.77279
v 4.19131 0.181719 2.81477
v 4.29677 0.0901362 2.69908
v 4.11393 0.0878112 2.77279
v 4.1695 0.155588 2.73482
v 4.29677 0.0901362 2.69908
v 4.47235 0.00510418 2.76379
v 4.3628 0.0524573 2.59095
v 4.29677 0.0901362 2.69908
v 4.47235 0.00510418 2.76379
v 4.43652 0.128873 2.80475
v 4.29677 0.0901362 2.69908
v 4.27489 0.240415 2.65869
v 4.26732 0.17628 2.56065
v 4.29677 0.0901362 2.69908
v 4.27489 0.240415 2.65869
v 4.23543 0.234739 2.71111
v 4.29677 0.0901362 2.69908
v 4.26732 0.17628 2.56065
v 4.3628 0.0524573 2.59095
v 4.29677 0.0901362 2.69908
v 4.23543 0.234739 2.71111
v 4.1695 0.155588 2.73482
v 4.29677 0.0901362 2.69908
v 4.19131 0.181719 2.81477
v 4.29667 0.160032 2.77988
v 4.29677 0.0901362 2.69908
v 4.29667 0.160032 2.77988
v 4.43652 0.128873 2.80475
v 4.11393 0.0878112 2.77279
v 4.03453 -0.0450009 2.80914
v 4.1695 0.155588 2.73482
v 4.11393 0.0878112 2.77279
v 4.03453 -0.0450009 2.80914
v 4.09234 0.0677343 2.85933
v 4.11393 0.0878112 2.77279
v 4.19131 0.181719 2.81477
v 4.09234 0.0677343 2.85933
v 4.47463 0.31323 2.90387
v 4.53784 0.335493 2.95286
v 4.44453 0.211306 2.9515
v 4.47463 0.31323 2.90387
v 4.53784 0.335493 2.95286
v 4.41185 0.395312 2.89485
v 4.47463 0.31323 2.90387
v 4.44453 0.211306 2.9515
v 4.43652 0.128873 2.80475
v 4.47463 0.31323 2.90387
v 4.43652 0.128873 2.80475
v 4.41185 0.395312 2.89485
v 4.46058 0.518342 3.06153
v 4.49772 0.498999 2.98614
v 4.3445 0.446794 2.96707
v 4.46058 0.518342 3.06153
v 4.49772 0.498999 2.98614
v 4.67451 0.50529 3.00205
v 4.46058 0.518342 3.06153
v 4.3445 0.446794 2.96707
v 4.38503 0.491958 3.11673
v 4.46058 0.518342 3.06153
v 4.67451 0.50529 3.00205
v 4.63911 0.554264 3.13643
v 4.46058 0.518342 3.06153
v 4.38503 0.491958 3.11673
v 4.63911 0.554264 3.13643
v 4.49772 0.498999 2.98614
v 4.69509 0.451484 2.99328
v 4.67451 0.50529 3.00205
v 4.49772 0.498999 2.98614
v 4.69509 0.451484 2.99328
v 4.41185 0.395312 2.89485
v 4.49772 0.498999 2.98614
v 4.3445 0.446794 2.96707
v 4.41185 0.395312 2.89485
v 4.23549 0.364953 3.07483
v 4.13849 0.213991 2.9965
v 4.17606 0.179724 3.07554
v 4.23549 0.364953 3.07483
v 4.13849 0.213991 2.9965
v 4.25702 0.377643 2.93093
v 4.23549 0.364953 3.07483
v 4.17606 0.179724 3.07554
v 4.32349 0.369395 3.14302
v 4.23549 0.364953 3.07483
v 4.25702 0.377643 2.93093
v 4.3445 0.446794 2.96707
v 4.23549 0.364953 3.07483
v 4.3445 0.446794 2.96707
v 4.38503 0.491958 3.11673
v 4.23549 0.364953 3.07483
v 4.32349 0.369395 3.14302
v 4.38503 0.491958 3.11673
v 4.13849 0.213991 2.9965
v 4.17606 0.179724 3.07554
v 4.15118 0.0559462 3.01772
v 4.13849 0.213991 2.9965
v 4.15118 0.0559462 3.01772
v 4.09794 0.0640471 2.96459
v 4.13849 0.213991 2.9965
v 4.25702 0.377643 2.93093
v 4.09234 0.0677343 2.85933
v 4.13849 0.213991 2.9965
v 4.09794 0.0640471 2.96459
v 4.09234 0.0677343 2.85933
v 4.17606 0.179724 3.07554
v 4.15118 0.0559462 3.01772
v 4.22641 0.0634431 3.0657
v 4.17606 0.179724 3.07554
v 4.22641 0.0634431 3.0657
v 4.32349 0.369395 3.14302
v 4.15118 0.0559462 3.01772
v 4.22641 0.0634431 3.0657
v 4.20461 -0.158135 3.03795
v 4.15118 0.0559462 3.01772
v 4.20461 -0.158135 3.03795
v 4.10038 -0.166199 2.99699
v 4.15118 0.0559462 3.01772
v 4.10038 -0.166199 2.99699
v 4.09794 0.0640471 2.96459
v 4.32861 -0.0947678 3.00266
v 4.36145 0.148036 3.04671
v 4.40332 -0.0699599 2.94297
v 4.32861 -0.0947678 3.00266
v 4.36145 0.148036 3.04671
v 4.20461 -0.158135 3.03795
v 4.32861 -0.0947678 3.00266
v 4.40332 -0.0699599 2.94297
v 4.35098 -0.179046 3.02471
v 4.32861 -0.0947678 3.00266
v 4.20461 -0.158135 3.03795
v 4.35098 -0.179046 3.02471
v 4.47235 0.00510418 2.76379
v 4.63658 0.0333372 2.70204
v 4.57757 -0.182464 2.82819
v 4.47235 0.00510418 2.76379
v 4.63658 0.0333372 2.70204
v 4.3628 0.0524573 2.59095
v 4.47235 0.00510418 2.76379
v 4.57757 -0.182464 2.82819
v 4.4606 -0.0372307 2.85456
v 4.47235 0.00510418 2.76379
v 4.4606 -0.0372307 2.85456
v 4.43652 0.128873 2.80475
v 4.29677 -0.967456 2.69908
v 4.21297 -1.02577 2.74184
v 4.11393 -0.965131 2.77279
v 4.29677 -0.967456 2.69908
v 4.21297 -1.02577 2.74184
v 4.18174 -1.09944 2.72447
v 4.29677 -0.967456 2.69908
v 4.11393 -0.965131 2.77279
v 4.3023 -1.0309 2.77778
v 4.29677 -0.967456 2.69908
v 4.47235 -0.882424 2.76379
v 4.38746 -0.917197 2.62117
v 4.29677 -0.967456 2.69908
v 4.47235 -0.882424 2.76379
v 4.3023 -1.0309 2.77778
v 4.29677 -0.967456 2.69908
v 4.27489 -1.11773 2.65869
v 4.23517 -1.1107 2.71063
v 4.29677 -0.967456 2.69908
v 4.23517 -1.1107 2.71063
v 4.18174 -1.09944 2.72447
v 4.21297 -1.02577 2.74184
v 4.11393 -0.965131 2.77279
v 3.97229 -0.876535 2.74376
v 4.21297 -1.02577 2.74184
v 4.18174 -1.09944 2.72447
v 3.97229 -0.876535 2.74376
v 4.11393 -0.965131 2.77279
v 4.11777 -0.999507 2.89598
v 4.19146 -1.07701 2.82842
v 4.11393 -0.965131 2.77279
v 4.11777 -0.999507 2.89598
v 4.01255 -0.750254 2.86862
v 4.11393 -0.965131 2.77279
v 4.19146 -1.07701 2.82842
v 4.3023 -1.0309 2.77778
v 4.11393 -0.965131 2.77279
v 3.97229 -0.876535 2.74376
v 4.01255 -0.750254 2.86862
v 4.06199 -1.61704 2.67065
v 4.02486 -1.64676 2.54523
v 4.03887 -1.44807 2.40597
v 4.06199 -1.61704 2.67065
v 4.14785 -1.52469 2.81693
v 4.09321 -1.81927 2.86406
v 4.06199 -1.61704 2.67065
v 4.14785 -1.52469 2.81693
v 4.01918 -1.32047 2.56023
v 4.06199 -1.61704 2.67065
v 4.03887 -1.44807 2.40597
v 4.01918 -1.32047 2.56023
v 4.02486 -1.64676 2.54523
v 4.15217 -1.66366 2.30744
v 4.03887 -1.44807 2.40597
v 4.30709 -1.31586 2.80614
v 4.27489 -1.11773 2.65869
v 4.38099 -1.27768 2.64636
v 4.30709 -1.31586 2.80614
v 4.27489 -1.11773 2.65869
v 4.23517 -1.1107 2.71063
v 4.30709 -1.31586 2.80614
v 4.38099 -1.27768 2.64636
v 4.36975 -1.36055 2.73686
v 4.30709 -1.31586 2.80614
v 4.23517 -1.1107 2.71063
v 4.18186 -1.25333 2.75315
v 4.30709 -1.31586 2.80614
v 4.18186 -1.25333 2.75315
v 4.24408 -1.51993 2.87212
v 4.826 -1.01474 2.52784
v 4.75152 -1.07279 2.47832
v 4.76092 -1.05178 2.32002
v 4.826 -1.01474 2.52784
v 4.75152 -1.07279 2.47832
v 4.78848 -1.04728 2.46671
v 4.826 -1.01474 2.52784
v 4.75152 -1.07279 2.47832
v 4.8056 -1.022 2.56688
v 4.826 -1.01474 2.52784
v 4.76092 -1.05178 2.32002
v 4.84288 -1.07668 2.45999
v 4.826 -1.01474 2.52784
v 4.76092 -1.05178 2.32002
v 4.78848 -1.04728 2.46671
v 4.826 -1.01474 2.52784
v 4.84288 -1.07668 2.45999
v 4.92022 -0.963604 2.52927
v 4.826 -1.01474 2.52784
v 4.8056 -1.022 2.56688
v 4.92022 -0.963604 2.52927
v 4.17606 -1.05704 3.07554
v 4.15118 -0.933266 3.01772
v 4.09183 -0.918118 2.95331
v 4.17606 -1.05704 3.07554
v 4.15118 -0.933266 3.01772
v 4.25213 -0.985317 3.07608
v 4.17606 -1.05704 3.07554
v 4.09183 -0.918118 2.95331
v 4.12398 -1.07691 2.96846
v 4.17606 -1.05704 3.07554
v 4.30088 -1.22602 3.13828
v 4.39797 -1.17436 3.12692
v 4.17606 -1.05704 3.07554
v 4.30088 -1.22602 3.13828
v 4.12398 -1.07691 2.96846
v 4.17606 -1.05704 3.07554
v 4.25213 -0.985317 3.07608
v 4.39797 -1.17436 3.12692
v 5.67962 -0.439645 1.27816
v 5.79741 -0.510966 1.31869
v 5.55536 -0.518375 1.27661
v 5.67962 -0.439645 1.27816
v 5.79741 -0.510966 1.31869
v 5.81847 -0.439572 1.36002
v 5.67962 -0.439645 1.27816
v 5.55536 -0.518375 1.27661
v 5.31071 -0.270404 1.29709
v 5.67962 -0.439645 1.27816
v 5.81847 -0.439572 1.36002
v 5.83571 -0.341913 1.34535
v 5.67962 -0.439645 1.27816
v 5.68539 -0.297609 1.28743
v 5.31071 -0.270404 1.29709
v 5.67962 -0.439645 1.27816
v 5.68539 -0.297609 1.28743
v 5.83571 -0.341913 1.34535
v 3.92244 -0.922223 2.41112
v 3.96664 -0.987951 2.40795
v 4.09411 -1.01709 2.32794
v 3.92244 -0.922223 2.41112
v 3.96664 -0.987951 2.40795
v 3.88407 -1.02146 2.58691
v 3.92244 -0.922223 2.41112
v 4.09411 -1.01709 2.32794
v 4.05989 -0.908747 2.29912
v 3.92244 -0.922223 2.41112
v 3.882 -0.914997 2.20309
v 4.05989 -0.908747 2.29912
v 3.92244 -0.922223 2.41112
v 3.882 -0.914997 2.20309
v 3.82026 -0.864717 2.558
v 3.92244 -0.922223 2.41112
v 3.88407 -1.02146 2.58691
v 3.82026 -0.864717 2.558
v 3.96664 -0.987951 2.40795
v 4.09411 -1.01709 2.32794
v 4.01669 -1.16722 2.43365
v 3.96664 -0.987951 2.40795
v 4.01669 -1.16722 2.43365
v 3.88407 -1.02146 2.58691
v 2.22208 -1.4528 -0.518682
v 2.01353 -1.63015 -0.223643
v 2.24562 -1.43444 -0.425712
v 2.22208 -1.4528 -0.518682
v 2.01353 -1.63015 -0.223643
v 2.05819 -1.60218 -0.492578
v 2.22208 -1.4528 -0.518682
v 2.24562 -1.43444 -0.425712
v 2.28213 -1.31734 -0.448363
v 2.22208 -1.4528 -0.518682
v 2.15859 -1.55231 -0.517149
v 2.05819 -1.60218 -0.492578
v 2.22208 -1.4528 -0.518682
v 2.15859 -1.55231 -0.517149
v 2.1694 -1.40977 -0.70786
v 2.22208 -1.4528 -0.518682
v 2.17098 -1.25061 -0.720005
v 2.1694 -1.40977 -0.70786
v 2.22208 -1.4528 -0.518682
v 2.17098 -1.25061 -0.720005
v 2.28213 -1.31734 -0.448363
v 2.01353 -1.63015 -0.223643
v 2.24562 -1.43444 -0.425712
v 2.38655 -1.43868 -0.258688
v 2.01353 -1.63015 -0.223643
v 2.05819 -1.60218 -0.492578
v 1.83318 -1.64739 -0.588037
v 2.01353 -1.63015 -0.223643
v 1.63975 -1.68487 -0.243538
v 2.11186 -1.7104 0.135006
v 2.01353 -1.63015 -0.223643
v 1.63975 -1.68487 -0.243538
v 1.55357 -1.61272 -0.603383
v 2.01353 -1.63015 -0.223643
v 1.83318 -1.64739 -0.588037
v 1.55357 -1.61272 -0.603383
v 2.01353 -1.63015 -0.223643
v 2.11186 -1.7104 0.135006
v 2.38655 -1.43868 -0.258688
v 2.24562 -1.43444 -0.425712
v 2.28213 -1.31734 -0.448363
v 2.38655 -1.43868 -0.258688
v 4.71207 -0.772053 1.20917
v 4.3198 -0.729872 1.16967
v 4.26266 -0.869182 1.33286
v 4.71207 -0.772053 1.20917
v 4.3198 -0.729872 1.16967
v 4.36584 -0.581938 1.13705
v 4.71207 -0.772053 1.20917
v 4.26266 -0.869182 1.33286
v 4.80537 -0.955925 1.44506
v 4.71207 -0.772053 1.20917
v 5.07246 -0.692735 1.25908
v 4.36584 -0.581938 1.13705
v 4.71207 -0.772053 1.20917
v 5.07246 -0.692735 1.25908
v 4.80537 -0.955925 1.44506
v 4.47235 -0.882424 2.76379
v 4.38746 -0.917197 2.62117
v 4.58879 -0.935324 2.6928
v 4.47235 -0.882424 2.76379
v 4.58471 -0.682307 2.83012
v 4.58879 -0.935324 2.6928
v 4.47235 -0.882424 2.76379
v 4.3023 -1.0309 2.77778
v 4.43212 -1.02756 2.80828
v -3.11957 -1.3094 -2.74532
v -3.29439 -1.28148 -2.72756
v -3.22325 -1.41523 -2.78673
v -3.11957 -1.3094 -2.74532
v -3.29439 -1.28148 -2.72756
v -3.16697 -1.25077 -2.56411
v -3.11957 -1.3094 -2.74532
v -3.22325 -1.41523 -2.78673
v -3.18494 -1.46155 -3.01071
v -3.11957 -1.3094 -2.74532
v -3.16697 -1.25077 -2.56411
v -3.02893 -1.30067 -2.59696
v -3.11957 -1.3094 -2.74532
v -3.18494 -1.46155 -3.01071
v -3.08061 -1.27423 -3.02366
v -3.11957 -1.3094 -2.74532
v -3.08061 -1.27423 -3.02366
v -2.92313 -1.25102 -2.92369
v -3.11957 -1.3094 -2.74532
v -3.02893 -1.30067 -2.59696
v -2.92313 -1.25102 -2.92369
v -2.92868 -1.36343 -2.63423
v -3.04194 -1.34466 -2.36531
v -2.89848 -1.4327 -2.60603
v -2.92868 -1.36343 -2.63423
v -3.04194 -1.34466 -2.36531
v -3.02893 -1.30067 -2.59696
v -2.92868 -1.36343 -2.63423
v -2.89848 -1.4327 -2.60603
v -2.75611 -1.46403 -2.80829
v -2.92868 -1.36343 -2.63423
v -2.76097 -1.3967 -2.83451
v -2.75611 -1.46403 -2.80829
v -2.92868 -1.36343 -2.63423
v -2.76097 -1.3967 -2.83451
v -3.02893 -1.30067 -2.59696
v -3.09873 -1.69165 -3.10046
v -3.03063 -1.76131 -3.05467
v -2.98182 -1.78562 -3.17023
v -3.09873 -1.69165 -3.10046
v -3.03063 -1.76131 -3.05467
v -3.13006 -1.63484 -2.82905
v -3.09873 -1.69165 -3.10046
v -2.98182 -1.78562 -3.17023
v -3.08274 -1.49322 -3.15964
v -3.09873 -1.69165 -3.10046
v -3.08274 -1.49322 -3.15964
v -3.18494 -1.46155 -3.01071
v -3.09873 -1.69165 -3.10046
v -3.13006 -1.63484 -2.82905
v -3.16891 -1.62229 -2.92277
v -3.09873 -1.69165 -3.10046
v -3.16891 -1.62229 -2.92277
v -3.18494 -1.46155 -3.01071
v -2.88863 -1.64959 -2.76164
v -3.1502 -1.57482 -2.68752
v -3.04377 -1.64986 -2.77976
v -2.88863 -1.64959 -2.76164
v -2.8367 -1.65331 -2.8345
v -3.04377 -1.64986 -2.77976
v -3.31655 -1.55989 -2.73027
v -3.33041 -1.38872 -2.74653
v -3.21296 -1.52331 -2.74359
v -3.31655 -1.55989 -2.73027
v -3.33041 -1.38872 -2.74653
v -3.33262 -1.42493 -2.56501
v -3.31655 -1.55989 -2.73027
v -3.30186 -1.55353 -2.63612
v -3.21296 -1.52331 -2.74359
v -3.31655 -1.55989 -2.73027
v -3.30186 -1.55353 -2.63612
v -3.33262 -1.42493 -2.56501
v -3.33041 -1.38872 -2.74653
v -3.29439 -1.28148 -2.72756
v -3.22325 -1.41523 -2.78673
v -3.33041 -1.38872 -2.74653
v -3.29439 -1.28148 -2.72756
v -3.33262 -1.42493 -2.56501
v -3.33041 -1.38872 -2.74653
v -3.22325 -1.41523 -2.78673
v -3.21296 -1.52331 -2.74359
v -3.29439 -1.28148 -2.72756
v -3.16697 -1.25077 -2.56411
v -3.27519 -1.30935 -2.54713
v -3.29439 -1.28148 -2.72756
v -3.33262 -1.42493 -2.56501
v -3.27519 -1.30935 -2.54713
v -3.3473 -1.39387 -2.13497
v -3.39411 -1.38879 -1.83891
v -3.37967 -1.33256 -2.07409
v -3.3473 -1.39387 -2.13497
v -3.39411 -1.38879 -1.83891
v -3.24943 -1.46621 -2.16431
v -3.3473 -1.39387 -2.13497
v -3.3018 -1.5679 -2.56469
v -3.37967 -1.33256 -2.07409
v -3.3473 -1.39387 -2.13497
v -3.3018 -1.5679 -2.56469
v -3.24943 -1.46621 -2.16431
v -2.26705 0.223446 -1.31524
v -2.44637 0.05545 -1.4546
v -2.31756 0.031927 -1.43554
v -2.26705 0.223446 -1.31524
v -2.44637 0.05545 -1.4546
v -2.47825 0.133087 -1.4225
v -2.26705 0.223446 -1.31524
v -2.31756 0.031927 -1.43554
v -2.12637 0.064235 -1.42784
v -2.26705 0.223446 -1.31524
v -2.12637 0.064235 -1.42784
v -2.02902 0.119356 -1.37902
v -2.26705 0.223446 -1.31524
v -2.15179 0.421148 -1.11671
v -2.02902 0.119356 -1.37902
v -2.26705 0.223446 -1.31524
v -2.15179 0.421148 -1.11671
v -2.45848 0.43972 -1.11997
v -2.26705 0.223446 -1.31524
v -2.47825 0.133087 -1.4225
v -2.45848 0.43972 -1.11997
v -2.44637 0.05545 -1.4546
v -2.31756 0.031927 -1.43554
v -2.50382 -0.00720397 -1.47115
v -2.44637 0.05545 -1.4546
v -2.50382 -0.00720397 -1.47115
v -2.55957 0.0197179 -1.69901
v -2.44637 0.05545 -1.4546
v -2.49914 0.065869 -1.59943
v -2.47825 0.133087 -1.4225
v -2.44637 0.05545 -1.4546
v -2.49914 0.065869 -1.59943
v -2.55957 0.0197179 -1.69901
v -2.90901 0.65049 -2.64582
v -2.77033 0.59238 -2.76948
v -2.8225 0.68232 -2.74789
v -2.90901 0.65049 -2.64582
v -2.77033 0.59238 -2.76948
v -2.8981 0.556105 -2.6059
v -2.90901 0.65049 -2.64582
v -2.8225 0.68232 -2.74789
v -3.03125 0.66769 -2.65728
v -2.90901 0.65049 -2.64582
v -3.03125 0.66769 -2.65728
v -3.10711 0.65357 -2.50916
v -2.90901 0.65049 -2.64582
v -3.10711 0.65357 -2.50916
v -2.98635 0.64902 -2.49511
v -2.90901 0.65049 -2.64582
v -2.98635 0.64902 -2.49511
v -2.8981 0.556105 -2.6059
v -2.77033 0.59238 -2.76948
v -2.8225 0.68232 -2.74789
v -2.82989 0.774614 -2.83823
v -2.77033 0.59238 -2.76948
v -2.8981 0.556105 -2.6059
v -2.77385 0.515422 -2.82153
v -2.77033 0.59238 -2.76948
v -2.74114 0.600682 -2.84526
v -2.82989 0.774614 -2.83823
v -2.77033 0.59238 -2.76948
v -2.74114 0.600682 -2.84526
v -2.77385 0.515422 -2.82153
v -3.22325 0.537913 -2.78673
v -3.08734 0.392996 -2.9118
v -3.11957 0.432079 -2.74532
v -3.22325 0.537913 -2.78673
v -3.08734 0.392996 -2.9118
v -3.18143 0.585421 -3.01875
v -3.22325 0.537913 -2.78673
v -3.11957 0.432079 -2.74532
v -3.33041 0.511398 -2.74653
v -3.22325 0.537913 -2.78673
v -3.31655 0.68257 -2.73027
v -3.33041 0.511398 -2.74653
v -3.22325 0.537913 -2.78673
v -3.31655 0.68257 -2.73027
v -3.21558 0.654696 -2.7328
v -3.22325 0.537913 -2.78673
v -3.18143 0.585421 -3.01875
v -3.21558 0.654696 -2.7328
v -3.08734 0.392996 -2.9118
v -3.11957 0.432079 -2.74532
v -3.01199 0.422313 -2.65334
v -3.08734 0.392996 -2.9118
v -3.01199 0.422313 -2.65334
v -2.9092 0.376453 -2.92897
v -3.08734 0.392996 -2.9118
v -3.18143 0.585421 -3.01875
v -3.0336 0.397941 -3.12044
v -3.08734 0.392996 -2.9118
v -2.9092 0.376453 -2.92897
v -3.0336 0.397941 -3.12044
v -3.11957 0.432079 -2.74532
v -3.01199 0.422313 -2.65334
v -3.16697 0.373446 -2.56411
v -3.11957 0.432079 -2.74532
v -3.16697 0.373446 -2.56411
v -3.29439 0.404163 -2.72756
v -3.11957 0.432079 -2.74532
v -3.33041 0.511398 -2.74653
v -3.29439 0.404163 -2.72756
v -3.01199 0.422313 -2.65334
v -3.16697 0.373446 -2.56411
v -3.04535 0.417699 -2.47897
v -3.01199 0.422313 -2.65334
v -2.92868 0.486112 -2.63423
v -3.04535 0.417699 -2.47897
v -3.01199 0.422313 -2.65334
v -2.92868 0.486112 -2.63423
v -2.9092 0.376453 -2.92897
v -3.16697 0.373446 -2.56411
v -3.29439 0.404163 -2.72756
v -3.25673 0.411033 -2.59347
v -3.16697 0.373446 -2.56411
v -3.30037 0.440324 -2.35707
v -3.25673 0.411033 -2.59347
v -3.16697 0.373446 -2.56411
v -3.30037 0.440324 -2.35707
v -3.14284 0.405628 -2.34215
v -3.16697 0.373446 -2.56411
v -3.14284 0.405628 -2.34215
v -3.04535 0.417699 -2.47897
v -3.46375 0.406007 -1.64123
v -3.49052 0.464444 -1.32176
v -3.45197 0.493314 -1.63865
v -3.46375 0.406007 -1.64123
v -3.49052 0.464444 -1.32176
v -3.49852 0.323812 -1.32342
v -3.46375 0.406007 -1.64123
v -3.45197 0.493314 -1.63865
v -3.38023 0.452059 -2.06996
v -3.46375 0.406007 -1.64123
v -3.49852 0.323812 -1.32342
v -3.42676 0.304286 -1.54429
v -3.46375 0.406007 -1.64123
v -3.42676 0.304286 -1.54429
v -3.29323 0.415449 -2.064
v -3.46375 0.406007 -1.64123
v -3.29323 0.415449 -2.064
v -3.38023 0.452059 -2.06996
v -3.49052 0.464444 -1.32176
v -3.45197 0.493314 -1.63865
v -3.358 0.536965 -1.37314
v -3.49052 0.464444 -1.32176
v -3.358 0.536965 -1.37314
v -3.32036 0.448463 -0.934789
v -3.49052 0.464444 -1.32176
v -3.38725 0.234201 -1.04737
v -3.49852 0.323812 -1.32342
v -3.49052 0.464444 -1.32176
v -3.38725 0.234201 -1.04737
v -3.32036 0.448463 -0.934789
v -3.45197 0.493314 -1.63865
v -3.358 0.536965 -1.37314
v -3.40422 0.511694 -1.77209
v -3.45197 0.493314 -1.63865
v -3.40422 0.511694 -1.77209
v -3.38023 0.452059 -2.06996
v -3.358 0.536965 -1.37314
v -3.18895 0.524951 -0.96962
v -3.32036 0.448463 -0.934789
v -3.358 0.536965 -1.37314
v -3.18895 0.524951 -0.96962
v -3.0214 0.662862 -0.92192
v -3.358 0.536965 -1.37314
v -3.23261 0.64917 -1.39564
v -3.40422 0.511694 -1.77209
v -3.358 0.536965 -1.37314
v -3.23261 0.64917 -1.39564
v -3.0214 0.662862 -0.92192
v -3.18895 0.524951 -0.96962
v -3.2718 0.482578 -0.716451
v -3.32036 0.448463 -0.934789
v -3.18895 0.524951 -0.96962
v -3.2718 0.482578 -0.716451
v -3.0214 0.662862 -0.92192
v -3.49852 -1.20113 -1.32342
v -3.49052 -1.34176 -1.32176
v -3.322 -1.32592 -0.93846
v -3.49852 -1.20113 -1.32342
v -3.49052 -1.34176 -1.32176
v -3.45109 -1.37541 -1.63473
v -3.49852 -1.20113 -1.32342
v -3.38725 -1.11152 -1.04737
v -3.3048 -1.0821 -1.14353
v -3.49852 -1.20113 -1.32342
v -3.38725 -1.11152 -1.04737
v -3.322 -1.32592 -0.93846
v -3.49852 -1.20113 -1.32342
v -3.3048 -1.0821 -1.14353
v -3.40821 -1.16885 -1.48948
v -3.49852 -1.20113 -1.32342
v -3.46375 -1.28333 -1.64123
v -3.45109 -1.37541 -1.63473
v -3.49852 -1.20113 -1.32342
v -3.46375 -1.28333 -1.64123
v -3.40821 -1.16885 -1.48948
v -2.6292 -0.874887 -1.70032
v -2.61807 -0.879944 -1.60776
v -2.68161 -0.926829 -1.59907
v -2.6292 -0.874887 -1.70032
v -2.61807 -0.879944 -1.60776
v -2.55005 -0.902902 -1.69806
v -2.6292 -0.874887 -1.70032
v -2.69289 -0.926034 -1.68834
v -2.68161 -0.926829 -1.59907
v -2.46678 -1.00912 -1.41902
v -2.53028 -0.989613 -1.667
v -2.54924 -1.04606 -1.39434
v -2.46678 -1.00912 -1.41902
v -2.53028 -0.989613 -1.667
v -2.51874 -0.941577 -1.68724
v -2.46678 -1.00912 -1.41902
v -2.51874 -0.941577 -1.68724
v -2.43212 -0.936411 -1.4421
v -2.5833 -1.01628 -1.65053
v -2.68444 -0.994231 -1.6621
v -2.67546 -1.00344 -1.56801
v -2.5833 -1.01628 -1.65053
v -2.53028 -0.989613 -1.667
v -2.54924 -1.04606 -1.39434
v -2.5833 -1.01628 -1.65053
v -2.54924 -1.04606 -1.39434
v -2.67546 -1.00344 -1.56801
v -2.81158 -1.1514 -1.35955
v -2.73418 -1.18824 -1.27929
v -2.69617 -1.01571 -1.41181
v -2.81158 -1.1514 -1.35955
v -2.73418 -1.18824 -1.27929
v -2.92137 -1.3101 -1.55558
v -2.81158 -1.1514 -1.35955
v -3.05618 -1.14821 -1.47842
v -2.99372 -1.22122 -1.58139
v -2.81158 -1.1514 -1.35955
v -3.05618 -1.14821 -1.47842
v -3.02514 -1.0899 -1.31279
v -2.81158 -1.1514 -1.35955
v -2.99372 -1.22122 -1.58139
v -2.92137 -1.3101 -1.55558
v -2.81158 -1.1514 -1.35955
v -2.69617 -1.01571 -1.41181
v -3.02514 -1.0899 -1.31279
v -2.31756 0.031927 -1.43554
v -2.50382 -0.00720397 -1.47115
v -2.34801 -0.43866 -1.43048
v -2.31756 0.031927 -1.43554
v -2.34801 -0.43866 -1.43048
v -2.17655 0.00712204 -1.43516
v -2.31756 0.031927 -1.43554
v -2.17655 0.00712204 -1.43516
v -2.12637 0.064235 -1.42784
v -2.50382 -0.00720397 -1.47115
v -2.34801 -0.43866 -1.43048
v -2.61408 -0.033735 -1.46634
v -2.50382 -0.00720397 -1.47115
v -2.61408 -0.033735 -1.46634
v -2.61807 0.00262403 -1.60776
v -2.50382 -0.00720397 -1.47115
v -2.61807 0.00262403 -1.60776
v -2.55957 0.0197179 -1.69901
v -2.34801 -0.43866 -1.43048
v -2.61408 -0.033735 -1.46634
v -2.72887 -0.44263 -1.40354
v -2.34801 -0.43866 -1.43048
v -2.50382 -0.870116 -1.47115
v -2.72887 -0.44263 -1.40354
v -2.34801 -0.43866 -1.43048
v -2.50382 -0.870116 -1.47115
v -2.43212 -0.936411 -1.4421
v -2.34801 -0.43866 -1.43048
v -2.09292 -0.43866 -1.40096
v -2.06273 -0.745996 -1.44559
v -2.34801 -0.43866 -1.43048
v -2.09292 -0.43866 -1.40096
v -2.14711 -0.076198 -1.46454
v -2.34801 -0.43866 -1.43048
v -2.06273 -0.745996 -1.44559
v -2.14711 -0.801122 -1.46454
v -2.34801 -0.43866 -1.43048
v -2.14711 -0.801122 -1.46454
v -2.43212 -0.936411 -1.4421
v -2.34801 -0.43866 -1.43048
v -2.14711 -0.076198 -1.46454
v -2.17655 0.00712204 -1.43516
v -2.61408 -0.033735 -1.46634
v -2.61807 0.00262403 -1.60776
v -2.68153 0.0496501 -1.59976
v -2.61408 -0.033735 -1.46634
v -2.68153 0.0496501 -1.59976
v -2.70601 0.0425061 -1.44689
v -2.61408 -0.033735 -1.46634
v -2.72887 -0.44263 -1.40354
v -2.70601 0.0425061 -1.44689
v -3.23809 0.522971 -0.540717
v -3.2837 0.355238 -0.292307
v -3.25185 0.377439 -0.51098
v -3.23809 0.522971 -0.540717
v -3.2837 0.355238 -0.292307
v -3.24254 0.576663 -0.158593
v -3.23809 0.522971 -0.540717
v -3.25185 0.377439 -0.51098
v -3.2718 0.482578 -0.716451
v -3.23809 0.522971 -0.540717
v -3.08622 0.730277 -0.052864
v -3.24254 0.576663 -0.158593
v -3.23809 0.522971 -0.540717
v -3.08622 0.730277 -0.052864
v -3.2718 0.482578 -0.716451
v -3.23261 0.64917 -1.39564
v -3.40422 0.511694 -1.77209
v -3.19395 0.61039 -1.84243
v -3.23261 0.64917 -1.39564
v -3.19395 0.61039 -1.84243
v -2.95584 0.686825 -1.16352
v -3.23261 0.64917 -1.39564
v -3.0214 0.662862 -0.92192
v -2.95584 0.686825 -1.16352
v -1.83786 0.85719 -0.102211
v -1.3955 1.1146 -0.260042
v -1.36883 0.924176 -0.666998
v -1.83786 0.85719 -0.102211
v -1.3955 1.1146 -0.260042
v -1.88315 0.939387 0.177807
v -1.83786 0.85719 -0.102211
v -1.76361 0.631912 -0.50514
v -2.05523 0.59472 -0.431749
v -1.83786 0.85719 -0.102211
v -1.76361 0.631912 -0.50514
v -1.36883 0.924176 -0.666998
v -1.06127 1.05757 -0.70322
v -1.07721 1.19448 -0.430989
v -0.505045 1.20695 -0.475167
v -1.06127 1.05757 -0.70322
v -1.07721 1.19448 -0.430989
v -1.36883 0.924176 -0.666998
v -1.06127 1.05757 -0.70322
v -0.487217 1.06537 -0.75486
v -0.505045 1.20695 -0.475167
v -1.06127 1.05757 -0.70322
v -0.487217 1.06537 -0.75486
v -0.998289 0.900335 -0.90855
v -1.06127 1.05757 -0.70322
v -0.998289 0.900335 -0.90855
v -1.36883 0.924176 -0.666998
v -2.56675 0.72844 -0.77265
v -2.46284 0.527735 -0.86684
v -2.28503 0.684414 -0.491628
v -2.56675 0.72844 -0.77265
v -2.46284 0.527735 -0.86684
v -2.59858 0.454894 -1.06631
v -2.56675 0.72844 -0.77265
v -2.28503 0.684414 -0.491628
v -2.33745 0.82428 -0.293421
v -2.56675 0.72844 -0.77265
v -2.71675 0.757585 -0.741741
v -2.33745 0.82428 -0.293421
v -2.56675 0.72844 -0.77265
v -2.71675 0.757585 -0.741741
v -2.95584 0.686825 -1.16352
v -2.56675 0.72844 -0.77265
v -2.59858 0.454894 -1.06631
v -2.89142 0.581185 -1.37611
v -2.56675 0.72844 -0.77265
v -2.89142 0.581185 -1.37611
v -2.95584 0.686825 -1.16352
v -2.92868 0.486112 -2.63423
v -2.8981 0.556105 -2.6059
v -2.77385 0.515422 -2.82153
v -2.92868 0.486112 -2.63423
v -2.8981 0.556105 -2.6059
v -3.04535 0.417699 -2.47897
v -2.92868 0.486112 -2.63423
v -2.77385 0.515422 -2.82153
v -2.9092 0.376453 -2.92897
v -2.18763 0.96824 0.0632058
v -2.06479 0.97321 0.457449
v -2.38467 0.960104 0.416777
v -2.18763 0.96824 0.0632058
v -2.06479 0.97321 0.457449
v -1.8288 0.919318 0.499684
v -2.18763 0.96824 0.0632058
v -2.38467 0.960104 0.416777
v -2.42981 0.940718 0.0290457
v -2.18763 0.96824 0.0632058
v -2.42981 0.940718 0.0290457
v -2.33745 0.82428 -0.293421
v -2.18763 0.96824 0.0632058
v -2.33745 0.82428 -0.293421
v -1.88315 0.939387 0.177807
v -2.18763 0.96824 0.0632058
v -1.8288 0.919318 0.499684
v -1.88315 0.939387 0.177807
v -1.3955 1.1146 -0.260042
v -1.07721 1.19448 -0.430989
v -1.05343 1.25159 0.0961068
v -1.3955 1.1146 -0.260042
v -1.07721 1.19448 -0.430989
v -1.36883 0.924176 -0.666998
v -1.3955 1.1146 -0.260042
v -1.4897 1.07233 0.414445
v -1.05343 1.25159 0.0961068
v -1.3955 1.1146 -0.260042
v -1.4897 1.07233 0.414445
v -1.88315 0.939387 0.177807
v -1.07721 1.19448 -0.430989
v -0.505045 1.20695 -0.475167
v -0.533528 1.26275 -0.14362
v -1.07721 1.19448 -0.430989
v -1.05343 1.25159 0.0961068
v -0.533528 1.26275 -0.14362
v -1.09117 0.288582 -1.26846
v -1.28453 0.0845975 -1.26325
v -0.993433 0.320988 -1.33594
v -1.09117 0.288582 -1.26846
v -1.28453 0.0845975 -1.26325
v -1.21401 0.320793 -1.18056
v -2.30666 0.522578 -0.67832
v -2.46284 0.527735 -0.86684
v -2.28503 0.684414 -0.491628
v -2.30666 0.522578 -0.67832
v -2.46284 0.527735 -0.86684
v -2.11587 0.527561 -0.845045
v -2.30666 0.522578 -0.67832
v -2.28503 0.684414 -0.491628
v -2.05523 0.59472 -0.431749
v -2.51319 0.05926 -1.6922
v -2.60328 0.071978 -1.73814
v -2.54735 0.131836 -1.65835
v -2.51319 0.05926 -1.6922
v -2.60328 0.071978 -1.73814
v -2.55957 0.0197179 -1.69901
v -2.51319 0.05926 -1.6922
v -2.49914 0.065869 -1.59943
v -2.47825 0.133087 -1.4225
v -2.51319 0.05926 -1.6922
v -2.49914 0.065869 -1.59943
v -2.55957 0.0197179 -1.69901
v -2.51319 0.05926 -1.6922
v -2.47825 0.133087 -1.4225
v -2.54735 0.131836 -1.65835
v -2.60328 0.071978 -1.73814
v -2.6292 -0.00243298 -1.70032
v -2.69027 0.0420369 -1.68969
v -2.60328 0.071978 -1.73814
v -2.6292 -0.00243298 -1.70032
v -2.55957 0.0197179 -1.69901
v -2.60328 0.071978 -1.73814
v -2.68608 0.116402 -1.66192
v -2.69027 0.0420369 -1.68969
v -2.60328 0.071978 -1.73814
v -2.68608 0.116402 -1.66192
v -2.54735 0.131836 -1.65835
v -2.6292 -0.00243298 -1.70032
v -2.61807 0.00262403 -1.60776
v -2.69027 0.0420369 -1.68969
v -2.6292 -0.00243298 -1.70032
v -2.61807 0.00262403 -1.60776
v -2.55957 0.0197179 -1.69901
v -2.04868 0.012183 -1.72662
v -1.98512 -0.044404 -1.678
v -2.06565 -0.06994 -1.68596
v -2.04868 0.012183 -1.72662
v -1.98512 -0.044404 -1.678
v -1.94307 0.0148616 -1.64937
v -2.04868 0.012183 -1.72662
v -2.06565 -0.06994 -1.68596
v -2.12403 -0.031807 -1.69907
v -2.04868 0.012183 -1.72662
v -2.12403 -0.031807 -1.69907
v -2.14164 0.0373051 -1.68028
v -2.04868 0.012183 -1.72662
v -2.04125 0.102835 -1.63524
v -2.14164 0.0373051 -1.68028
v -2.04868 0.012183 -1.72662
v -2.04125 0.102835 -1.63524
v -1.94307 0.0148616 -1.64937
v -1.98512 -0.044404 -1.678
v -2.06565 -0.06994 -1.68596
v -1.9368 -0.0124801 -1.56524
v -1.98512 -0.044404 -1.678
v -1.94307 0.0148616 -1.64937
v -1.9368 -0.0124801 -1.56524
v -2.06565 -0.06994 -1.68596
v -2.12403 -0.031807 -1.69907
v -2.0609 -0.066581 -1.59304
v -2.06565 -0.06994 -1.68596
v -2.0609 -0.066581 -1.59304
v -1.9368 -0.0124801 -1.56524
v -2.12403 -0.031807 -1.69907
v -2.0609 -0.066581 -1.59304
v -2.12075 -0.027489 -1.60648
v -2.12403 -0.031807 -1.69907
v -2.12075 -0.027489 -1.60648
v -2.14164 0.0373051 -1.68028
v -2.98182 0.9083 -3.17023
v -2.72957 0.93858 -3.16432
v -2.85696 0.91818 -3.01107
v -2.98182 0.9083 -3.17023
v -2.72957 0.93858 -3.16432
v -2.86573 0.62228 -3.20801
v -2.98182 0.9083 -3.17023
v -2.85696 0.91818 -3.01107
v -3.03063 0.88399 -3.05467
v -2.98182 0.9083 -3.17023
v -3.03063 0.88399 -3.05467
v -3.09873 0.81433 -3.10046
v -2.98182 0.9083 -3.17023
v -3.09873 0.81433 -3.10046
v -2.86573 0.62228 -3.20801
v -2.72957 0.93858 -3.16432
v -2.52472 0.72288 -3.12295
v -2.63155 0.89872 -3.12123
v -2.72957 0.93858 -3.16432
v -2.52472 0.72288 -3.12295
v -2.86573 0.62228 -3.20801
v -2.72957 0.93858 -3.16432
v -2.63155 0.89872 -3.12123
v -2.7366 0.83092 -2.95619
v -2.72957 0.93858 -3.16432
v -2.7366 0.83092 -2.95619
v -2.85696 0.91818 -3.01107
v -2.52472 0.72288 -3.12295
v -2.63155 0.89872 -3.12123
v -2.58358 0.83994 -3.07561
v -2.52472 0.72288 -3.12295
v -2.63155 0.89872 -3.12123
v -2.69996 0.74693 -2.95164
v -2.52472 0.72288 -3.12295
v -2.58358 0.83994 -3.07561
v -2.69996 0.74693 -2.95164
v -2.52472 0.72288 -3.12295
v -2.69996 0.74693 -2.95164
v -2.74114 0.600682 -2.84526
v -2.52472 0.72288 -3.12295
v -2.59351 0.50379 -3.09749
v -2.74114 0.600682 -2.84526
v -2.52472 0.72288 -3.12295
v -2.59351 0.50379 -3.09749
v -2.86573 0.62228 -3.20801
v 1.80641 0.395795 -2.73468
v 1.72175 0.540451 -2.67823
v 1.70917 0.36928 -2.69449
v 1.80641 0.395795 -2.73468
v 1.72175 0.540451 -2.67823
v 1.81332 0.51285 -2.68035
v 1.80641 0.395795 -2.73468
v 1.70917 0.36928 -2.69449
v 1.90048 0.289961 -2.69327
v 1.80641 0.395795 -2.73468
v 1.90048 0.289961 -2.69327
v 1.92973 0.250878 -2.85976
v 1.80641 0.395795 -2.73468
v 1.92973 0.250878 -2.85976
v 1.84439 0.443418 -2.96705
v 1.80641 0.395795 -2.73468
v 1.84439 0.443418 -2.96705
v 1.81332 0.51285 -2.68035
v 1.72175 0.540451 -2.67823
v 1.70917 0.36928 -2.69449
v 1.73508 0.543091 -2.53723
v 1.72175 0.540451 -2.67823
v 1.73508 0.543091 -2.53723
v 1.81332 0.51285 -2.68035
v 1.70917 0.36928 -2.69449
v 1.90048 0.289961 -2.69327
v 1.74185 0.262045 -2.67552
v 1.70917 0.36928 -2.69449
v 1.74185 0.262045 -2.67552
v 1.77602 0.268915 -2.54143
v 1.70917 0.36928 -2.69449
v 1.77602 0.268915 -2.54143
v 1.70394 0.389703 -2.41998
v 1.70917 0.36928 -2.69449
v 1.73508 0.543091 -2.53723
v 1.70394 0.389703 -2.41998
v 1.90048 0.289961 -2.69327
v 1.74185 0.262045 -2.67552
v 1.85747 0.231328 -2.51206
v 1.90048 0.289961 -2.69327
v 1.85747 0.231328 -2.51206
v 1.99932 0.274913 -2.58699
v 1.90048 0.289961 -2.69327
v 1.92973 0.250878 -2.85976
v 1.99932 0.274913 -2.58699
v 1.74185 0.262045 -2.67552
v 1.85747 0.231328 -2.51206
v 1.77602 0.268915 -2.54143
v -3.31655 0.68257 -2.73027
v -3.33041 0.511398 -2.74653
v -3.30152 0.685149 -2.59023
v -3.31655 0.68257 -2.73027
v -3.30152 0.685149 -2.59023
v -3.21558 0.654696 -2.7328
v -3.33041 0.511398 -2.74653
v -3.29439 0.404163 -2.72756
v -3.25673 0.411033 -2.59347
v -3.33041 0.511398 -2.74653
v -3.25673 0.411033 -2.59347
v -3.33648 0.540523 -2.50537
v -3.33041 0.511398 -2.74653
v -3.33648 0.540523 -2.50537
v -3.30152 0.685149 -2.59023
v -2.63155 0.89872 -3.12123
v -2.58358 0.83994 -3.07561
v -2.69996 0.74693 -2.95164
v -2.63155 0.89872 -3.12123
v -2.69996 0.74693 -2.95164
v -2.7366 0.83092 -2.95619
v 4.75152 0.195474 2.47832
v 4.8096 0.138571 2.57491
v 4.72417 0.17311 2.47742
v 4.75152 0.195474 2.47832
v 4.8096 0.138571 2.57491
v 4.80408 0.156742 2.50888
v 4.75152 0.195474 2.47832
v 4.72417 0.17311 2.47742
v 4.75623 0.17715 2.31882
v 4.75152 0.195474 2.47832
v 4.75623 0.17715 2.31882
v 4.80408 0.156742 2.50888
v 4.74405 0.117397 2.618
v 4.63658 0.0333372 2.70204
v 4.48438 0.114 2.51742
v 4.74405 0.117397 2.618
v 4.63658 0.0333372 2.70204
v 4.79571 0.000222684 2.70452
v 4.74405 0.117397 2.618
v 4.8096 0.138571 2.57491
v 4.72417 0.17311 2.47742
v 4.74405 0.117397 2.618
v 4.8096 0.138571 2.57491
v 4.79571 0.000222684 2.70452
v 4.74405 0.117397 2.618
v 4.72417 0.17311 2.47742
v 4.48438 0.114 2.51742
v 4.63658 0.0333372 2.70204
v 4.57757 -0.182464 2.82819
v 4.65271 -0.335056 2.80252
v 4.63658 0.0333372 2.70204
v 4.48438 0.114 2.51742
v 4.3628 0.0524573 2.59095
v 4.63658 0.0333372 2.70204
v 4.65271 -0.335056 2.80252
v 4.79571 0.000222684 2.70452
v 5.56325 -0.121422 1.67396
v 5.4693 -0.118557 1.76795
v 5.6937 -0.126665 1.77511
v 5.56325 -0.121422 1.67396
v 5.4693 -0.118557 1.76795
v 5.41955 -0.0837265 1.56512
v 5.56325 -0.121422 1.67396
v 5.6937 -0.126665 1.77511
v 5.63237 -0.0543947 1.53659
v 5.56325 -0.121422 1.67396
v 5.41955 -0.0837265 1.56512
v 5.63237 -0.0543947 1.53659
v 5.80342 -0.228658 1.69945
v 5.85126 -0.260038 1.63763
v 5.765 -0.121863 1.69987
v 5.80342 -0.228658 1.69945
v 5.85126 -0.260038 1.63763
v 5.79158 -0.157538 1.78127
v 5.80342 -0.228658 1.69945
v 5.765 -0.121863 1.69987
v 5.79158 -0.157538 1.78127
v 5.93147 -0.223047 1.67214
v 5.99809 -0.331326 1.67053
v 5.8959 -0.273955 1.62139
v 5.93147 -0.223047 1.67214
v 5.99809 -0.331326 1.67053
v 5.97631 -0.302469 1.76829
v 5.93147 -0.223047 1.67214
v 5.8959 -0.273955 1.62139
v 5.85126 -0.260038 1.63763
v 5.93147 -0.223047 1.67214
v 5.85126 -0.260038 1.63763
v 5.79158 -0.157538 1.78127
v 5.93147 -0.223047 1.67214
v 5.97631 -0.302469 1.76829
v 5.79158 -0.157538 1.78127
v 5.99809 -0.331326 1.67053
v 5.94604 -0.340151 1.50345
v 5.96975 -0.441377 1.72629
v 5.99809 -0.331326 1.67053
v 5.97631 -0.302469 1.76829
v 5.96975 -0.441377 1.72629
v 5.8959 -0.273955 1.62139
v 5.83787 -0.133476 1.58015
v 5.90865 -0.184629 1.55537
v 5.8959 -0.273955 1.62139
v 5.83787 -0.133476 1.58015
v 5.85126 -0.260038 1.63763
v 4.30709 0.438542 2.80614
v 4.27489 0.240415 2.65869
v 4.23543 0.234739 2.71111
v 4.30709 0.438542 2.80614
v 4.21542 0.447104 2.78914
v 4.23543 0.234739 2.71111
v 4.30709 0.438542 2.80614
v 4.21542 0.447104 2.78914
v 4.18768 0.605589 2.84673
v 4.30709 0.438542 2.80614
v 4.18768 0.605589 2.84673
v 4.24765 0.632678 2.86755
v 4.27489 0.240415 2.65869
v 4.26732 0.17628 2.56065
v 4.35453 0.350922 2.5125
v 4.1503 0.478386 2.25923
v 4.1279 0.65185 2.26702
v 4.15923 0.484537 2.38856
v 4.1503 0.478386 2.25923
v 4.1279 0.65185 2.26702
v 4.039 0.57526 2.39589
v 4.1503 0.478386 2.25923
v 4.01702 0.291355 2.43311
v 4.039 0.57526 2.39589
v 4.1279 0.65185 2.26702
v 4.15923 0.484537 2.38856
v 4.13108 0.506385 2.51727
v 4.1279 0.65185 2.26702
v 4.15217 0.78634 2.30744
v 4.039 0.57526 2.39589
v 4.1279 0.65185 2.26702
v 4.15217 0.78634 2.30744
v 4.13108 0.506385 2.51727
v 4.15217 0.78634 2.30744
v 4.13108 0.506385 2.51727
v 4.13182 0.881904 2.64018
v 4.23234 0.0957022 2.34174
v 4.23919 0.146204 2.20577
v 4.33856 0.161492 2.30123
v 1.72175 -1.41777 -2.67823
v 1.70917 -1.2466 -2.69449
v 1.81585 -1.38141 -2.69134
v 1.72175 -1.41777 -2.67823
v 1.70917 -1.2466 -2.69449
v 1.71055 -1.27537 -2.49825
v 1.72175 -1.41777 -2.67823
v 1.73461 -1.42094 -2.55004
v 1.81585 -1.38141 -2.69134
v 1.72175 -1.41777 -2.67823
v 1.73461 -1.42094 -2.55004
v 1.71055 -1.27537 -2.49825
v 1.70917 -1.2466 -2.69449
v 1.80641 -1.27311 -2.73468
v 1.74185 -1.13936 -2.67552
v 1.70917 -1.2466 -2.69449
v 1.80641 -1.27311 -2.73468
v 1.81585 -1.38141 -2.69134
v 1.70917 -1.2466 -2.69449
v 1.74185 -1.13936 -2.67552
v 1.71055 -1.27537 -2.49825
v 1.80641 -1.27311 -2.73468
v 1.74185 -1.13936 -2.67552
v 1.90048 -1.16728 -2.69327
v 1.80641 -1.27311 -2.73468
v 1.90048 -1.16728 -2.69327
v 1.84105 -1.31994 -2.95862
v 1.80641 -1.27311 -2.73468
v 1.8553 -1.47946 -2.86917
v 1.84105 -1.31994 -2.95862
v 1.80641 -1.27311 -2.73468
v 1.8553 -1.47946 -2.86917
v 1.81585 -1.38141 -2.69134
v 1.74185 -1.13936 -2.67552
v 1.90048 -1.16728 -2.69327
v 1.85747 -1.10865 -2.51206
v 1.74185 -1.13936 -2.67552
v 1.77602 -1.14623 -2.54143
v 1.85747 -1.10865 -2.51206
v 1.74185 -1.13936 -2.67552
v 1.77602 -1.14623 -2.54143
v 1.71055 -1.27537 -2.49825
v 1.90048 -1.16728 -2.69327
v 1.85747 -1.10865 -2.51206
v 1.9826 -1.15844 -2.5452
v 1.90048 -1.16728 -2.69327
v 1.84105 -1.31994 -2.95862
v 1.93512 -1.1322 -2.96975
v -3.22325 -1.41523 -2.78673
v -3.16891 -1.62229 -2.92277
v -3.21296 -1.52331 -2.74359
v -3.22325 -1.41523 -2.78673
v -3.16891 -1.62229 -2.92277
v -3.18494 -1.46155 -3.01071
v -3.58196 -0.334289 -0.97529
v -3.68307 -0.323427 -1.15331
v -3.77885 -0.546432 -0.997631
v -3.58196 -0.334289 -0.97529
v -3.64287 -0.498793 -0.804745
v -3.77885 -0.546432 -0.997631
v 0.939271 -1.62453 0.818646
v 0.918721 -1.67641 0.612203
v 1.67841 -1.64863 0.712287
v 0.939271 -1.62453 0.818646
v 1.5898 -1.46756 1.3074
v 1.67841 -1.64863 0.712287
v 0.939271 -1.62453 0.818646
v 1.5898 -1.46756 1.3074
v 0.624713 -1.21105 1.54878
v 3.92887 -1.05434 2.66258
v 4.04473 -1.18287 2.69312
v 3.98429 -1.19208 2.58099
v 3.92887 -1.05434 2.66258
v 4.04473 -1.18287 2.69312
v 3.97229 -0.876535 2.74376
v 3.92887 -1.05434 2.66258
v 3.88407 -1.02146 2.58691
v 3.87645 -0.828475 2.71894
v 3.92887 -1.05434 2.66258
v 3.88407 -1.02146 2.58691
v 3.98429 -1.19208 2.58099
v 3.92887 -1.05434 2.66258
v 3.87645 -0.828475 2.71894
v 3.97229 -0.876535 2.74376
v 4.12084 -0.253199 1.0658
v 3.77496 -0.0817094 0.993884
v 4.24921 -0.149151 1.15895
v 4.12084 -0.253199 1.0658
v 3.77496 -0.0817094 0.993884
v 3.66508 -0.253248 0.531051
v 4.12084 -0.253199 1.0658
v 4.36584 -0.581938 1.13705
v 4.12341 -0.628581 1.07452
v 4.12084 -0.253199 1.0658
v 4.36584 -0.581938 1.13705
v 4.38953 -0.290601 1.13715
v 4.12084 -0.253199 1.0658
v 4.24921 -0.149151 1.15895
v 4.38953 -0.290601 1.13715
v 4.12084 -0.253199 1.0658
v 4.12341 -0.628581 1.07452
v 3.66508 -0.253248 0.531051
v 1.98062 -1.4029 -2.60524
v 2.11003 -1.50748 -2.7096
v 2.17004 -1.41753 -2.69584
v 1.98062 -1.4029 -2.60524
v 2.11003 -1.50748 -2.7096
v 1.87341 -1.4328 -2.63547
v 1.98062 -1.4029 -2.60524
v 2.17004 -1.41753 -2.69584
v 2.07335 -1.39315 -2.56815
v 1.98062 -1.4029 -2.60524
v 1.87341 -1.4328 -2.63547
v 1.86891 -1.41848 -2.50501
v 1.98062 -1.4029 -2.60524
v 2.07335 -1.39315 -2.56815
v 1.86891 -1.41848 -2.50501
v 1.85747 0.231328 -2.51206
v 1.73643 0.298206 -2.30502
v 1.77602 0.268915 -2.54143
v 1.85747 0.231328 -2.51206
v 1.73643 0.298206 -2.30502
v 1.88066 0.263529 -2.28946
v 1.85747 0.231328 -2.51206
v 1.88066 0.263529 -2.28946
v 1.99932 0.274913 -2.58699
v 1.73643 0.298206 -2.30502
v 1.75635 0.266768 -2.00774
v 1.64886 0.35675 -1.99135
v 1.73643 0.298206 -2.30502
v 1.75635 0.266768 -2.00774
v 1.88066 0.263529 -2.28946
v 1.73643 0.298206 -2.30502
v 1.77602 0.268915 -2.54143
v 1.70394 0.389703 -2.41998
v 1.73643 0.298206 -2.30502
v 1.65595 0.405609 -2.08227
v 1.64886 0.35675 -1.99135
v 1.73643 0.298206 -2.30502
v 1.65595 0.405609 -2.08227
v 1.70394 0.389703 -2.41998
v 1.75635 0.266768 -2.00774
v 1.64886 0.35675 -1.99135
v 1.65267 0.251857 -1.69942
v 1.75635 0.266768 -2.00774
v 1.65267 0.251857 -1.69942
v 1.78153 0.206878 -1.81327
v 1.75635 0.266768 -2.00774
v 1.88066 0.263529 -2.28946
v 1.78153 0.206878 -1.81327
v 2.0796 0.216337 -1.03472
v 2.05984 0.420297 -1.12267
v 2.13343 0.48138 -0.845368
v 2.0796 0.216337 -1.03472
v 2.05984 0.420297 -1.12267
v 1.96592 0.172713 -1.1456
v 2.0796 0.216337 -1.03472
v 2.24459 0.10508 -1.04121
v 2.27746 -0.0302351 -1.15129
v 2.0796 0.216337 -1.03472
v 2.24459 0.10508 -1.04121
v 2.1436 0.328413 -0.816969
v 2.0796 0.216337 -1.03472
v 2.13343 0.48138 -0.845368
v 2.1436 0.328413 -0.816969
v 2.0796 0.216337 -1.03472
v 2.27746 -0.0302351 -1.15129
v 1.96592 0.172713 -1.1456
v 2.54526 -0.0523499 -1.15464
v 2.50031 0.0404218 -1.07854
v 2.27746 -0.0302351 -1.15129
v 2.54526 -0.0523499 -1.15464
v 2.50031 0.0404218 -1.07854
v 2.72311 -0.0765931 -1.07959
v 2.54526 -0.0523499 -1.15464
v 2.27746 -0.0302351 -1.15129
v 2.51395 -0.47811 -1.18456
v 2.54526 -0.0523499 -1.15464
v 2.72311 -0.0765931 -1.07959
v 2.51395 -0.47811 -1.18456
v 2.5392 0.311815 -0.289118
v 2.41037 0.402445 -0.339339
v 2.59188 0.541128 -0.000524946
v 2.5392 0.311815 -0.289118
v 2.41037 0.402445 -0.339339
v 2.49101 0.277322 -0.696146
v 2.5392 0.311815 -0.289118
v 2.59188 0.541128 -0.000524946
v 2.71755 0.227127 -0.023863
v 2.5392 0.311815 -0.289118
v 2.72005 0.0806336 -0.44831
v 2.71755 0.227127 -0.023863
v 2.5392 0.311815 -0.289118
v 2.72005 0.0806336 -0.44831
v 2.49101 0.277322 -0.696146
v 2.01353 0.75283 -0.223643
v 2.34608 0.57464 -0.30669
v 2.10891 0.82103 0.0815319
v 2.01353 0.75283 -0.223643
v 2.34608 0.57464 -0.30669
v 2.24139 0.552338 -0.445861
v 2.01353 0.75283 -0.223643
v 2.10891 0.82103 0.0815319
v 1.68684 0.852553 0.0201798
v 2.01353 0.75283 -0.223643
v 1.83371 0.76125 -0.661412
v 1.56021 0.747246 -0.531037
v 2.01353 0.75283 -0.223643
v 1.83371 0.76125 -0.661412
v 1.99707 0.732121 -0.69629
v 2.01353 0.75283 -0.223643
v 1.56021 0.747246 -0.531037
v 1.68684 0.852553 0.0201798
v 2.01353 0.75283 -0.223643
v 2.16725 0.667449 -0.540231
v 1.99707 0.732121 -0.69629
v 2.01353 0.75283 -0.223643
v 2.16725 0.667449 -0.540231
v 2.24139 0.552338 -0.445861
v 2.34608 0.57464 -0.30669
v 2.10891 0.82103 0.0815319
v 2.38464 0.6044 -0.153259
v 2.34608 0.57464 -0.30669
v 2.38464 0.6044 -0.153259
v 2.41037 0.402445 -0.339339
v 2.34608 0.57464 -0.30669
v 2.41037 0.402445 -0.339339
v 2.24139 0.552338 -0.445861
v 2.10891 0.82103 0.0815319
v 2.38464 0.6044 -0.153259
v 2.13618 0.852782 0.320096
v 2.10891 0.82103 0.0815319
v 1.73149 0.819157 0.353558
v 1.68684 0.852553 0.0201798
v 2.10891 0.82103 0.0815319
v 1.73149 0.819157 0.353558
v 2.13618 0.852782 0.320096
v 2.02137 0.506901 -2.44307
v 1.96064 0.46223 -2.2742
v 2.10157 0.413947 -2.55411
v 2.02137 0.506901 -2.44307
v 1.96064 0.46223 -2.2742
v 1.85952 0.458211 -2.30632
v 2.02137 0.506901 -2.44307
v 2.09154 0.508369 -2.59378
v 1.91179 0.511457 -2.45711
v 2.02137 0.506901 -2.44307
v 2.09154 0.508369 -2.59378
v 2.10157 0.413947 -2.55411
v 2.02137 0.506901 -2.44307
v 1.91179 0.511457 -2.45711
v 1.85952 0.458211 -2.30632
v 1.96064 0.46223 -2.2742
v 2.10157 0.413947 -2.55411
v 1.99395 0.36648 -2.27963
v 1.96064 0.46223 -2.2742
v 1.85952 0.458211 -2.30632
v 1.94021 0.445981 -2.03263
v 1.96064 0.46223 -2.2742
v 1.94021 0.445981 -2.03263
v 1.99395 0.36648 -2.27963
v 1.94726 0.293927 -2.00457
v 1.88066 0.263529 -2.28946
v 1.78153 0.206878 -1.81327
v 1.94726 0.293927 -2.00457
v 1.88066 0.263529 -2.28946
v 1.99395 0.36648 -2.27963
v 1.94726 0.293927 -2.00457
v 1.78153 0.206878 -1.81327
v 1.93242 0.243794 -1.64403
v 1.94726 0.293927 -2.00457
v 2.0423 0.37851 -1.66094
v 1.93242 0.243794 -1.64403
v 1.94726 0.293927 -2.00457
v 2.0423 0.37851 -1.66094
v 1.94021 0.445981 -2.03263
v 1.94726 0.293927 -2.00457
v 1.94021 0.445981 -2.03263
v 1.99395 0.36648 -2.27963
v 2.66302 -0.916809 -1.00183
v 2.72113 -0.801038 -1.08176
v 2.54526 -0.82497 -1.15464
v 2.66302 -0.916809 -1.00183
v 2.72113 -0.801038 -1.08176
v 2.87402 -0.780083 -0.908766
v 2.66302 -0.916809 -1.00183
v 2.54526 -0.82497 -1.15464
v 2.51293 -0.921599 -1.06946
v 2.66302 -0.916809 -1.00183
v 2.51293 -0.921599 -1.06946
v 2.52212 -0.984441 -0.908522
v 2.66302 -0.916809 -1.00183
v 2.79611 -0.882932 -0.830255
v 2.52212 -0.984441 -0.908522
v 2.66302 -0.916809 -1.00183
v 2.79611 -0.882932 -0.830255
v 2.87402 -0.780083 -0.908766
v 2.72113 -0.801038 -1.08176
v 2.54526 -0.82497 -1.15464
v 2.51395 -0.47811 -1.18456
v 2.72113 -0.801038 -1.08176
v 2.72311 -0.0765931 -1.07959
v 2.51395 -0.47811 -1.18456
v 2.72113 -0.801038 -1.08176
v 2.72311 -0.0765931 -1.07959
v 2.87402 -0.780083 -0.908766
v 2.54526 -0.82497 -1.15464
v 2.51293 -0.921599 -1.06946
v 2.28797 -0.852381 -1.14779
v 2.54526 -0.82497 -1.15464
v 2.28797 -0.852381 -1.14779
v 2.51395 -0.47811 -1.18456
v 1.96315 -1.05152 -1.15018
v 1.99189 -1.09143 -1.30974
v 2.05925 -1.29796 -1.1253
v 1.96315 -1.05152 -1.15018
v 1.99189 -1.09143 -1.30974
v 1.61914 -1.05343 -1.15495
v 1.96315 -1.05152 -1.15018
v 2.0482 -0.994492 -1.14332
v 2.05925 -1.29796 -1.1253
v 1.96315 -1.05152 -1.15018
v 2.0482 -0.994492 -1.14332
v 1.57607 -0.464415 -1.12
v 1.96315 -1.05152 -1.15018
v 1.61914 -1.05343 -1.15495
v 1.57607 -0.464415 -1.12
v 1.99189 -1.09143 -1.30974
v 1.94521 -1.11138 -1.57711
v 2.04327 -1.25066 -1.66767
v 1.99189 -1.09143 -1.30974
v 1.94521 -1.11138 -1.57711
v 1.61509 -1.10705 -1.23308
v 1.99189 -1.09143 -1.30974
v 2.04327 -1.25066 -1.66767
v 2.05925 -1.29796 -1.1253
v 1.99189 -1.09143 -1.30974
v 1.61914 -1.05343 -1.15495
v 1.61509 -1.10705 -1.23308
v -3.60167 -0.43866 1.73171
v -3.70983 -0.43866 1.85642
v -3.70981 -0.200688 1.77662
v -3.60167 -0.43866 1.73171
v -3.70983 -0.43866 1.85642
v -3.70395 -0.690654 1.75678
v -3.60167 -0.43866 1.73171
v -3.60859 -0.43866 1.60224
v -3.70395 -0.690654 1.75678
v -3.60167 -0.43866 1.73171
v -3.60859 -0.43866 1.60224
v -3.68424 -0.105368 1.53763
v -3.60167 -0.43866 1.73171
v -3.70981 -0.200688 1.77662
v -3.68424 -0.105368 1.53763
v -3.70983 -0.43866 1.85642
v -3.69069 -0.43866 2.04074
v -3.73499 -0.733862 2.02809
v -3.70983 -0.43866 1.85642
v -3.69069 -0.43866 2.04074
v -3.70981 -0.200688 1.77662
v -3.70983 -0.43866 1.85642
v -3.73499 -0.733862 2.02809
v -3.70395 -0.690654 1.75678
v -3.69069 -0.43866 2.04074
v -3.50769 -0.43866 2.13887
v -3.73499 -0.143458 2.02809
v -3.69069 -0.43866 2.04074
v -3.50769 -0.43866 2.13887
v -3.51972 -0.75579 2.12389
v -3.69069 -0.43866 2.04074
v -3.73499 -0.143458 2.02809
v -3.70981 -0.200688 1.77662
v -3.69069 -0.43866 2.04074
v -3.51972 -0.75579 2.12389
v -3.73499 -0.733862 2.02809
v 5.85775 -0.675428 1.43569
v 5.76712 -0.774794 1.50051
v 5.91324 -0.692885 1.55551
v 5.85775 -0.675428 1.43569
v 5.76712 -0.774794 1.50051
v 5.72235 -0.769171 1.44731
v 5.85775 -0.675428 1.43569
v 5.91324 -0.692885 1.55551
v 5.93584 -0.601254 1.47773
v 5.85775 -0.675428 1.43569
v 5.74863 -0.653064 1.39383
v 5.72235 -0.769171 1.44731
v 5.85775 -0.675428 1.43569
v 5.74863 -0.653064 1.39383
v 5.93584 -0.601254 1.47773
v -4.33383 -0.495598 -1.10959
v -4.42412 -0.569499 -1.39308
v -4.26028 -0.297525 -1.03094
v -4.33383 -0.495598 -1.10959
v -4.26028 -0.297525 -1.03094
v -4.21657 -0.457756 -0.668421
v -4.29777 -0.616367 -1.45124
v -4.20757 -0.593764 -1.48416
v -4.19249 -0.455973 -1.51519
v -4.29777 -0.616367 -1.45124
v -4.20757 -0.593764 -1.48416
v -4.03038 -0.5984 -1.16285
v -4.29777 -0.616367 -1.45124
v -4.30091 -0.592405 -1.29683
v -4.03038 -0.5984 -1.16285
v 4.75152 -1.07279 2.47832
v 4.76092 -1.05178 2.32002
v 4.78848 -1.04728 2.46671
v 4.75152 -1.07279 2.47832
v 4.76092 -1.05178 2.32002
v 4.71054 -1.03834 2.25639
v 4.75152 -1.07279 2.47832
v 4.8056 -1.022 2.56688
v 4.72603 -1.05167 2.47878
v 4.75152 -1.07279 2.47832
v 4.72603 -1.05167 2.47878
v 4.71054 -1.03834 2.25639
v 5.93147 -0.654273 1.67214
v 5.8959 -0.603365 1.62139
v 5.85251 -0.619058 1.63589
v 5.93147 -0.654273 1.67214
v 5.8959 -0.603365 1.62139
v 5.99808 -0.549438 1.66127
v 5.93147 -0.654273 1.67214
v 5.87192 -0.605253 1.84371
v 5.79202 -0.720296 1.78038
v 5.93147 -0.654273 1.67214
v 5.87192 -0.605253 1.84371
v 5.9671 -0.586799 1.7742
v 5.93147 -0.654273 1.67214
v 5.9671 -0.586799 1.7742
v 5.99808 -0.549438 1.66127
v 5.8959 -0.603365 1.62139
v 5.91324 -0.692885 1.55551
v 5.85251 -0.619058 1.63589
v 5.8959 -0.603365 1.62139
v 5.91324 -0.692885 1.55551
v 5.99808 -0.549438 1.66127
v 4.6248 -1.4281 3.14703
v 4.43596 -1.37785 2.99328
v 4.37475 -1.35993 3.11501
v 4.6248 -1.4281 3.14703
v 4.43596 -1.37785 2.99328
v 4.68606 -1.42686 3.12676
v 4.6248 -1.4281 3.14703
v 4.59475 -1.37324 3.18693
v 4.37475 -1.35993 3.11501
v 4.6248 -1.4281 3.14703
v 4.59475 -1.37324 3.18693
v 4.68606 -1.42686 3.12676
v 4.14893 -1.81554 2.82739
v 4.21314 -1.66694 2.81288
v 4.09321 -1.81927 2.86406
v 4.14893 -1.81554 2.82739
v 4.21314 -1.66694 2.81288
v 4.10318 -1.87877 2.72144
v 4.17047 -1.68051 2.8971
v 4.14785 -1.52469 2.81693
v 4.09321 -1.81927 2.86406
v 4.17047 -1.68051 2.8971
v 4.14785 -1.52469 2.81693
v 4.24408 -1.51993 2.87212
v 4.17047 -1.68051 2.8971
v 4.21314 -1.66694 2.81288
v 4.09321 -1.81927 2.86406
v 4.17047 -1.68051 2.8971
v 4.21314 -1.66694 2.81288
v 4.23529 -1.59119 2.80552
v 4.17047 -1.68051 2.8971
v 4.24408 -1.51993 2.87212
v 4.23529 -1.59119 2.80552
v 5.83787 -0.743844 1.58015
v 5.76712 -0.774794 1.50051
v 5.91324 -0.692885 1.55551
v 5.83787 -0.743844 1.58015
v 5.76712 -0.774794 1.50051
v 5.63935 -0.818138 1.52708
v 5.83787 -0.743844 1.58015
v 5.91324 -0.692885 1.55551
v 5.85251 -0.619058 1.63589
v 5.83787 -0.743844 1.58015
v 5.76252 -0.760073 1.68677
v 5.85251 -0.619058 1.63589
v 5.83787 -0.743844 1.58015
v 5.76252 -0.760073 1.68677
v 5.63935 -0.818138 1.52708
v 4.1503 -1.35571 2.25923
v 4.1279 -1.52917 2.26702
v 4.01669 -1.16722 2.43365
v 4.1503 -1.35571 2.25923
v 4.1279 -1.52917 2.26702
v 4.14938 -1.3819 2.38085
v 4.1503 -1.35571 2.25923
v 4.09411 -1.01709 2.32794
v 4.01669 -1.16722 2.43365
v 4.1503 -1.35571 2.25923
v 4.09411 -1.01709 2.32794
v 4.14938 -1.3819 2.38085
v 4.1279 -1.52917 2.26702
v 4.15217 -1.66366 2.30744
v 4.13675 -1.65861 2.6329
v 4.1279 -1.52917 2.26702
v 4.15217 -1.66366 2.30744
v 4.03887 -1.44807 2.40597
v 4.1279 -1.52917 2.26702
v 4.01669 -1.16722 2.43365
v 4.03887 -1.44807 2.40597
v 4.1279 -1.52917 2.26702
v 4.13675 -1.65861 2.6329
v 4.14938 -1.3819 2.38085
v 4.09411 -1.01709 2.32794
v 4.14888 -1.01242 2.19858
v 4.05989 -0.908747 2.29912
v 4.09411 -1.01709 2.32794
v 4.14938 -1.3819 2.38085
v 4.283 -1.22383 2.48187
v -3.34827 -0.438575 2.2064
v -3.50769 -0.43866 2.13887
v -3.53711 -0.339173 2.14712
v -3.34827 -0.438575 2.2064
v -3.50769 -0.43866 2.13887
v -3.36438 -0.537076 2.23163
v -3.34827 -0.438575 2.2064
v -3.53711 -0.339173 2.14712
v -3.36993 -0.327263 2.24238
v 4.9534 0.166949 2.3466
v 4.95374 0.153596 2.39124
v 5.0019 0.0480641 2.35306
v 4.9534 0.166949 2.3466
v 4.95374 0.153596 2.39124
v 4.97187 0.147366 2.36274
v 4.9534 0.166949 2.3466
v 4.95374 0.153596 2.39124
v 4.91467 0.186143 2.38203
v 4.9534 0.166949 2.3466
v 5.0019 0.0480641 2.35306
v 4.97187 0.147366 2.36274
v 4.9534 0.166949 2.3466
v 5.0019 0.0480641 2.35306
v 4.99242 0.0837523 2.29946
v 4.9534 0.166949 2.3466
v 4.99242 0.0837523 2.29946
v 4.9401 0.138111 2.28909
v 4.9534 0.166949 2.3466
v 4.9401 0.138111 2.28909
v 4.91467 0.186143 2.38203
v 4.95374 0.153596 2.39124
v 5.0019 0.0480641 2.35306
v 4.97187 0.147366 2.36274
v 4.95374 0.153596 2.39124
v 5.0019 0.0480641 2.35306
v 4.99593 0.0664853 2.43389
v 4.95374 0.153596 2.39124
v 4.99593 0.0664853 2.43389
v 4.91467 0.186143 2.38203
v 2.38683 -1.57514 -3.02356
v 2.3433 -1.63392 -3.06919
v 2.24798 -1.56612 -2.90414
v 2.38683 -1.57514 -3.02356
v 2.3433 -1.63392 -3.06919
v 2.16569 -1.35463 -3.15426
v 2.38683 -1.57514 -3.02356
v 2.24798 -1.56612 -2.90414
v 2.25158 -1.31982 -2.79591
v 2.00274 -1.12676 -3.08476
v 1.9339 -1.3511 -3.10759
v 2.16569 -1.35463 -3.15426
v 2.00274 -1.12676 -3.08476
v 1.9339 -1.3511 -3.10759
v 1.93512 -1.1322 -2.96975
v 2.00274 -1.12676 -3.08476
v 2.20401 -1.15487 -3.1159
v 2.16569 -1.35463 -3.15426
v 1.9339 -1.3511 -3.10759
v 2.02547 -1.6435 -3.11818
v 1.91939 -1.54953 -3.04842
v 1.9339 -1.3511 -3.10759
v 2.02547 -1.6435 -3.11818
v 2.16569 -1.35463 -3.15426
v 1.9339 -1.3511 -3.10759
v 1.91939 -1.54953 -3.04842
v 1.84105 -1.31994 -2.95862
v 1.9339 -1.3511 -3.10759
v 1.84105 -1.31994 -2.95862
v 1.93512 -1.1322 -2.96975
v 2.02547 -1.6435 -3.11818
v 2.25436 -1.67378 -3.11227
v 1.98119 -1.61919 -3.00262
v 2.02547 -1.6435 -3.11818
v 2.25436 -1.67378 -3.11227
v 2.16569 -1.35463 -3.15426
v 2.02547 -1.6435 -3.11818
v 1.98119 -1.61919 -3.00262
v 1.91939 -1.54953 -3.04842
v 2.25436 -1.67378 -3.11227
v 2.3433 -1.63392 -3.06919
v 2.13877 -1.65339 -2.95902
v 2.25436 -1.67378 -3.11227
v 2.3433 -1.63392 -3.06919
v 2.16569 -1.35463 -3.15426
v 2.25436 -1.67378 -3.11227
v 1.98119 -1.61919 -3.00262
v 2.13877 -1.65339 -2.95902
v 2.3433 -1.63392 -3.06919
v 2.13877 -1.65339 -2.95902
v 2.24798 -1.56612 -2.90414
v 2.25436 0.79646 -3.11227
v 2.13877 0.77607 -2.95902
v 2.24798 0.6888 -2.90414
v 2.25436 0.79646 -3.11227
v 2.24798 0.6888 -2.90414
v 2.3433 0.7566 -3.06919
v 2.13877 0.77607 -2.95902
v 2.24798 0.6888 -2.90414
v 2.16283 0.63283 -2.78592
v 2.13877 0.77607 -2.95902
v 2.16283 0.63283 -2.78592
v 2.01289 0.646884 -2.74244
v 2.24798 0.6888 -2.90414
v 2.3433 0.7566 -3.06919
v 2.28123 0.60482 -2.89959
v 2.24798 0.6888 -2.90414
v 2.28123 0.60482 -2.89959
v 2.16283 0.63283 -2.78592
v 2.3433 0.7566 -3.06919
v 2.28123 0.60482 -2.89959
v 2.38683 0.69782 -3.02356
v 2.11003 0.63016 -2.7096
v 1.98062 0.525577 -2.60524
v 2.01289 0.646884 -2.74244
v 2.11003 0.63016 -2.7096
v 2.16283 0.63283 -2.78592
v 2.01289 0.646884 -2.74244
v 1.85944 0.193562 1.88905
v 1.95825 0.423153 1.56893
v 1.50715 0.10236 1.96282
v 1.85944 0.193562 1.88905
v 1.95825 0.423153 1.56893
v 2.27611 0.228386 1.69625
v 0.733818 -0.43866 2.17953
v 0.234527 -0.43866 2.16878
v -0.491092 -0.232167 2.1053
v 0.733818 -0.43866 2.17953
v 0.234527 -0.43866 2.16878
v 0.752927 -0.821524 1.98661
v 0.733818 -0.43866 2.17953
v 1.66442 -0.434233 2.22996
v 1.46517 -0.6617 2.18057
v 0.733818 -0.43866 2.17953
v 1.46517 -0.6617 2.18057
v 0.752927 -0.821524 1.98661
v 0.733818 -0.43866 2.17953
v -0.491092 -0.232167 2.1053
v 0.774773 -0.00963521 1.94862
v 0.733818 -0.43866 2.17953
v 1.50715 0.10236 1.96282
v 0.774773 -0.00963521 1.94862
v 2.01309 -1.3497 -1.61325
v 1.93128 -1.33201 -2.02253
v 2.04327 -1.25066 -1.66767
v 2.01309 -1.3497 -1.61325
v 1.93128 -1.33201 -2.02253
v 1.90736 -1.43983 -1.68786
v 2.01309 -1.3497 -1.61325
v 2.04327 -1.25066 -1.66767
v 2.02009 -1.36699 -1.2739
v 2.01309 -1.3497 -1.61325
v 2.02009 -1.36699 -1.2739
v 1.90736 -1.43983 -1.68786
v 1.99408 -1.26321 -2.27439
v 1.95391 -1.26925 -2.02357
v 1.93128 -1.33201 -2.02253
v 1.99408 -1.26321 -2.27439
v 1.95391 -1.26925 -2.02357
v 1.97437 -1.20737 -2.31214
v 1.99408 -1.26321 -2.27439
v 2.10124 -1.29056 -2.55429
v 1.97437 -1.20737 -2.31214
v 1.99408 -1.26321 -2.27439
v 2.10124 -1.29056 -2.55429
v 2.07335 -1.39315 -2.56815
v 1.95391 -1.26925 -2.02357
v 1.93128 -1.33201 -2.02253
v 2.04327 -1.25066 -1.66767
v 1.95391 -1.26925 -2.02357
v 1.97437 -1.20737 -2.31214
v 1.9231 -1.13858 -1.74626
v 1.95391 -1.26925 -2.02357
v 2.04327 -1.25066 -1.66767
v 1.9231 -1.13858 -1.74626
v 1.77142 -1.38476 -2.33036
v 1.71832 -1.36046 -2.33681
v 1.67813 -1.32968 -2.06989
v 1.77142 -1.38476 -2.33036
v 1.71832 -1.36046 -2.33681
v 1.73461 -1.42094 -2.55004
v 1.77142 -1.38476 -2.33036
v 1.67813 -1.32968 -2.06989
v 1.79839 -1.37863 -2.03618
v 1.77142 -1.38476 -2.33036
v 1.79839 -1.37863 -2.03618
v 1.84488 -1.33324 -2.28923
v 1.77142 -1.38476 -2.33036
v 1.84488 -1.33324 -2.28923
v 1.86891 -1.41848 -2.50501
v 1.77142 -1.38476 -2.33036
v 1.73461 -1.42094 -2.55004
v 1.86891 -1.41848 -2.50501
v -3.50769 -0.43866 2.13887
v -3.51972 -0.12153 2.12389
v -3.73499 -0.143458 2.02809
v -3.50769 -0.43866 2.13887
v -3.66275 -0.402568 1.90865
v -3.53711 -0.339173 2.14712
v -3.50769 -0.43866 2.13887
v -3.66275 -0.402568 1.90865
v -3.53176 -0.537596 2.1519
v -3.50769 -0.43866 2.13887
v -3.36438 -0.537076 2.23163
v -3.53176 -0.537596 2.1519
v -3.87362 -0.241491 -0.320375
v -3.91688 -0.294962 -0.0847229
v -3.77602 -0.325488 0.247592
v -3.87362 -0.241491 -0.320375
v -3.69456 -0.35203 0.44093
v -3.77602 -0.325488 0.247592
v -4.11193 -0.1715 -0.89448
v -4.2019 -0.223801 -1.22989
v -4.00586 -0.17264 -1.1602
v -4.2019 -0.223801 -1.22989
v -4.35571 -0.46423 -1.50673
v -4.26028 -0.297525 -1.03094
v -3.84599 -0.457824 0.24984
v -3.81698 -0.487895 0.595732
v -3.82865 -0.413402 0.591836
v -3.84599 -0.457824 0.24984
v -3.81698 -0.487895 0.595732
v -3.78788 -0.499787 0.270171
v -3.84599 -0.457824 0.24984
v -3.8581 -0.390985 0.254931
v -3.82865 -0.413402 0.591836
v 4.21542 0.447104 2.78914
v 4.13579 0.281201 2.71698
v 4.23543 0.234739 2.71111
v 4.21542 0.447104 2.78914
v 4.13579 0.281201 2.71698
v 4.08183 0.40621 2.7067
v 4.03575 -0.0947028 2.8382
v 4.00011 -0.125406 2.86282
v 4.05432 -0.138295 2.94147
v 4.03575 -0.0947028 2.8382
v 4.00011 -0.125406 2.86282
v 4.03453 -0.0450009 2.80914
v 4.03575 -0.0947028 2.8382
v 4.05432 -0.138295 2.94147
v 4.03453 -0.0450009 2.80914
v 4.00011 -0.125406 2.86282
v 4.02902 -0.189275 2.95784
v 4.05432 -0.138295 2.94147
v 4.00011 -0.125406 2.86282
v 4.02902 -0.189275 2.95784
v 4.00082 -0.438306 2.94029
v 4.00011 -0.125406 2.86282
v 4.05432 -0.138295 2.94147
v 4.03453 -0.0450009 2.80914
v 4.00011 -0.125406 2.86282
v 4.03453 -0.0450009 2.80914
v 3.88707 -0.0637022 2.74086
v 4.00011 -0.125406 2.86282
v 3.88707 -0.0637022 2.74086
v 3.80395 -0.228488 2.7816
v 4.00011 -0.125406 2.86282
v 3.80395 -0.228488 2.7816
v 4.00082 -0.438306 2.94029
v 4.26732 0.17628 2.56065
v 4.30851 0.100508 2.50332
v 4.3628 0.0524573 2.59095
v 4.42303 0.164902 3
v 4.36145 0.148036 3.04671
v 4.40332 -0.0699599 2.94297
v 4.42303 0.164902 3
v 4.36145 0.148036 3.04671
v 4.5037 0.293994 3.06867
v 4.42303 0.164902 3
v 4.40332 -0.0699599 2.94297
v 4.44453 0.211306 2.9515
v 4.42303 0.164902 3
v 4.5037 0.293994 3.06867
v 4.44453 0.211306 2.9515
v 4.04473 -1.18287 2.69312
v 4.18174 -1.09944 2.72447
v 4.08934 -1.30804 2.71116
v 4.04473 -1.18287 2.69312
v 4.18174 -1.09944 2.72447
v 3.97229 -0.876535 2.74376
v 4.04473 -1.18287 2.69312
v 4.08934 -1.30804 2.71116
v 3.98429 -1.19208 2.58099
v 5.26065 -0.790722 1.62283
v 5.38955 -0.790131 1.56417
v 5.25064 -0.808307 1.82868
v 5.26065 -0.790722 1.62283
v 5.38955 -0.790131 1.56417
v 5.22897 -0.828611 1.58197
v 5.26065 -0.790722 1.62283
v 5.25064 -0.808307 1.82868
v 5.22897 -0.828611 1.58197
v 4.76092 -1.05178 2.32002
v 4.85258 -1.04369 2.32838
v 4.8451 -1.0694 2.41914
v 4.76092 -1.05178 2.32002
v 4.85258 -1.04369 2.32838
v 4.87413 -1.0546 2.28112
v 4.76092 -1.05178 2.32002
v 4.84288 -1.07668 2.45999
v 4.8451 -1.0694 2.41914
v 4.76092 -1.05178 2.32002
v 4.87413 -1.0546 2.28112
v 4.71054 -1.03834 2.25639
v 4.61541 -1.01643 2.0783
v 4.70506 -1.02425 1.85924
v 4.651 -1.06106 1.70746
v 4.61541 -1.01643 2.0783
v 4.70506 -1.02425 1.85924
v 4.71054 -1.03834 2.25639
v 4.61541 -1.01643 2.0783
v 4.651 -1.06106 1.70746
v 4.45197 -1.00142 2.46194
v 4.61541 -1.01643 2.0783
v 4.45197 -1.00142 2.46194
v 4.71054 -1.03834 2.25639
v 4.85258 -1.04369 2.32838
v 4.9311 -1.01998 2.29647
v 4.87413 -1.0546 2.28112
v 4.85258 -1.04369 2.32838
v 4.9311 -1.01998 2.29647
v 4.9555 -1.05015 2.36163
v 4.85258 -1.04369 2.32838
v 4.8451 -1.0694 2.41914
v 4.9555 -1.05015 2.36163
v 4.84288 -1.07668 2.45999
v 4.8451 -1.0694 2.41914
v 4.93912 -1.01212 2.48405
v 4.84288 -1.07668 2.45999
v 4.92022 -0.963604 2.52927
v 4.93912 -1.01212 2.48405
v 4.23549 -1.24227 3.07483
v 4.26295 -1.25879 2.93338
v 4.12398 -1.07691 2.96846
v 4.23549 -1.24227 3.07483
v 4.26295 -1.25879 2.93338
v 4.37475 -1.35993 3.11501
v 4.23549 -1.24227 3.07483
v 4.30088 -1.22602 3.13828
v 4.12398 -1.07691 2.96846
v 4.23549 -1.24227 3.07483
v 4.30088 -1.22602 3.13828
v 4.37475 -1.35993 3.11501
v 5.79741 -0.510966 1.31869
v 5.70463 -0.56679 1.28782
v 5.55536 -0.518375 1.27661
v 5.79741 -0.510966 1.31869
v 5.70463 -0.56679 1.28782
v 5.85917 -0.546533 1.37945
v 5.79741 -0.510966 1.31869
v 5.85917 -0.546533 1.37945
v 5.81847 -0.439572 1.36002
v 5.70463 -0.56679 1.28782
v 5.53929 -0.609269 1.29614
v 5.73781 -0.643888 1.35016
v 5.70463 -0.56679 1.28782
v 5.53929 -0.609269 1.29614
v 5.55536 -0.518375 1.27661
v 5.70463 -0.56679 1.28782
v 5.73781 -0.643888 1.35016
v 5.85917 -0.546533 1.37945
v 3.55939 -0.891195 1.14518
v 3.88063 -0.969788 1.71193
v 4.00568 -0.916724 1.42248
v 3.55939 -0.891195 1.14518
v 3.88063 -0.969788 1.71193
v 3.37752 -0.91838 1.54227
v 3.55939 -0.891195 1.14518
v 3.63865 -0.812905 0.870445
v 4.00568 -0.916724 1.42248
v 3.55939 -0.891195 1.14518
v 3.63865 -0.812905 0.870445
v 3.11228 -0.98914 0.890534
v 3.55939 -0.891195 1.14518
v 3.11228 -0.98914 0.890534
v 3.37752 -0.91838 1.54227
v 4.08556 -0.983066 1.72754
v 3.88063 -0.969788 1.71193
v 4.0662 -0.96777 2.1605
v 4.08556 -0.983066 1.72754
v 3.88063 -0.969788 1.71193
v 4.00568 -0.916724 1.42248
v 4.08556 -0.983066 1.72754
v 4.21755 -1.08143 1.81009
v 4.0662 -0.96777 2.1605
v 4.08556 -0.983066 1.72754
v 4.21755 -1.08143 1.81009
v 4.35931 -1.05621 1.57062
v 4.08556 -0.983066 1.72754
v 4.00568 -0.916724 1.42248
v 4.35931 -1.05621 1.57062
v 4.3198 -0.729872 1.16967
v 4.26266 -0.869182 1.33286
v 4.03001 -0.755917 1.09512
v 4.3198 -0.729872 1.16967
v 4.36584 -0.581938 1.13705
v 4.12341 -0.628581 1.07452
v 4.3198 -0.729872 1.16967
v 4.12341 -0.628581 1.07452
v 4.03001 -0.755917 1.09512
v 4.14888 -1.01242 2.19858
v 4.12112 -1.02585 2.05311
v 4.22871 -1.02293 2.18819
v 4.14888 -1.01242 2.19858
v 4.12112 -1.02585 2.05311
v 4.0662 -0.96777 2.1605
v 4.14888 -1.01242 2.19858
v 4.05989 -0.908747 2.29912
v 4.0662 -0.96777 2.1605
v 4.12112 -1.02585 2.05311
v 4.22871 -1.02293 2.18819
v 4.21755 -1.08143 1.81009
v 4.12112 -1.02585 2.05311
v 4.21755 -1.08143 1.81009
v 4.0662 -0.96777 2.1605
v 3.882 -0.914997 2.20309
v 4.05989 -0.908747 2.29912
v 4.0662 -0.96777 2.1605
v 3.882 -0.914997 2.20309
v 3.88063 -0.969788 1.71193
v 4.0662 -0.96777 2.1605
v 3.882 -0.914997 2.20309
v 3.88063 -0.969788 1.71193
v 3.37752 -0.91838 1.54227
v 3.882 -0.914997 2.20309
v 3.37752 -0.91838 1.54227
v 3.26135 -0.746962 2.25799
v 3.882 -0.914997 2.20309
v 3.26135 -0.746962 2.25799
v 3.82026 -0.864717 2.558
v 4.15118 -0.933266 3.01772
v 4.09183 -0.918118 2.95331
v 4.08963 -0.708309 2.99133
v 4.15118 -0.933266 3.01772
v 4.25213 -0.985317 3.07608
v 4.08963 -0.708309 2.99133
v 4.57757 -0.182464 2.82819
v 4.4636 -0.51223 2.95922
v 4.35098 -0.179046 3.02471
v 4.57757 -0.182464 2.82819
v 4.4636 -0.51223 2.95922
v 4.65271 -0.335056 2.80252
v 4.57757 -0.182464 2.82819
v 4.4606 -0.0372307 2.85456
v 4.35098 -0.179046 3.02471
v 5.07599 -0.882453 2.33966
v 5.05668 -0.857108 2.22825
v 5.01102 -0.902991 2.31708
v 5.07599 -0.882453 2.33966
v 5.05668 -0.857108 2.22825
v 5.1068 -0.783076 2.30415
v 5.07599 -0.882453 2.33966
v 5.01102 -0.902991 2.31708
v 5.04408 -0.90163 2.42517
v 5.07599 -0.882453 2.33966
v 5.09119 -0.849161 2.41763
v 5.1068 -0.783076 2.30415
v 5.07599 -0.882453 2.33966
v 5.09119 -0.849161 2.41763
v 5.04408 -0.90163 2.42517
v -2.7366 -1.70824 -2.95619
v -2.85696 -1.7955 -3.01107
v -2.63155 -1.77604 -3.12123
v -2.7366 -1.70824 -2.95619
v -2.85696 -1.7955 -3.01107
v -3.04377 -1.64986 -2.77976
v -2.7366 -1.70824 -2.95619
v -2.64676 -1.55622 -2.97063
v -2.8367 -1.65331 -2.8345
v -2.7366 -1.70824 -2.95619
v -2.8367 -1.65331 -2.8345
v -3.04377 -1.64986 -2.77976
v -2.85696 -1.7955 -3.01107
v -3.03063 -1.76131 -3.05467
v -2.72957 -1.8159 -3.16432
v -2.85696 -1.7955 -3.01107
v -3.03063 -1.76131 -3.05467
v -3.13006 -1.63484 -2.82905
v -2.85696 -1.7955 -3.01107
v -2.63155 -1.77604 -3.12123
v -2.72957 -1.8159 -3.16432
v -2.85696 -1.7955 -3.01107
v -3.13006 -1.63484 -2.82905
v -3.04377 -1.64986 -2.77976
v -3.03063 -1.76131 -3.05467
v -2.72957 -1.8159 -3.16432
v -2.98182 -1.78562 -3.17023
v -2.63155 -1.77604 -3.12123
v -2.72957 -1.8159 -3.16432
v -2.82675 -1.49649 -3.20637
v -2.72957 -1.8159 -3.16432
v -2.98182 -1.78562 -3.17023
v -2.82675 -1.49649 -3.20637
v -2.98182 -1.78562 -3.17023
v -3.08274 -1.49322 -3.15964
v -2.82675 -1.49649 -3.20637
v -2.66896 -1.38229 -2.95885
v -2.59351 -1.38111 -3.09749
v -2.92313 -1.25102 -2.92369
v -2.66896 -1.38229 -2.95885
v -2.64676 -1.55622 -2.97063
v -2.75611 -1.46403 -2.80829
v -2.66896 -1.38229 -2.95885
v -2.76097 -1.3967 -2.83451
v -2.75611 -1.46403 -2.80829
v -2.66896 -1.38229 -2.95885
v -2.76097 -1.3967 -2.83451
v -2.92313 -1.25102 -2.92369
v -3.30186 -1.55353 -2.63612
v -3.3018 -1.5679 -2.56469
v -3.33262 -1.42493 -2.56501
v -3.30186 -1.55353 -2.63612
v -3.3018 -1.5679 -2.56469
v -3.19192 -1.5713 -2.54083
v -3.30186 -1.55353 -2.63612
v -3.1502 -1.57482 -2.68752
v -3.21296 -1.52331 -2.74359
v -3.30186 -1.55353 -2.63612
v -3.1502 -1.57482 -2.68752
v -3.19192 -1.5713 -2.54083
v -3.16697 -1.25077 -2.56411
v -3.14458 -1.2811 -2.32777
v -3.02893 -1.30067 -2.59696
v -3.16697 -1.25077 -2.56411
v -3.14458 -1.2811 -2.32777
v -3.27519 -1.30935 -2.54713
v -2.59351 -1.38111 -3.09749
v -2.78461 -1.2971 -3.16798
v -2.92313 -1.25102 -2.92369
v -3.00687 -1.26888 -3.1368
v -3.08274 -1.49322 -3.15964
v -2.82675 -1.49649 -3.20637
v -3.00687 -1.26888 -3.1368
v -3.08274 -1.49322 -3.15964
v -3.08061 -1.27423 -3.02366
v -3.00687 -1.26888 -3.1368
v -2.78461 -1.2971 -3.16798
v -2.82675 -1.49649 -3.20637
v -3.00687 -1.26888 -3.1368
v -2.78461 -1.2971 -3.16798
v -2.92313 -1.25102 -2.92369
v -3.00687 -1.26888 -3.1368
v -3.08061 -1.27423 -3.02366
v -2.92313 -1.25102 -2.92369
v -3.10711 -1.53089 -2.50916
v -3.05327 -1.48167 -2.32624
v -3.18695 -1.47811 -2.34539
v -3.10711 -1.53089 -2.50916
v -3.05327 -1.48167 -2.32624
v -2.92852 -1.53535 -2.62097
v -3.10711 -1.53089 -2.50916
v -3.18695 -1.47811 -2.34539
v -3.19192 -1.5713 -2.54083
v -2.69996 0.74693 -2.95164
v -2.7366 0.83092 -2.95619
v -2.82989 0.774614 -2.83823
v -2.69996 0.74693 -2.95164
v -2.74114 0.600682 -2.84526
v -2.82989 0.774614 -2.83823
v -2.7366 0.83092 -2.95619
v -2.85696 0.91818 -3.01107
v -2.82989 0.774614 -2.83823
v -2.85696 0.91818 -3.01107
v -3.03063 0.88399 -3.05467
v -2.99591 0.789029 -2.79453
v -2.85696 0.91818 -3.01107
v -2.82989 0.774614 -2.83823
v -2.99591 0.789029 -2.79453
v -3.03063 0.88399 -3.05467
v -3.09873 0.81433 -3.10046
v -3.16971 0.748228 -2.94351
v -3.03063 0.88399 -3.05467
v -3.11786 0.769187 -2.83917
v -3.16971 0.748228 -2.94351
v -3.03063 0.88399 -3.05467
v -3.11786 0.769187 -2.83917
v -2.99591 0.789029 -2.79453
v -3.09873 0.81433 -3.10046
v -3.08274 0.6159 -3.15964
v -3.16971 0.748228 -2.94351
v -3.09873 0.81433 -3.10046
v -3.08274 0.6159 -3.15964
v -2.86573 0.62228 -3.20801
v -2.8225 0.68232 -2.74789
v -2.88863 0.77227 -2.76164
v -3.03125 0.66769 -2.65728
v -2.8225 0.68232 -2.74789
v -2.88863 0.77227 -2.76164
v -2.82989 0.774614 -2.83823
v -2.88863 0.77227 -2.76164
v -3.03125 0.66769 -2.65728
v -2.99591 0.789029 -2.79453
v -2.88863 0.77227 -2.76164
v -2.82989 0.774614 -2.83823
v -2.99591 0.789029 -2.79453
v -3.03125 0.66769 -2.65728
v -3.10711 0.65357 -2.50916
v -3.14554 0.699244 -2.68666
v -3.03125 0.66769 -2.65728
v -3.14554 0.699244 -2.68666
v -2.99591 0.789029 -2.79453
v -3.10711 0.65357 -2.50916
v -2.98635 0.64902 -2.49511
v -3.16228 0.594051 -2.34152
v -3.10711 0.65357 -2.50916
v -3.16228 0.594051 -2.34152
v -3.18465 0.69697 -2.53489
v -3.10711 0.65357 -2.50916
v -3.18465 0.69697 -2.53489
v -3.14554 0.699244 -2.68666
v -3.26181 0.64956 -2.38241
v -3.16228 0.594051 -2.34152
v -3.17924 0.621606 -2.13103
v -3.26181 0.64956 -2.38241
v -3.16228 0.594051 -2.34152
v -3.18465 0.69697 -2.53489
v -2.66896 0.504966 -2.95885
v -2.59351 0.50379 -3.09749
v -2.74114 0.600682 -2.84526
v -2.66896 0.504966 -2.95885
v -2.59351 0.50379 -3.09749
v -2.79463 0.415936 -3.16905
v -2.66896 0.504966 -2.95885
v -2.74114 0.600682 -2.84526
v -2.77385 0.515422 -2.82153
v -2.66896 0.504966 -2.95885
v -2.77385 0.515422 -2.82153
v -2.9092 0.376453 -2.92897
v -2.66896 0.504966 -2.95885
v -2.9092 0.376453 -2.92897
v -2.79463 0.415936 -3.16905
v -3.3473 0.516551 -2.13497
v -3.40422 0.511694 -1.77209
v -3.19395 0.61039 -1.84243
v -3.3473 0.516551 -2.13497
v -3.40422 0.511694 -1.77209
v -3.38023 0.452059 -2.06996
v -3.3473 0.516551 -2.13497
v -3.19395 0.61039 -1.84243
v -3.17924 0.621606 -2.13103
v -3.3473 0.516551 -2.13497
v -3.33648 0.540523 -2.50537
v -3.38023 0.452059 -2.06996
v -3.30037 0.440324 -2.35707
v -3.25673 0.411033 -2.59347
v -3.33648 0.540523 -2.50537
v -3.30037 0.440324 -2.35707
v -3.14284 0.405628 -2.34215
v -3.29323 0.415449 -2.064
v -3.30037 0.440324 -2.35707
v -3.33648 0.540523 -2.50537
v -3.38023 0.452059 -2.06996
v -3.30037 0.440324 -2.35707
v -3.29323 0.415449 -2.064
v -3.38023 0.452059 -2.06996
v -3.38725 -1.11152 -1.04737
v -3.3048 -1.0821 -1.14353
v -3.51844 -1.01215 -0.931087
v -3.38725 -1.11152 -1.04737
v -3.322 -1.32592 -0.93846
v -3.32256 -1.18166 -0.910814
v -3.38725 -1.11152 -1.04737
v -3.51844 -1.01215 -0.931087
v -3.32256 -1.18166 -0.910814
v -3.38725 0.234201 -1.04737
v -3.3048 0.204785 -1.14353
v -3.28526 -0.116597 -1.17797
v -3.38725 0.234201 -1.04737
v -3.3048 0.204785 -1.14353
v -3.42676 0.304286 -1.54429
v -3.38725 0.234201 -1.04737
v -3.49852 0.323812 -1.32342
v -3.42676 0.304286 -1.54429
v -3.38725 0.234201 -1.04737
v -3.32036 0.448463 -0.934789
v -3.32063 0.306578 -0.892729
v -3.38725 0.234201 -1.04737
v -3.50591 -0.0886967 -0.974941
v -3.28526 -0.116597 -1.17797
v -3.38725 0.234201 -1.04737
v -3.50591 -0.0886967 -0.974941
v -3.59643 0.0950977 -0.806626
v -3.38725 0.234201 -1.04737
v -3.32063 0.306578 -0.892729
v -3.59643 0.0950977 -0.806626
v -3.23261 -1.52649 -1.39564
v -3.196 -1.51271 -1.6849
v -3.03866 -1.54441 -1.42791
v -3.23261 -1.52649 -1.39564
v -2.92386 -1.57196 -1.07727
v -3.03866 -1.54441 -1.42791
v -3.23261 -1.52649 -1.39564
v -2.92386 -1.57196 -1.07727
v -3.01467 -1.54963 -0.906871
v -3.23261 -1.52649 -1.39564
v -3.18697 -1.40121 -0.947824
v -3.01467 -1.54963 -0.906871
v -3.3048 0.204785 -1.14353
v -3.07932 0.313752 -1.64007
v -3.02956 0.208435 -1.31291
v -3.3048 0.204785 -1.14353
v -3.07932 0.313752 -1.64007
v -3.42676 0.304286 -1.54429
v -3.3048 0.204785 -1.14353
v -3.02956 0.208435 -1.31291
v -3.28526 -0.116597 -1.17797
v -3.3048 -1.0821 -1.14353
v -3.25009 -0.844822 -1.2079
v -3.02514 -1.0899 -1.31279
v -3.3048 -1.0821 -1.14353
v -3.25009 -0.844822 -1.2079
v -3.51844 -1.01215 -0.931087
v -3.3048 -1.0821 -1.14353
v -3.02514 -1.0899 -1.31279
v -3.40821 -1.16885 -1.48948
v -2.73418 -1.18824 -1.27929
v -2.59136 -1.32413 -1.07218
v -2.36674 -1.32475 -1.11535
v -2.73418 -1.18824 -1.27929
v -2.59136 -1.32413 -1.07218
v -2.88181 -1.452 -1.37407
v -2.73418 -1.18824 -1.27929
v -2.54924 -1.04606 -1.39434
v -2.36674 -1.32475 -1.11535
v -2.73418 -1.18824 -1.27929
v -2.54924 -1.04606 -1.39434
v -2.69617 -1.01571 -1.41181
v -2.73418 -1.18824 -1.27929
v -2.88181 -1.452 -1.37407
v -2.92137 -1.3101 -1.55558
v -2.73418 0.310921 -1.27929
v -2.81158 0.274077 -1.35955
v -2.96422 0.337912 -1.54007
v -2.73418 0.310921 -1.27929
v -2.81158 0.274077 -1.35955
v -2.68452 0.145764 -1.4106
v -2.73418 0.310921 -1.27929
v -2.96422 0.337912 -1.54007
v -2.89244 0.43946 -1.51215
v -2.73418 0.310921 -1.27929
v -2.89244 0.43946 -1.51215
v -2.89142 0.581185 -1.37611
v -2.73418 0.310921 -1.27929
v -2.55113 0.16775 -1.39778
v -2.45848 0.43972 -1.11997
v -2.73418 0.310921 -1.27929
v -2.55113 0.16775 -1.39778
v -2.68452 0.145764 -1.4106
v -2.73418 0.310921 -1.27929
v -2.45848 0.43972 -1.11997
v -2.59858 0.454894 -1.06631
v -2.73418 0.310921 -1.27929
v -2.59858 0.454894 -1.06631
v -2.89142 0.581185 -1.37611
v -2.81158 0.274077 -1.35955
v -2.96422 0.337912 -1.54007
v -3.02956 0.208435 -1.31291
v -2.81158 0.274077 -1.35955
v -3.02956 0.208435 -1.31291
v -2.70601 0.0425061 -1.44689
v -2.81158 0.274077 -1.35955
v -2.68452 0.145764 -1.4106
v -2.70601 0.0425061 -1.44689
v -2.96422 0.337912 -1.54007
v -2.89244 0.43946 -1.51215
v -2.98119 0.419693 -1.70406
v -2.96422 0.337912 -1.54007
v -2.98119 0.419693 -1.70406
v -3.07932 0.313752 -1.64007
v -2.96422 0.337912 -1.54007
v -3.07932 0.313752 -1.64007
v -3.02956 0.208435 -1.31291
v -2.89244 0.43946 -1.51215
v -2.98119 0.419693 -1.70406
v -2.99431 0.541719 -1.74546
v -2.89244 0.43946 -1.51215
v -2.99431 0.541719 -1.74546
v -2.89142 0.581185 -1.37611
v -2.98119 0.419693 -1.70406
v -3.07932 0.313752 -1.64007
v -3.0415 0.454316 -1.92269
v -2.98119 0.419693 -1.70406
v -3.0415 0.454316 -1.92269
v -2.99431 0.541719 -1.74546
v -2.61408 -0.843585 -1.46634
v -2.50382 -0.870116 -1.47115
v -2.72887 -0.44263 -1.40354
v -2.61408 -0.843585 -1.46634
v -2.50382 -0.870116 -1.47115
v -2.55005 -0.902902 -1.69806
v -2.61408 -0.843585 -1.46634
v -2.61807 -0.879944 -1.60776
v -2.70164 -0.908378 -1.4494
v -2.61408 -0.843585 -1.46634
v -2.61807 -0.879944 -1.60776
v -2.55005 -0.902902 -1.69806
v -2.61408 -0.843585 -1.46634
v -2.72887 -0.44263 -1.40354
v -2.70164 -0.908378 -1.4494
v -2.50382 -0.870116 -1.47115
v -2.51874 -0.941577 -1.68724
v -2.55005 -0.902902 -1.69806
v -2.50382 -0.870116 -1.47115
v -2.51874 -0.941577 -1.68724
v -2.43212 -0.936411 -1.4421
v -3.46375 -1.28333 -1.64123
v -3.39411 -1.38879 -1.83891
v -3.45109 -1.37541 -1.63473
v -3.46375 -1.28333 -1.64123
v -3.39411 -1.38879 -1.83891
v -3.37967 -1.33256 -2.07409
v -3.46375 -1.28333 -1.64123
v -3.37967 -1.33256 -2.07409
v -3.40821 -1.16885 -1.48948
v -3.05327 -1.48167 -2.32624
v -3.02253 -1.40874 -2.30971
v -3.08014 -1.47663 -1.84865
v -3.05327 -1.48167 -2.32624
v -3.02253 -1.40874 -2.30971
v -2.92852 -1.53535 -2.62097
v -3.13277 0.409979 -2.09001
v -3.14284 0.405628 -2.34215
v -3.01797 0.505151 -2.32996
v -3.13277 0.409979 -2.09001
v -3.14284 0.405628 -2.34215
v -3.29323 0.415449 -2.064
v -3.13277 0.409979 -2.09001
v -3.18017 0.375346 -1.89113
v -3.0415 0.454316 -1.92269
v -3.13277 0.409979 -2.09001
v -3.18017 0.375346 -1.89113
v -3.29323 0.415449 -2.064
v -3.13277 0.409979 -2.09001
v -3.0415 0.454316 -1.92269
v -3.01797 0.505151 -2.32996
v -3.02282 0.540488 -2.08358
v -3.0415 0.454316 -1.92269
v -2.99431 0.541719 -1.74546
v -3.02282 0.540488 -2.08358
v -3.0415 0.454316 -1.92269
v -3.01797 0.505151 -2.32996
v -3.02282 0.540488 -2.08358
v -2.99431 0.541719 -1.74546
v -3.06397 0.600963 -2.29222
v -3.02282 0.540488 -2.08358
v -3.01797 0.505151 -2.32996
v -3.06397 0.600963 -2.29222
v -2.98635 0.64902 -2.49511
v -2.8981 0.556105 -2.6059
v -3.06397 0.600963 -2.29222
v -2.98635 0.64902 -2.49511
v -3.16228 0.594051 -2.34152
v -3.06397 0.600963 -2.29222
v -2.59351 0.50379 -3.09749
v -2.86573 0.62228 -3.20801
v -2.79463 0.415936 -3.16905
v -3.2837 0.355238 -0.292307
v -3.41565 0.232385 0.129695
v -3.44064 0.300111 0.227806
v -3.2837 0.355238 -0.292307
v -3.41565 0.232385 0.129695
v -3.57222 0.225549 -0.35396
v -3.2837 0.355238 -0.292307
v -3.25185 0.377439 -0.51098
v -3.57222 0.225549 -0.35396
v -3.2837 0.355238 -0.292307
v -3.44064 0.300111 0.227806
v -3.24254 0.576663 -0.158593
v -3.41565 0.232385 0.129695
v -3.44064 0.300111 0.227806
v -3.524 -0.0446281 0.591105
v -3.41565 0.232385 0.129695
v -3.57222 0.225549 -0.35396
v -3.524 -0.0446281 0.591105
v -3.4926 0.253622 -0.74199
v -3.25185 0.377439 -0.51098
v -3.57222 0.225549 -0.35396
v -3.4926 0.253622 -0.74199
v -3.25185 0.377439 -0.51098
v -3.32063 0.306578 -0.892729
v -3.4926 0.253622 -0.74199
v -3.57222 0.225549 -0.35396
v -3.59643 0.0950977 -0.806626
v -3.4926 0.253622 -0.74199
v -3.32063 0.306578 -0.892729
v -3.59643 0.0950977 -0.806626
v -0.487217 1.06537 -0.75486
v -0.505045 1.20695 -0.475167
v 0.181592 0.991803 -0.45112
v -0.487217 1.06537 -0.75486
v -0.04157 0.95652 -0.70517
v -0.531408 0.836135 -0.994935
v -0.487217 1.06537 -0.75486
v -0.04157 0.95652 -0.70517
v 0.181592 0.991803 -0.45112
v -0.487217 1.06537 -0.75486
v -0.998289 0.900335 -0.90855
v -0.531408 0.836135 -0.994935
v -0.505045 1.20695 -0.475167
v -0.533528 1.26275 -0.14362
v 0.010486 1.13764 -0.0636572
v -0.505045 1.20695 -0.475167
v 0.010486 1.13764 -0.0636572
v 0.181592 0.991803 -0.45112
v -0.04157 0.95652 -0.70517
v -0.531408 0.836135 -0.994935
v -0.0882667 0.774204 -0.935062
v -0.04157 0.95652 -0.70517
v -0.0882667 0.774204 -0.935062
v 0.181592 0.991803 -0.45112
v -2.06479 0.97321 0.457449
v -2.15409 0.849195 0.779129
v -2.38467 0.960104 0.416777
v -2.06479 0.97321 0.457449
v -2.15409 0.849195 0.779129
v -1.8288 0.919318 0.499684
v -1.4897 1.07233 0.414445
v -1.05343 1.25159 0.0961068
v -1.36477 1.00674 0.822421
v -1.4897 1.07233 0.414445
v -1.8288 0.919318 0.499684
v -1.36477 1.00674 0.822421
v -1.4897 1.07233 0.414445
v -1.8288 0.919318 0.499684
v -1.88315 0.939387 0.177807
v -1.05343 1.25159 0.0961068
v -0.533528 1.26275 -0.14362
v -0.536767 1.24357 0.294206
v -1.05343 1.25159 0.0961068
v -0.536767 1.24357 0.294206
v -1.36477 1.00674 0.822421
v -0.533528 1.26275 -0.14362
v 0.010486 1.13764 -0.0636572
v -0.0203822 1.08848 0.481469
v -0.533528 1.26275 -0.14362
v -0.536767 1.24357 0.294206
v -0.0203822 1.08848 0.481469
v 0.010486 1.13764 -0.0636572
v -0.0203822 1.08848 0.481469
v 0.551908 0.932452 0.116039
v 0.010486 1.13764 -0.0636572
v 0.551908 0.932452 0.116039
v 0.181592 0.991803 -0.45112
v -2.03341 -1.40288 -0.47137
v -1.7823 -1.38204 -0.58192
v -2.0472 -1.47515 -0.431264
v -2.03341 -1.40288 -0.47137
v -1.7823 -1.38204 -0.58192
v -2.15355 -1.40977 -0.866166
v -2.03341 -1.40288 -0.47137
v -2.0472 -1.47515 -0.431264
v -2.30099 -1.53883 -0.535156
v -2.03341 -1.40288 -0.47137
v -2.30099 -1.53883 -0.535156
v -2.43769 -1.40418 -0.823497
v -2.03341 -1.40288 -0.47137
v -2.15355 -1.40977 -0.866166
v -2.43769 -1.40418 -0.823497
v -1.7823 -1.38204 -0.58192
v -1.75757 -1.51449 -0.506677
v -2.0472 -1.47515 -0.431264
v -1.7823 -1.38204 -0.58192
v -1.68276 -1.30409 -0.974429
v -2.15355 -1.40977 -0.866166
v -3.41565 -1.1097 0.129695
v -3.2837 -1.23256 -0.292307
v -3.44299 -1.17388 0.236088
v -3.41565 -1.1097 0.129695
v -3.2837 -1.23256 -0.292307
v -3.5555 -1.102 -0.299078
v -3.41565 -1.1097 0.129695
v -3.44299 -1.17388 0.236088
v -3.49655 -0.934651 0.447366
v -3.41565 -1.1097 0.129695
v -3.49655 -0.934651 0.447366
v -3.5555 -1.102 -0.299078
v -3.53665 -0.76066 0.880937
v -3.54161 -0.800001 0.499291
v -3.53608 -0.464667 0.835413
v -3.53665 -0.76066 0.880937
v -3.54161 -0.800001 0.499291
v -3.49655 -0.934651 0.447366
v -3.53665 -0.76066 0.880937
v -3.56471 -0.980905 0.786461
v -3.49655 -0.934651 0.447366
v -3.53665 -0.76066 0.880937
v -3.56471 -0.980905 0.786461
v -3.66486 -0.818355 1.37078
v -3.53665 -0.76066 0.880937
v -3.57608 -0.720686 1.26603
v -3.53608 -0.464667 0.835413
v -3.53665 -0.76066 0.880937
v -3.57608 -0.720686 1.26603
v -3.66486 -0.818355 1.37078
v -2.41473 -1.83404 0.330283
v -2.27634 -1.70669 -0.251163
v -2.38292 -1.8137 0.0212099
v -2.41473 -1.83404 0.330283
v -2.27634 -1.70669 -0.251163
v -2.18763 -1.84556 0.0632059
v -2.41473 -1.83404 0.330283
v -2.38292 -1.8137 0.0212099
v -2.94535 -1.71486 -0.106537
v -2.41473 -1.83404 0.330283
v -2.18763 -1.84556 0.0632059
v -2.42746 -1.79093 0.620505
v -2.41473 -1.83404 0.330283
v -2.42746 -1.79093 0.620505
v -2.95585 -1.62374 0.867141
v -2.41473 -1.83404 0.330283
v -2.95585 -1.62374 0.867141
v -2.94535 -1.71486 -0.106537
v -3.2837 -1.23256 -0.292307
v -3.25164 -1.25787 -0.517245
v -3.23353 -1.45331 -0.231364
v -3.2837 -1.23256 -0.292307
v -3.25164 -1.25787 -0.517245
v -3.5555 -1.102 -0.299078
v -3.2837 -1.23256 -0.292307
v -3.23353 -1.45331 -0.231364
v -3.44299 -1.17388 0.236088
v -2.27634 -1.70669 -0.251163
v -2.38292 -1.8137 0.0212099
v -2.30099 -1.53883 -0.535156
v -2.27634 -1.70669 -0.251163
v -2.18763 -1.84556 0.0632059
v -2.03365 -1.7163 -0.0873521
v -2.27634 -1.70669 -0.251163
v -2.03365 -1.7163 -0.0873521
v -2.0472 -1.47515 -0.431264
v -2.27634 -1.70669 -0.251163
v -2.0472 -1.47515 -0.431264
v -2.30099 -1.53883 -0.535156
v -2.38292 -1.8137 0.0212099
v -2.61647 -1.78279 -0.072713
v -2.43051 -1.69315 -0.383653
v -2.38292 -1.8137 0.0212099
v -2.61647 -1.78279 -0.072713
v -2.94535 -1.71486 -0.106537
v -2.38292 -1.8137 0.0212099
v -2.43051 -1.69315 -0.383653
v -2.30099 -1.53883 -0.535156
v -2.61647 -1.78279 -0.072713
v -2.93766 -1.65807 -0.56409
v -2.64126 -1.66569 -0.596408
v -2.61647 -1.78279 -0.072713
v -2.93766 -1.65807 -0.56409
v -2.94535 -1.71486 -0.106537
v -2.61647 -1.78279 -0.072713
v -2.43051 -1.69315 -0.383653
v -2.64126 -1.66569 -0.596408
v -2.93766 -1.65807 -0.56409
v -2.64126 -1.66569 -0.596408
v -3.01467 -1.54963 -0.906871
v -2.93766 -1.65807 -0.56409
v -3.01467 -1.54963 -0.906871
v -2.94535 -1.71486 -0.106537
v -2.43051 -1.69315 -0.383653
v -2.56675 -1.60576 -0.77265
v -2.64126 -1.66569 -0.596408
v -2.43051 -1.69315 -0.383653
v -2.56675 -1.60576 -0.77265
v -2.30099 -1.53883 -0.535156
v -2.76507 -1.52297 -1.1225
v -2.56675 -1.60576 -0.77265
v -2.64126 -1.66569 -0.596408
v -2.76507 -1.52297 -1.1225
v -2.56675 -1.60576 -0.77265
v -2.88181 -1.452 -1.37407
v -2.76507 -1.52297 -1.1225
v -2.64126 -1.66569 -0.596408
v -2.92386 -1.57196 -1.07727
v -2.76507 -1.52297 -1.1225
v -2.92386 -1.57196 -1.07727
v -3.03866 -1.54441 -1.42791
v -2.76507 -1.52297 -1.1225
v -3.03866 -1.54441 -1.42791
v -2.88181 -1.452 -1.37407
v -2.56675 -1.60576 -0.77265
v -2.59136 -1.32413 -1.07218
v -2.88181 -1.452 -1.37407
v -2.56675 -1.60576 -0.77265
v -2.59136 -1.32413 -1.07218
v -2.43769 -1.40418 -0.823497
v -2.56675 -1.60576 -0.77265
v -2.30099 -1.53883 -0.535156
v -2.43769 -1.40418 -0.823497
v -2.59136 -1.32413 -1.07218
v -2.36674 -1.32475 -1.11535
v -2.15355 -1.40977 -0.866166
v -2.59136 -1.32413 -1.07218
v -2.15355 -1.40977 -0.866166
v -2.43769 -1.40418 -0.823497
v -1.75757 -1.51449 -0.506677
v -1.40766 -1.55159 -0.79737
v -1.83243 -1.69364 -0.186672
v -1.75757 -1.51449 -0.506677
v -2.0472 -1.47515 -0.431264
v -1.83243 -1.69364 -0.186672
v -1.77893 -1.21511 -1.11154
v -1.60162 -1.04427 -1.15466
v -1.65976 -1.22684 -1.1057
v -1.77893 -1.21511 -1.11154
v -1.60162 -1.04427 -1.15466
v -1.94256 -0.935319 -1.3886
v -1.77893 -1.21511 -1.11154
v -1.65976 -1.22684 -1.1057
v -1.68276 -1.30409 -0.974429
v -1.77893 -1.21511 -1.11154
v -1.68276 -1.30409 -0.974429
v -2.36674 -1.32475 -1.11535
v -1.77893 -1.21511 -1.11154
v -1.94256 -0.935319 -1.3886
v -2.0295 -0.995578 -1.37809
v -1.77893 -1.21511 -1.11154
v -2.0295 -0.995578 -1.37809
v -2.36674 -1.32475 -1.11535
v -1.60162 -1.04427 -1.15466
v -1.41012 -1.05249 -1.24744
v -1.41464 -0.817846 -1.27635
v -1.60162 -1.04427 -1.15466
v -1.88014 -0.842336 -1.38511
v -1.94256 -0.935319 -1.3886
v -1.60162 -1.04427 -1.15466
v -1.88014 -0.842336 -1.38511
v -1.58924 -0.772778 -1.26449
v -1.60162 -1.04427 -1.15466
v -1.41464 -0.817846 -1.27635
v -1.58924 -0.772778 -1.26449
v -1.79983 -0.43866 -1.31448
v -1.94631 -0.782911 -1.43408
v -2.09292 -0.43866 -1.40096
v -1.79983 -0.43866 -1.31448
v -1.94631 -0.782911 -1.43408
v -1.88014 -0.842336 -1.38511
v -1.79983 -0.43866 -1.31448
v -2.09292 -0.43866 -1.40096
v -2.06273 -0.131324 -1.44559
v -1.79983 -0.43866 -1.31448
v -1.94631 -0.094409 -1.43408
v -2.06273 -0.131324 -1.44559
v -1.79983 -0.43866 -1.31448
v -1.94631 -0.094409 -1.43408
v -1.8693 -0.0283414 -1.37562
v -1.79983 -0.43866 -1.31448
v -1.88014 -0.842336 -1.38511
v -1.58924 -0.772778 -1.26449
v -1.79983 -0.43866 -1.31448
v -1.58924 -0.772778 -1.26449
v -1.8693 -0.0283414 -1.37562
v -1.94631 -0.782911 -1.43408
v -2.09292 -0.43866 -1.40096
v -2.06273 -0.745996 -1.44559
v -1.94631 -0.782911 -1.43408
v -2.06273 -0.745996 -1.44559
v -1.94057 -0.86667 -1.58515
v -1.94631 -0.782911 -1.43408
v -1.88014 -0.842336 -1.38511
v -1.94057 -0.86667 -1.58515
v -2.09292 -0.43866 -1.40096
v -2.06273 -0.131324 -1.44559
v -2.14711 -0.076198 -1.46454
v -2.06273 -0.745996 -1.44559
v -2.14711 -0.801122 -1.46454
v -2.0609 -0.810739 -1.59304
v -2.06273 -0.745996 -1.44559
v -2.0609 -0.810739 -1.59304
v -1.94057 -0.86667 -1.58515
v -2.14711 -0.801122 -1.46454
v -2.17655 -0.884442 -1.43516
v -2.12075 -0.849831 -1.60648
v -2.14711 -0.801122 -1.46454
v -2.17655 -0.884442 -1.43516
v -2.43212 -0.936411 -1.4421
v -2.14711 -0.801122 -1.46454
v -2.0609 -0.810739 -1.59304
v -2.12075 -0.849831 -1.60648
v -2.17655 -0.884442 -1.43516
v -2.12637 -0.941555 -1.42784
v -2.14162 -0.908917 -1.58564
v -2.17655 -0.884442 -1.43516
v -2.14162 -0.908917 -1.58564
v -2.12075 -0.849831 -1.60648
v -2.12637 -0.941555 -1.42784
v -2.14162 -0.908917 -1.58564
v -2.1064 -0.945354 -1.67235
v -2.12637 -0.941555 -1.42784
v -2.1064 -0.945354 -1.67235
v -2.0295 -0.995578 -1.37809
v -1.55223 0.297048 -1.11642
v -1.45666 0.45558 -0.85687
v -1.37619 0.280294 -1.22333
v -1.55223 0.297048 -1.11642
v -1.45666 0.45558 -0.85687
v -1.68897 0.365649 -1.09588
v -1.55223 0.297048 -1.11642
v -1.37619 0.280294 -1.22333
v -1.41383 0.178015 -1.24518
v -1.74779 0.16768 -1.22895
v -1.77893 0.337794 -1.11154
v -2.15179 0.421148 -1.11671
v -1.74779 0.16768 -1.22895
v -1.9432 0.0564906 -1.39177
v -2.02902 0.119356 -1.37902
v -1.74779 0.16768 -1.22895
v -1.9432 0.0564906 -1.39177
v -1.8693 -0.0283414 -1.37562
v -1.74779 0.16768 -1.22895
v -2.15179 0.421148 -1.11671
v -2.02902 0.119356 -1.37902
v -1.77893 0.337794 -1.11154
v -2.15179 0.421148 -1.11671
v -2.11587 0.527561 -0.845045
v -1.77893 0.337794 -1.11154
v -2.11587 0.527561 -0.845045
v -1.68897 0.365649 -1.09588
v -1.94631 -0.094409 -1.43408
v -2.06273 -0.131324 -1.44559
v -2.0609 -0.066581 -1.59304
v -1.94631 -0.094409 -1.43408
v -2.0609 -0.066581 -1.59304
v -1.9368 -0.0124801 -1.56524
v -1.94631 -0.094409 -1.43408
v -1.8693 -0.0283414 -1.37562
v -1.9368 -0.0124801 -1.56524
v -2.46284 0.527735 -0.86684
v -2.11587 0.527561 -0.845045
v -2.45848 0.43972 -1.11997
v -2.46284 0.527735 -0.86684
v -2.45848 0.43972 -1.11997
v -2.59858 0.454894 -1.06631
v -1.45666 0.45558 -0.85687
v -1.37619 0.280294 -1.22333
v -1.4562 0.478817 -0.861727
v -1.45666 0.45558 -0.85687
v -1.73725 0.46778 -0.837832
v -1.68897 0.365649 -1.09588
v -2.06273 -0.131324 -1.44559
v -2.14711 -0.076198 -1.46454
v -2.12075 -0.027489 -1.60648
v -2.06273 -0.131324 -1.44559
v -2.0609 -0.066581 -1.59304
v -2.12075 -0.027489 -1.60648
v -2.14711 -0.076198 -1.46454
v -2.17655 0.00712204 -1.43516
v -2.13716 0.0439636 -1.60681
v -2.14711 -0.076198 -1.46454
v -2.12075 -0.027489 -1.60648
v -2.13716 0.0439636 -1.60681
v -2.17655 0.00712204 -1.43516
v -2.12637 0.064235 -1.42784
v -2.13716 0.0439636 -1.60681
v -2.12637 0.064235 -1.42784
v -2.04125 0.102835 -1.63524
v -2.02902 0.119356 -1.37902
v -2.12637 0.064235 -1.42784
v -2.04125 0.102835 -1.63524
v -2.13716 0.0439636 -1.60681
v -1.37619 0.280294 -1.22333
v -1.41383 0.178015 -1.24518
v -1.28453 0.0845975 -1.26325
v -1.37619 0.280294 -1.22333
v -1.28453 0.0845975 -1.26325
v -1.21401 0.320793 -1.18056
v -1.37619 0.280294 -1.22333
v -1.21401 0.320793 -1.18056
v -1.4562 0.478817 -0.861727
v -3.08274 0.6159 -3.15964
v -3.16971 0.748228 -2.94351
v -3.18143 0.585421 -3.01875
v -3.08274 0.6159 -3.15964
v -3.18143 0.585421 -3.01875
v -3.0336 0.397941 -3.12044
v -3.08274 0.6159 -3.15964
v -2.86573 0.62228 -3.20801
v -2.79463 0.415936 -3.16905
v -3.08274 0.6159 -3.15964
v -3.0336 0.397941 -3.12044
v -2.79463 0.415936 -3.16905
v -2.12075 -0.027489 -1.60648
v -2.13716 0.0439636 -1.60681
v -2.14164 0.0373051 -1.68028
v -2.61807 0.00262403 -1.60776
v -2.68153 0.0496501 -1.59976
v -2.69027 0.0420369 -1.68969
v 5.83787 -0.133476 1.58015
v 5.77558 -0.106269 1.50141
v 5.90865 -0.184629 1.55537
v 5.83787 -0.133476 1.58015
v 5.77558 -0.106269 1.50141
v 5.765 -0.121863 1.69987
v 5.83787 -0.133476 1.58015
v 5.85126 -0.260038 1.63763
v 5.765 -0.121863 1.69987
v 5.48065 -0.122412 1.38005
v 5.5738 -0.194774 1.39124
v 5.56455 -0.0886969 1.43443
v 5.48065 -0.122412 1.38005
v 5.5738 -0.194774 1.39124
v 5.55604 -0.19592 1.35115
v 5.48065 -0.122412 1.38005
v 5.56455 -0.0886969 1.43443
v 5.41603 -0.102026 1.42177
v 5.48065 -0.122412 1.38005
v 5.55604 -0.19592 1.35115
v 5.31071 -0.270404 1.29709
v 5.48065 -0.122412 1.38005
v 5.41603 -0.102026 1.42177
v 5.31071 -0.270404 1.29709
v 5.85775 -0.201892 1.43569
v 5.77558 -0.106269 1.50141
v 5.7194 -0.111685 1.44672
v 5.85775 -0.201892 1.43569
v 5.77558 -0.106269 1.50141
v 5.90865 -0.184629 1.55537
v 5.85775 -0.201892 1.43569
v 5.7522 -0.225444 1.39545
v 5.7194 -0.111685 1.44672
v 5.85775 -0.201892 1.43569
v 5.90865 -0.184629 1.55537
v 5.93849 -0.271964 1.4842
v 5.5738 -0.194774 1.39124
v 5.56455 -0.0886969 1.43443
v 5.7194 -0.111685 1.44672
v 5.5738 -0.194774 1.39124
v 5.7522 -0.225444 1.39545
v 5.7194 -0.111685 1.44672
v 5.5738 -0.194774 1.39124
v 5.7522 -0.225444 1.39545
v 5.55604 -0.19592 1.35115
v -3.08274 -1.49322 -3.15964
v -3.18494 -1.46155 -3.01071
v -3.08061 -1.27423 -3.02366
v -3.73377 -0.549799 -0.70326
v -3.72947 -0.535606 -0.430711
v -3.69789 -0.537453 -0.513295
v -3.73377 -0.549799 -0.70326
v -3.72947 -0.535606 -0.430711
v -3.9715 -0.601418 -0.736059
v -3.73377 -0.549799 -0.70326
v -3.69789 -0.537453 -0.513295
v -3.64287 -0.498793 -0.804745
v -3.73377 -0.549799 -0.70326
v -3.64287 -0.498793 -0.804745
v -3.77885 -0.546432 -0.997631
v -3.73377 -0.549799 -0.70326
v -3.77885 -0.546432 -0.997631
v -3.9715 -0.601418 -0.736059
v -3.72947 -0.535606 -0.430711
v -3.69789 -0.537453 -0.513295
v -3.69978 -0.527324 -0.321241
v -3.72947 -0.535606 -0.430711
v -3.79628 -0.4961 -0.0772515
v -3.9715 -0.601418 -0.736059
v -4.10719 -0.558809 -1.39786
v -4.20757 -0.593764 -1.48416
v -4.03038 -0.5984 -1.16285
v 3.78734 -0.437501 2.83477
v 3.71636 -0.43866 2.78205
v 3.76096 -0.632987 2.75669
v 3.78734 -0.437501 2.83477
v 3.71636 -0.43866 2.78205
v 3.80395 -0.228488 2.7816
v 3.78734 -0.437501 2.83477
v 3.76096 -0.632987 2.75669
v 4.01255 -0.750254 2.86862
v 3.78734 -0.437501 2.83477
v 3.80395 -0.228488 2.7816
v 4.00082 -0.438306 2.94029
v 3.78734 -0.437501 2.83477
v 4.00082 -0.438306 2.94029
v 4.01255 -0.750254 2.86862
v 3.71636 -0.43866 2.78205
v 3.76096 -0.632987 2.75669
v 3.45455 -0.576404 2.57377
v 3.71636 -0.43866 2.78205
v 3.45455 -0.576404 2.57377
v 3.39392 -0.448479 2.57435
v 3.71636 -0.43866 2.78205
v 3.39392 -0.448479 2.57435
v 3.80395 -0.228488 2.7816
v -3.07767 -0.656028 2.30977
v -3.25066 -0.545418 2.42648
v -2.98902 -0.439292 2.42209
v -3.07767 -0.656028 2.30977
v -2.95288 -0.694394 2.32102
v -2.98902 -0.439292 2.42209
v -1.11559 -1.25828 1.83104
v -0.910602 -1.2764 1.64278
v -1.2789 -1.3855 1.63071
v -1.11559 -1.25828 1.83104
v -0.910602 -1.2764 1.64278
v -0.674657 -1.19972 1.77167
v -1.11559 -1.25828 1.83104
v -1.2789 -1.3855 1.63071
v -1.56797 -1.41785 2.00484
v -1.11559 -1.25828 1.83104
v -0.674657 -1.19972 1.77167
v -1.04607 -1.19972 1.94776
v -1.11559 -1.25828 1.83104
v -1.04607 -1.19972 1.94776
v -1.42303 -1.15985 2.08466
v -1.11559 -1.25828 1.83104
v -1.42303 -1.15985 2.08466
v -1.56797 -1.41785 2.00484
v -0.910602 -1.2764 1.64278
v -1.2789 -1.3855 1.63071
v -1.20931 -1.53557 1.44044
v -0.910602 -1.2764 1.64278
v -0.11519 -1.78486 0.897087
v -0.406155 -1.40975 1.44375
v -0.910602 -1.2764 1.64278
v -0.11519 -1.78486 0.897087
v -1.20931 -1.53557 1.44044
v -0.910602 -1.2764 1.64278
v -0.406155 -1.40975 1.44375
v -0.674657 -1.19972 1.77167
v -1.2789 -1.3855 1.63071
v -1.55153 -1.48885 1.83869
v -1.20931 -1.53557 1.44044
v -1.2789 -1.3855 1.63071
v -1.55153 -1.48885 1.83869
v -1.56797 -1.41785 2.00484
v -1.55153 -1.48885 1.83869
v -1.72181 -1.55197 1.82992
v -1.5529 -1.5897 1.56731
v -1.55153 -1.48885 1.83869
v -1.72181 -1.55197 1.82992
v -1.56797 -1.41785 2.00484
v -1.55153 -1.48885 1.83869
v -1.5529 -1.5897 1.56731
v -1.20931 -1.53557 1.44044
v -1.72181 -1.55197 1.82992
v -1.5529 -1.5897 1.56731
v -1.52499 -1.66378 1.34313
v -1.72181 -1.55197 1.82992
v -1.98039 -1.58186 1.5727
v -1.52499 -1.66378 1.34313
v -1.72181 -1.55197 1.82992
v -1.98039 -1.58186 1.5727
v -2.11762 -1.51617 1.79768
v -1.72181 -1.55197 1.82992
v -1.56797 -1.41785 2.00484
v -2.11762 -1.51617 1.79768
v -0.11519 -1.78486 0.897087
v 0.539252 -1.69315 0.792644
v -0.406155 -1.40975 1.44375
v -0.11519 -1.78486 0.897087
v 0.539252 -1.69315 0.792644
v 0.447635 -1.80147 0.514163
v -0.11519 -1.78486 0.897087
v 0.447635 -1.80147 0.514163
v 0.0193692 -1.93871 0.530007
v -0.11519 -1.78486 0.897087
v -1.20931 -1.53557 1.44044
v 0.0193692 -1.93871 0.530007
v -1.5529 -1.5897 1.56731
v -1.14792 -1.69285 1.24661
v -1.52499 -1.66378 1.34313
v -1.5529 -1.5897 1.56731
v -1.14792 -1.69285 1.24661
v -1.20931 -1.53557 1.44044
v -0.752416 -1.90601 0.876792
v -1.14792 -1.69285 1.24661
v -0.645496 -2.02298 0.617921
v -0.752416 -1.90601 0.876792
v -1.14792 -1.69285 1.24661
v -1.20931 -1.53557 1.44044
v -0.752416 -1.90601 0.876792
v -0.645496 -2.02298 0.617921
v 0.0193692 -1.93871 0.530007
v -0.752416 -1.90601 0.876792
v -1.20931 -1.53557 1.44044
v 0.0193692 -1.93871 0.530007
v -1.14792 -1.69285 1.24661
v -0.645496 -2.02298 0.617921
v -1.29341 -1.82381 1.00568
v -1.14792 -1.69285 1.24661
v -1.29341 -1.82381 1.00568
v -1.52499 -1.66378 1.34313
v 0.943855 -1.71343 0.337533
v 0.960321 -1.68179 0.130608
v 0.447635 -1.80147 0.514163
v 0.943855 -1.71343 0.337533
v 0.960321 -1.68179 0.130608
v 2.16005 -1.72526 0.341257
v 0.943855 -1.71343 0.337533
v 0.918721 -1.67641 0.612203
v 1.67841 -1.64863 0.712287
v 0.943855 -1.71343 0.337533
v 0.918721 -1.67641 0.612203
v 0.447635 -1.80147 0.514163
v 0.943855 -1.71343 0.337533
v 1.67841 -1.64863 0.712287
v 2.16005 -1.72526 0.341257
v -0.645496 -2.02298 0.617921
v -0.536767 -2.12089 0.294206
v -1.29341 -1.82381 1.00568
v -0.645496 -2.02298 0.617921
v -0.536767 -2.12089 0.294206
v 0.0624981 -1.99792 0.0569281
v -0.645496 -2.02298 0.617921
v 0.0193692 -1.93871 0.530007
v 0.0624981 -1.99792 0.0569281
v 0.960321 -1.68179 0.130608
v 0.542386 -1.80904 0.250433
v 0.951432 -1.57824 -0.0907738
v 0.960321 -1.68179 0.130608
v 0.542386 -1.80904 0.250433
v 0.447635 -1.80147 0.514163
v 0.960321 -1.68179 0.130608
v 1.67862 -1.72984 0.0285989
v 0.951432 -1.57824 -0.0907738
v 0.960321 -1.68179 0.130608
v 1.67862 -1.72984 0.0285989
v 2.16005 -1.72526 0.341257
v 0.542386 -1.80904 0.250433
v 0.951432 -1.57824 -0.0907738
v 0.316425 -1.8885 -0.227307
v 0.542386 -1.80904 0.250433
v 0.447635 -1.80147 0.514163
v 0.0193692 -1.93871 0.530007
v 0.542386 -1.80904 0.250433
v 0.316425 -1.8885 -0.227307
v 0.0624981 -1.99792 0.0569281
v 0.542386 -1.80904 0.250433
v 0.0193692 -1.93871 0.530007
v 0.0624981 -1.99792 0.0569281
v 1.37322 -1.54491 -0.12596
v 1.67862 -1.72984 0.0285989
v 1.63975 -1.68487 -0.243538
v 1.37322 -1.54491 -0.12596
v 1.67862 -1.72984 0.0285989
v 0.951432 -1.57824 -0.0907738
v 1.37322 -1.54491 -0.12596
v 1.63975 -1.68487 -0.243538
v 1.43358 -1.56169 -0.63717
v 1.37322 -1.54491 -0.12596
v 0.942748 -1.43606 -0.511324
v 0.951432 -1.57824 -0.0907738
v 1.37322 -1.54491 -0.12596
v 0.942748 -1.43606 -0.511324
v 1.30676 -1.41944 -0.562581
v 1.37322 -1.54491 -0.12596
v 1.43358 -1.56169 -0.63717
v 1.30676 -1.41944 -0.562581
v 1.67862 -1.72984 0.0285989
v 1.63975 -1.68487 -0.243538
v 2.11186 -1.7104 0.135006
v 1.67862 -1.72984 0.0285989
v 2.11186 -1.7104 0.135006
v 2.16005 -1.72526 0.341257
v 0.539252 -1.69315 0.792644
v 0.918721 -1.67641 0.612203
v 0.447635 -1.80147 0.514163
v -0.406155 -1.40975 1.44375
v -0.674657 -1.19972 1.77167
v -0.253377 -1.00997 1.906
v -0.674657 -1.19972 1.77167
v -1.04607 -1.19972 1.94776
v -0.253377 -1.00997 1.906
v -1.04607 -1.19972 1.94776
v -1.35639 -0.945065 2.10831
v -0.282568 -0.839424 1.99846
v -1.04607 -1.19972 1.94776
v -1.35639 -0.945065 2.10831
v -1.42303 -1.15985 2.08466
v -1.04607 -1.19972 1.94776
v -0.282568 -0.839424 1.99846
v -0.253377 -1.00997 1.906
v 2.49535 -1.57074 0.689182
v 2.50049 -1.60884 0.403631
v 2.16005 -1.72526 0.341257
v 2.49535 -1.57074 0.689182
v 2.50049 -1.60884 0.403631
v 2.69013 -1.43865 0.601647
v 2.49535 -1.57074 0.689182
v 2.44924 -1.43278 1.0512
v 2.5869 -1.33392 1.06475
v 2.49535 -1.57074 0.689182
v 2.5869 -1.33392 1.06475
v 2.69013 -1.43865 0.601647
v 2.50049 -1.60884 0.403631
v 2.11186 -1.7104 0.135006
v 2.42535 -1.57624 0.0617397
v 2.50049 -1.60884 0.403631
v 2.11186 -1.7104 0.135006
v 2.16005 -1.72526 0.341257
v 2.50049 -1.60884 0.403631
v 2.42535 -1.57624 0.0617397
v 2.69013 -1.43865 0.601647
v 2.3396 -0.43866 2.24636
v 2.7235 -0.43866 2.3375
v 2.71571 -0.270951 2.26688
v 2.3396 -0.43866 2.24636
v 2.7235 -0.43866 2.3375
v 2.23054 -0.689171 2.17061
v 2.3396 -0.43866 2.24636
v 2.71571 -0.270951 2.26688
v 2.10238 -0.222252 2.1707
v 2.3396 -0.43866 2.24636
v 2.06966 -0.428942 2.21822
v 2.10238 -0.222252 2.1707
v 2.3396 -0.43866 2.24636
v 2.06966 -0.428942 2.21822
v 2.23054 -0.689171 2.17061
v 3.75821 -0.761711 2.64534
v 3.76096 -0.632987 2.75669
v 3.87645 -0.828475 2.71894
v 3.75821 -0.761711 2.64534
v 3.76096 -0.632987 2.75669
v 3.26135 -0.746962 2.25799
v 3.75821 -0.761711 2.64534
v 3.87645 -0.828475 2.71894
v 3.82026 -0.864717 2.558
v 3.75821 -0.761711 2.64534
v 3.26135 -0.746962 2.25799
v 3.82026 -0.864717 2.558
v 2.71571 -0.606369 2.26688
v 2.7235 -0.43866 2.3375
v 3.01962 -0.437132 2.43093
v 2.71571 -0.606369 2.26688
v 2.7235 -0.43866 2.3375
v 2.23054 -0.689171 2.17061
v 2.71571 -0.606369 2.26688
v 3.08613 -0.598948 2.37773
v 3.01962 -0.437132 2.43093
v 2.71571 -0.606369 2.26688
v 3.08613 -0.598948 2.37773
v 2.64538 -0.735613 2.11752
v 2.71571 -0.606369 2.26688
v 2.23054 -0.689171 2.17061
v 2.64538 -0.735613 2.11752
v 2.7235 -0.43866 2.3375
v 2.71571 -0.270951 2.26688
v 3.12602 -0.281641 2.39492
v 2.7235 -0.43866 2.3375
v 3.01962 -0.437132 2.43093
v 3.12602 -0.281641 2.39492
v 2.71571 -0.270951 2.26688
v 3.24731 -0.138311 2.27057
v 3.12602 -0.281641 2.39492
v 2.71571 -0.270951 2.26688
v 3.24731 -0.138311 2.27057
v 2.69974 -0.130046 2.11067
v 2.71571 -0.270951 2.26688
v 2.10238 -0.222252 2.1707
v 2.69974 -0.130046 2.11067
v 4.55446 -1.28923 2.95008
v 4.35087 -1.33007 2.96574
v 4.42133 -1.29367 2.90588
v 4.55446 -1.28923 2.95008
v 4.35087 -1.33007 2.96574
v 4.43596 -1.37785 2.99328
v 4.55446 -1.28923 2.95008
v 4.54744 -1.21805 2.95657
v 4.42133 -1.29367 2.90588
v 4.55446 -1.28923 2.95008
v 4.54744 -1.21805 2.95657
v 4.70474 -1.25921 3.00156
v 4.55446 -1.28923 2.95008
v 4.68063 -1.37714 2.99784
v 4.43596 -1.37785 2.99328
v 4.55446 -1.28923 2.95008
v 4.68063 -1.37714 2.99784
v 4.70474 -1.25921 3.00156
v 4.47463 -1.19055 2.90387
v 4.51162 -1.19402 2.99569
v 4.54744 -1.21805 2.95657
v 4.47463 -1.19055 2.90387
v 4.51162 -1.19402 2.99569
v 4.43212 -1.02756 2.80828
v 4.47463 -1.19055 2.90387
v 4.54744 -1.21805 2.95657
v 4.42133 -1.29367 2.90588
v 4.47463 -1.19055 2.90387
v 4.42133 -1.29367 2.90588
v 4.3023 -1.0309 2.77778
v 4.47463 -1.19055 2.90387
v 4.3023 -1.0309 2.77778
v 4.43212 -1.02756 2.80828
v 4.02902 -0.189275 2.95784
v 4.05432 -0.138295 2.94147
v 4.08708 -0.23698 3.01572
v 4.02902 -0.189275 2.95784
v 4.00082 -0.438306 2.94029
v 4.08708 -0.23698 3.01572
v 4.27489 -1.11773 2.65869
v 4.26732 -1.0536 2.56065
v 4.38099 -1.27768 2.64636
v 4.26732 -1.0536 2.56065
v 4.38099 -1.27768 2.64636
v 4.35276 -1.23925 2.54592
v -2.71525 -1.04331 2.18542
v -3.10905 -1.00398 2.22814
v -2.71748 -1.31463 2.01546
v -2.71525 -1.04331 2.18542
v -3.10905 -1.00398 2.22814
v -2.95288 -0.694394 2.32102
v -2.71525 -1.04331 2.18542
v -2.71748 -1.31463 2.01546
v -2.11762 -1.51617 1.79768
v -2.71525 -1.04331 2.18542
v -1.9826 -1.26435 2.0456
v -2.95288 -0.694394 2.32102
v -2.71525 -1.04331 2.18542
v -1.9826 -1.26435 2.0456
v -2.11762 -1.51617 1.79768
v -1.98039 -1.58186 1.5727
v -2.29606 -1.6098 1.50147
v -2.00641 -1.62231 1.0011
v -1.98039 -1.58186 1.5727
v -2.29606 -1.6098 1.50147
v -2.11762 -1.51617 1.79768
v -1.98039 -1.58186 1.5727
v -2.00641 -1.62231 1.0011
v -1.52499 -1.66378 1.34313
v -0.536767 -2.12089 0.294206
v -1.07731 -1.99205 0.603668
v -0.533528 -2.14007 -0.14362
v -0.536767 -2.12089 0.294206
v -1.07731 -1.99205 0.603668
v -1.29341 -1.82381 1.00568
v -0.536767 -2.12089 0.294206
v -0.533528 -2.14007 -0.14362
v 0.0624981 -1.99792 0.0569281
v 5.26065 -0.0865979 1.62283
v 5.4693 -0.118557 1.76795
v 5.26214 -0.0725077 1.82366
v 5.26065 -0.0865979 1.62283
v 5.4693 -0.118557 1.76795
v 5.41955 -0.0837265 1.56512
v 5.26065 -0.0865979 1.62283
v 5.26214 -0.0725077 1.82366
v 5.21621 -0.0340475 1.55051
v 5.26065 -0.0865979 1.62283
v 5.41955 -0.0837265 1.56512
v 5.21621 -0.0340475 1.55051
v 1.98119 -1.61919 -3.00262
v 1.91939 -1.54953 -3.04842
v 1.89112 -1.49308 -2.77786
v 1.98119 -1.61919 -3.00262
v 2.13877 -1.65339 -2.95902
v 1.89112 -1.49308 -2.77786
v 1.91939 -1.54953 -3.04842
v 1.89112 -1.49308 -2.77786
v 1.8553 -1.47946 -2.86917
v 1.91939 -1.54953 -3.04842
v 1.8553 -1.47946 -2.86917
v 1.84105 -1.31994 -2.95862
v 2.13877 -1.65339 -2.95902
v 2.24798 -1.56612 -2.90414
v 1.96935 -1.50774 -2.72766
v 2.13877 -1.65339 -2.95902
v 1.89112 -1.49308 -2.77786
v 1.96935 -1.50774 -2.72766
v 2.11003 -1.50748 -2.7096
v 2.17004 -1.41753 -2.69584
v 2.15669 -1.51144 -2.78218
v 2.11003 -1.50748 -2.7096
v 1.87341 -1.4328 -2.63547
v 1.96935 -1.50774 -2.72766
v 2.11003 -1.50748 -2.7096
v 2.15669 -1.51144 -2.78218
v 1.96935 -1.50774 -2.72766
v 2.24798 -1.56612 -2.90414
v 2.15669 -1.51144 -2.78218
v 1.96935 -1.50774 -2.72766
v 2.24798 -1.56612 -2.90414
v 2.15669 -1.51144 -2.78218
v 2.25158 -1.31982 -2.79591
v 2.17004 -1.41753 -2.69584
v 2.10124 -1.29056 -2.55429
v 2.07335 -1.39315 -2.56815
v 2.17004 -1.41753 -2.69584
v 2.10124 -1.29056 -2.55429
v 2.25158 -1.31982 -2.79591
v 2.17004 -1.41753 -2.69584
v 2.15669 -1.51144 -2.78218
v 2.25158 -1.31982 -2.79591
v 1.71832 -1.36046 -2.33681
v 1.67813 -1.32968 -2.06989
v 1.6477 -1.25047 -2.04722
v 1.71832 -1.36046 -2.33681
v 1.73461 -1.42094 -2.55004
v 1.71055 -1.27537 -2.49825
v 1.71832 -1.36046 -2.33681
v 1.71055 -1.27537 -2.49825
v 1.6477 -1.25047 -2.04722
v 1.49748 -1.52692 -0.84454
v 1.54086 -1.51813 -1.04877
v 1.44458 -1.43872 -0.929735
v 1.49748 -1.52692 -0.84454
v 1.54086 -1.51813 -1.04877
v 1.55357 -1.61272 -0.603383
v 1.49748 -1.52692 -0.84454
v 1.44458 -1.43872 -0.929735
v 1.55357 -1.61272 -0.603383
v -0.063012 0.426422 -1.14436
v -0.07847 0.36157 -1.24961
v 0.875314 0.281725 -0.870469
v -0.063012 0.426422 -1.14436
v 0.875314 0.281725 -0.870469
v 0.931324 0.405258 -0.767266
v -0.063012 0.426422 -1.14436
v 0.931324 0.405258 -0.767266
v -0.0882667 0.774204 -0.935062
v -0.07847 0.36157 -1.24961
v -0.0794619 0.0259906 -1.35181
v -0.529402 0.0160363 -1.39512
v -0.07847 0.36157 -1.24961
v -0.0794619 0.0259906 -1.35181
v 0.853247 0.156146 -1.00844
v -0.07847 0.36157 -1.24961
v 0.875314 0.281725 -0.870469
v 0.853247 0.156146 -1.00844
v -0.07847 0.36157 -1.24961
v -0.529402 0.0160363 -1.39512
v -0.5656 0.375806 -1.34569
v 0.927497 -0.43866 -1.11983
v 1.22342 -0.873182 -1.094
v 0.926928 -1.00071 -1.02109
v 0.927497 -0.43866 -1.11983
v 1.22342 -0.873182 -1.094
v 1.57607 -0.464415 -1.12
v 0.927497 -0.43866 -1.11983
v 0.910003 -0.0268783 -1.06291
v 1.57607 -0.464415 -1.12
v 0.927497 -0.43866 -1.11983
v 0.910003 -0.0268783 -1.06291
v -0.0295085 -0.712652 -1.37164
v 0.927497 -0.43866 -1.11983
v 0.926928 -1.00071 -1.02109
v -0.0295085 -0.712652 -1.37164
v 0.939974 0.58115 -0.456079
v 0.969089 0.69963 -0.0904604
v 1.3114 0.563149 -0.514955
v 0.939974 0.58115 -0.456079
v 0.969089 0.69963 -0.0904604
v 0.181592 0.991803 -0.45112
v 0.939974 0.58115 -0.456079
v 0.931324 0.405258 -0.767266
v 0.181592 0.991803 -0.45112
v 0.939974 0.58115 -0.456079
v 0.931324 0.405258 -0.767266
v 1.27845 0.449314 -0.683416
v 0.939974 0.58115 -0.456079
v 1.3114 0.563149 -0.514955
v 1.27845 0.449314 -0.683416
v 1.91864 0.56261 -1.64499
v 1.80954 0.584538 -1.3229
v 1.93907 0.564477 -1.28532
v 1.91864 0.56261 -1.64499
v 1.80954 0.584538 -1.3229
v 1.85166 0.522166 -1.94747
v 1.91864 0.56261 -1.64499
v 2.01296 0.466292 -1.63541
v 1.93907 0.564477 -1.28532
v 1.91864 0.56261 -1.64499
v 2.01296 0.466292 -1.63541
v 1.85166 0.522166 -1.94747
v 1.42888 0.69525 -0.54803
v 1.53604 0.74694 -0.547216
v 1.4641 0.619505 -0.899471
v 1.42888 0.69525 -0.54803
v 1.53604 0.74694 -0.547216
v 1.56021 0.747246 -0.531037
v 1.42888 0.69525 -0.54803
v 1.37322 0.66759 -0.12596
v 1.68684 0.852553 0.0201798
v 1.42888 0.69525 -0.54803
v 1.37322 0.66759 -0.12596
v 1.3114 0.563149 -0.514955
v 1.42888 0.69525 -0.54803
v 1.4641 0.619505 -0.899471
v 1.56021 0.747246 -0.531037
v 1.42888 0.69525 -0.54803
v 1.4641 0.619505 -0.899471
v 1.27845 0.449314 -0.683416
v 1.42888 0.69525 -0.54803
v 1.56021 0.747246 -0.531037
v 1.68684 0.852553 0.0201798
v 1.42888 0.69525 -0.54803
v 1.3114 0.563149 -0.514955
v 1.27845 0.449314 -0.683416
v 1.53604 0.74694 -0.547216
v 1.4641 0.619505 -0.899471
v 1.56021 0.747246 -0.531037
v 1.22342 -0.00413795 -1.094
v 1.21055 0.138181 -1.0214
v 1.61447 0.174433 -1.15711
v 1.22342 -0.00413795 -1.094
v 1.21055 0.138181 -1.0214
v 0.853247 0.156146 -1.00844
v 1.22342 -0.00413795 -1.094
v 0.910003 -0.0268783 -1.06291
v 1.57607 -0.464415 -1.12
v 1.22342 -0.00413795 -1.094
v 0.910003 -0.0268783 -1.06291
v 0.853247 0.156146 -1.00844
v 1.22342 -0.00413795 -1.094
v 1.61447 0.174433 -1.15711
v 1.57607 -0.464415 -1.12
v 1.21055 0.138181 -1.0214
v 1.19204 0.240047 -0.89195
v 0.875314 0.281725 -0.870469
v 1.21055 0.138181 -1.0214
v 0.875314 0.281725 -0.870469
v 0.853247 0.156146 -1.00844
v 1.19204 0.240047 -0.89195
v 1.21916 0.384369 -0.77968
v 1.34229 0.370525 -0.879729
v 1.19204 0.240047 -0.89195
v 1.21916 0.384369 -0.77968
v 0.931324 0.405258 -0.767266
v 1.19204 0.240047 -0.89195
v 0.875314 0.281725 -0.870469
v 0.931324 0.405258 -0.767266
v 1.21916 0.384369 -0.77968
v 1.34229 0.370525 -0.879729
v 1.27845 0.449314 -0.683416
v 1.21916 0.384369 -0.77968
v 0.931324 0.405258 -0.767266
v 1.27845 0.449314 -0.683416
v 1.37322 0.66759 -0.12596
v 0.960321 0.80447 0.130608
v 0.969089 0.69963 -0.0904604
v 1.37322 0.66759 -0.12596
v 0.960321 0.80447 0.130608
v 1.68684 0.852553 0.0201798
v 1.37322 0.66759 -0.12596
v 0.969089 0.69963 -0.0904604
v 1.3114 0.563149 -0.514955
v 1.22342 -0.873182 -1.094
v 1.45183 -1.14142 -1.1382
v 1.61914 -1.05343 -1.15495
v 1.22342 -0.873182 -1.094
v 1.45183 -1.14142 -1.1382
v 1.19773 -1.00582 -1.01462
v 1.22342 -0.873182 -1.094
v 1.61914 -1.05343 -1.15495
v 1.57607 -0.464415 -1.12
v 1.22342 -0.873182 -1.094
v 0.926928 -1.00071 -1.02109
v 1.19773 -1.00582 -1.01462
v 1.71832 0.483136 -2.33681
v 1.77142 0.50744 -2.33036
v 1.73762 0.479674 -2.04636
v 1.71832 0.483136 -2.33681
v 1.77142 0.50744 -2.33036
v 1.84135 0.554778 -2.48281
v 1.71832 0.483136 -2.33681
v 1.73762 0.479674 -2.04636
v 1.67899 0.453085 -2.07448
v 1.71832 0.483136 -2.33681
v 1.67899 0.453085 -2.07448
v 1.70394 0.389703 -2.41998
v 1.71832 0.483136 -2.33681
v 1.73508 0.543091 -2.53723
v 1.70394 0.389703 -2.41998
v 1.71832 0.483136 -2.33681
v 1.73508 0.543091 -2.53723
v 1.84135 0.554778 -2.48281
v 2.09154 0.508369 -2.59378
v 1.98062 0.525577 -2.60524
v 1.91179 0.511457 -2.45711
v 1.98062 0.525577 -2.60524
v 1.91179 0.511457 -2.45711
v 1.87751 0.557122 -2.63472
v 1.98062 0.525577 -2.60524
v 1.87751 0.557122 -2.63472
v 2.01289 0.646884 -2.74244
v 1.91179 0.511457 -2.45711
v 1.84135 0.554778 -2.48281
v 1.85952 0.458211 -2.30632
v 1.91179 0.511457 -2.45711
v 1.84135 0.554778 -2.48281
v 1.87751 0.557122 -2.63472
v 1.77142 0.50744 -2.33036
v 1.73762 0.479674 -2.04636
v 1.85952 0.458211 -2.30632
v 1.77142 0.50744 -2.33036
v 1.84135 0.554778 -2.48281
v 1.85952 0.458211 -2.30632
v 2.28123 0.60482 -2.89959
v 2.24396 0.458772 -2.79341
v 2.16283 0.63283 -2.78592
v 2.05984 0.420297 -1.12267
v 2.02159 0.473433 -1.31663
v 2.05311 0.386193 -1.29962
v 2.05984 0.420297 -1.12267
v 2.02159 0.473433 -1.31663
v 2.04954 0.542603 -1.07431
v 2.05984 0.420297 -1.12267
v 2.05311 0.386193 -1.29962
v 1.99189 0.21411 -1.30974
v 2.05984 0.420297 -1.12267
v 1.99189 0.21411 -1.30974
v 1.96592 0.172713 -1.1456
v 2.05984 0.420297 -1.12267
v 2.13343 0.48138 -0.845368
v 2.04954 0.542603 -1.07431
v 2.02159 0.473433 -1.31663
v 2.05311 0.386193 -1.29962
v 2.01296 0.466292 -1.63541
v 2.02159 0.473433 -1.31663
v 2.04954 0.542603 -1.07431
v 1.93907 0.564477 -1.28532
v 2.02159 0.473433 -1.31663
v 2.01296 0.466292 -1.63541
v 1.93907 0.564477 -1.28532
v -3.02893 0.502664 1.90018
v -2.68493 0.67183 1.70068
v -3.07197 0.362649 2.08226
v -3.02893 0.502664 1.90018
v -2.68493 0.67183 1.70068
v -2.86812 0.736697 1.44017
v -3.02893 0.502664 1.90018
v -3.07197 0.362649 2.08226
v -3.39293 0.133259 2.1551
v -2.57229 0.81353 1.27415
v -2.68493 0.67183 1.70068
v -2.40299 0.757998 1.41188
v -2.57229 0.81353 1.27415
v -2.68493 0.67183 1.70068
v -2.86812 0.736697 1.44017
v -2.57229 0.81353 1.27415
v -2.40299 0.757998 1.41188
v -2.48633 0.845053 0.93791
v -2.57229 0.81353 1.27415
v -2.48633 0.845053 0.93791
v -2.86812 0.736697 1.44017
v -2.68493 0.67183 1.70068
v -2.40299 0.757998 1.41188
v -2.04154 0.634425 1.81032
v -2.68493 0.67183 1.70068
v -2.04154 0.634425 1.81032
v -3.07197 0.362649 2.08226
v -2.01366 0.72017 1.24939
v -1.98039 0.70454 1.5727
v -1.72181 0.67465 1.82992
v -2.01366 0.72017 1.24939
v -1.98039 0.70454 1.5727
v -2.40299 0.757998 1.41188
v -2.01366 0.72017 1.24939
v -1.7337 0.74283 1.52252
v -1.72181 0.67465 1.82992
v -2.01366 0.72017 1.24939
v -1.7337 0.74283 1.52252
v -1.92694 0.787347 0.841287
v -2.01366 0.72017 1.24939
v -2.40299 0.757998 1.41188
v -2.48633 0.845053 0.93791
v -2.01366 0.72017 1.24939
v -2.48633 0.845053 0.93791
v -1.92694 0.787347 0.841287
v -1.98039 0.70454 1.5727
v -1.72181 0.67465 1.82992
v -1.58219 0.543689 2.0062
v -1.98039 0.70454 1.5727
v -1.58219 0.543689 2.0062
v -2.04154 0.634425 1.81032
v -1.98039 0.70454 1.5727
v -2.40299 0.757998 1.41188
v -2.04154 0.634425 1.81032
v -1.7337 0.74283 1.52252
v -1.72181 0.67465 1.82992
v -1.55153 0.61153 1.83869
v -1.7337 0.74283 1.52252
v -1.5529 0.71238 1.56731
v -1.55153 0.61153 1.83869
v -1.7337 0.74283 1.52252
v -1.5529 0.71238 1.56731
v -1.92694 0.787347 0.841287
v -1.72181 0.67465 1.82992
v -1.58219 0.543689 2.0062
v -1.25733 0.398915 1.95888
v -1.72181 0.67465 1.82992
v -1.55153 0.61153 1.83869
v -1.25733 0.398915 1.95888
v -1.58219 0.543689 2.0062
v -1.46543 0.283465 2.094
v -2.04154 0.634425 1.81032
v -1.58219 0.543689 2.0062
v -1.46543 0.283465 2.094
v -1.25707 0.157859 2.07764
v -1.58219 0.543689 2.0062
v -1.25733 0.398915 1.95888
v -1.25707 0.157859 2.07764
v -1.46543 0.283465 2.094
v -1.98964 0.371655 2.05308
v -2.04154 0.634425 1.81032
v -1.46543 0.283465 2.094
v -1.98964 0.371655 2.05308
v -1.25707 0.157859 2.07764
v -1.45453 0.8002 1.3137
v -1.5529 0.71238 1.56731
v -1.28703 0.766817 1.32656
v -1.45453 0.8002 1.3137
v -1.5529 0.71238 1.56731
v -1.92694 0.787347 0.841287
v -1.45453 0.8002 1.3137
v -1.28703 0.766817 1.32656
v -1.36477 1.00674 0.822421
v -1.45453 0.8002 1.3137
v -1.36477 1.00674 0.822421
v -1.92694 0.787347 0.841287
v -1.5529 0.71238 1.56731
v -1.55153 0.61153 1.83869
v -1.2789 0.508183 1.63071
v -1.5529 0.71238 1.56731
v -1.2789 0.508183 1.63071
v -1.28703 0.766817 1.32656
v -1.55153 0.61153 1.83869
v -1.2789 0.508183 1.63071
v -1.11559 0.380963 1.83104
v -1.55153 0.61153 1.83869
v -1.11559 0.380963 1.83104
v -1.25733 0.398915 1.95888
v -1.2789 0.508183 1.63071
v -1.11559 0.380963 1.83104
v -0.560864 0.312524 1.73443
v -1.2789 0.508183 1.63071
v -0.910602 0.39908 1.64278
v -1.28703 0.766817 1.32656
v -1.2789 0.508183 1.63071
v -0.910602 0.39908 1.64278
v -0.560864 0.312524 1.73443
v -1.2789 0.508183 1.63071
v -1.28703 0.766817 1.32656
v -0.560864 0.312524 1.73443
v -1.11559 0.380963 1.83104
v -0.244923 0.116242 1.91545
v -1.25733 0.398915 1.95888
v -1.11559 0.380963 1.83104
v -0.244923 0.116242 1.91545
v -0.560864 0.312524 1.73443
v -0.910602 0.39908 1.64278
v -1.28703 0.766817 1.32656
v -0.560864 0.312524 1.73443
v 0.943855 0.83611 0.337533
v 0.960321 0.80447 0.130608
v 0.551908 0.932452 0.116039
v 0.943855 0.83611 0.337533
v 0.960321 0.80447 0.130608
v 1.68684 0.852553 0.0201798
v 0.943855 0.83611 0.337533
v 1.73149 0.819157 0.353558
v 1.68684 0.852553 0.0201798
v 0.943855 0.83611 0.337533
v 1.73149 0.819157 0.353558
v 0.7983 0.793525 0.719862
v 0.943855 0.83611 0.337533
v 0.551908 0.932452 0.116039
v 0.7983 0.793525 0.719862
v -3.07767 -0.221292 2.30977
v -3.08102 0.091993 2.24605
v -2.63078 -0.431274 2.3567
v -3.07767 -0.221292 2.30977
v -2.63078 -0.431274 2.3567
v -2.98902 -0.439292 2.42209
v -3.07767 -0.221292 2.30977
v -3.24965 -0.334201 2.4293
v -2.98902 -0.439292 2.42209
v -3.85121 -0.538491 1.44625
v -3.81698 -0.487895 0.595732
v -3.90017 -0.467017 1.44972
v -3.85121 -0.538491 1.44625
v -3.81698 -0.487895 0.595732
v -3.78788 -0.499787 0.270171
v -3.85121 -0.538491 1.44625
v -3.90017 -0.467017 1.44972
v -3.87419 -0.473309 1.92061
v -3.85121 -0.538491 1.44625
v -3.87419 -0.473309 1.92061
v -3.80028 -0.561536 1.90748
v -3.85121 -0.538491 1.44625
v -3.7259 -0.538104 0.63469
v -3.78788 -0.499787 0.270171
v -3.85121 -0.538491 1.44625
v -3.7259 -0.538104 0.63469
v -3.80028 -0.561536 1.90748
v 2.49535 0.69342 0.689182
v 2.50049 0.73152 0.403631
v 2.0817 0.8208 0.721909
v 2.49535 0.69342 0.689182
v 2.50049 0.73152 0.403631
v 2.67485 0.559302 0.482809
v 2.49535 0.69342 0.689182
v 2.0817 0.8208 0.721909
v 1.97993 0.641383 1.14015
v 2.49535 0.69342 0.689182
v 2.44217 0.586061 1.00058
v 1.97993 0.641383 1.14015
v 2.49535 0.69342 0.689182
v 2.44217 0.586061 1.00058
v 2.68371 0.560646 0.66883
v 2.49535 0.69342 0.689182
v 2.67485 0.559302 0.482809
v 2.68371 0.560646 0.66883
v 2.50049 0.73152 0.403631
v 2.0817 0.8208 0.721909
v 2.13618 0.852782 0.320096
v 2.50049 0.73152 0.403631
v 2.67485 0.559302 0.482809
v 2.68007 0.410242 0.108215
v 2.50049 0.73152 0.403631
v 2.4414 0.688814 0.052258
v 2.13618 0.852782 0.320096
v 2.50049 0.73152 0.403631
v 2.4414 0.688814 0.052258
v 2.68007 0.410242 0.108215
v 2.0817 0.8208 0.721909
v 1.60173 0.741053 0.831662
v 1.97993 0.641383 1.14015
v 2.0817 0.8208 0.721909
v 1.60173 0.741053 0.831662
v 2.13618 0.852782 0.320096
v 2.38464 0.6044 -0.153259
v 2.41037 0.402445 -0.339339
v 2.59188 0.541128 -0.000524946
v 2.38464 0.6044 -0.153259
v 2.59188 0.541128 -0.000524946
v 2.4414 0.688814 0.052258
v 2.38464 0.6044 -0.153259
v 2.4414 0.688814 0.052258
v 2.13618 0.852782 0.320096
v 2.41037 0.402445 -0.339339
v 2.25354 0.446746 -0.477838
v 2.24139 0.552338 -0.445861
v 2.41037 0.402445 -0.339339
v 2.25354 0.446746 -0.477838
v 2.49101 0.277322 -0.696146
v 1.51713 0.302416 1.77303
v 1.95825 0.423153 1.56893
v 1.50715 0.10236 1.96282
v 1.51713 0.302416 1.77303
v 1.95825 0.423153 1.56893
v 1.97993 0.641383 1.14015
v 1.51713 0.302416 1.77303
v 1.56906 0.583743 1.322
v 1.97993 0.641383 1.14015
v 1.51713 0.302416 1.77303
v 1.56906 0.583743 1.322
v 0.774773 -0.00963521 1.94862
v 1.51713 0.302416 1.77303
v 1.50715 0.10236 1.96282
v 0.774773 -0.00963521 1.94862
v 1.95825 0.423153 1.56893
v 2.44217 0.586061 1.00058
v 1.97993 0.641383 1.14015
v 1.95825 0.423153 1.56893
v 2.44217 0.586061 1.00058
v 2.27611 0.228386 1.69625
v -3.4459 -0.561889 2.36217
v -3.25066 -0.545418 2.42648
v -3.47709 -0.477679 2.41401
v -3.4459 -0.561889 2.36217
v -3.47709 -0.477679 2.41401
v -3.62667 -0.571965 2.20339
v -3.24215 -0.43866 2.46005
v -3.25066 -0.545418 2.42648
v -3.47709 -0.477679 2.41401
v -3.24215 -0.43866 2.46005
v -3.25066 -0.545418 2.42648
v -2.98902 -0.439292 2.42209
v -3.24215 -0.43866 2.46005
v -3.24965 -0.334201 2.4293
v -3.47709 -0.477679 2.41401
v -3.24215 -0.43866 2.46005
v -3.24965 -0.334201 2.4293
v -2.98902 -0.439292 2.42209
v -2.05739 -0.43866 2.27997
v -1.42997 -0.437449 2.25255
v -1.91684 -0.741372 2.20433
v -2.05739 -0.43866 2.27997
v -1.42997 -0.437449 2.25255
v -1.25707 0.157859 2.07764
v -2.05739 -0.43866 2.27997
v -2.63078 -0.431274 2.3567
v -1.91684 -0.741372 2.20433
v -2.05739 -0.43866 2.27997
v -2.63078 -0.431274 2.3567
v -1.25707 0.157859 2.07764
v 0.234527 -0.43866 2.16878
v -0.491092 -0.232167 2.1053
v -0.722332 -0.476781 2.18582
v 0.234527 -0.43866 2.16878
v 0.152567 -0.625299 2.11035
v 0.752927 -0.821524 1.98661
v 0.234527 -0.43866 2.16878
v 0.152567 -0.625299 2.11035
v -0.722332 -0.476781 2.18582
v 2.05311 0.386193 -1.29962
v 1.99189 0.21411 -1.30974
v 1.93242 0.243794 -1.64403
v 2.05311 0.386193 -1.29962
v 2.01296 0.466292 -1.63541
v 2.0423 0.37851 -1.66094
v 2.05311 0.386193 -1.29962
v 2.0423 0.37851 -1.66094
v 1.93242 0.243794 -1.64403
v 1.99189 0.21411 -1.30974
v 1.74767 0.200181 -1.62886
v 1.74032 0.225438 -1.24117
v 1.99189 0.21411 -1.30974
v 1.74767 0.200181 -1.62886
v 1.93242 0.243794 -1.64403
v 1.99189 0.21411 -1.30974
v 1.74032 0.225438 -1.24117
v 1.96592 0.172713 -1.1456
v 1.74767 0.200181 -1.62886
v 1.74032 0.225438 -1.24117
v 1.65267 0.251857 -1.69942
v 1.74767 0.200181 -1.62886
v 1.65267 0.251857 -1.69942
v 1.78153 0.206878 -1.81327
v 1.74767 0.200181 -1.62886
v 1.78153 0.206878 -1.81327
v 1.93242 0.243794 -1.64403
v 1.74032 0.225438 -1.24117
v 1.96592 0.172713 -1.1456
v 1.61447 0.174433 -1.15711
v 2.07369 0.343994 -2.58219
v 2.10157 0.413947 -2.55411
v 2.21521 0.373665 -2.771
v 2.07369 0.343994 -2.58219
v 2.10157 0.413947 -2.55411
v 1.99395 0.36648 -2.27963
v 2.07369 0.343994 -2.58219
v 2.21521 0.373665 -2.771
v 2.09136 0.234345 -2.87693
v 2.07369 0.343994 -2.58219
v 1.99932 0.274913 -2.58699
v 1.99395 0.36648 -2.27963
v 2.07369 0.343994 -2.58219
v 1.99932 0.274913 -2.58699
v 2.09136 0.234345 -2.87693
v 1.73762 0.479674 -2.04636
v 1.67899 0.453085 -2.07448
v 1.63877 0.509742 -1.74678
v 1.73762 0.479674 -2.04636
v 1.63877 0.509742 -1.74678
v 1.85166 0.522166 -1.94747
v 1.73762 0.479674 -2.04636
v 1.85952 0.458211 -2.30632
v 1.85166 0.522166 -1.94747
v 1.67899 0.453085 -2.07448
v 1.65595 0.405609 -2.08227
v 1.63877 0.509742 -1.74678
v 1.67899 0.453085 -2.07448
v 1.65595 0.405609 -2.08227
v 1.70394 0.389703 -2.41998
v 1.65595 0.405609 -2.08227
v 1.63877 0.509742 -1.74678
v 1.53441 0.451794 -1.6658
v 1.65595 0.405609 -2.08227
v 1.64886 0.35675 -1.99135
v 1.53441 0.451794 -1.6658
v 1.54409 0.347772 -1.64206
v 1.64886 0.35675 -1.99135
v 1.65267 0.251857 -1.69942
v 1.54409 0.347772 -1.64206
v 1.64886 0.35675 -1.99135
v 1.53441 0.451794 -1.6658
v 1.54409 0.347772 -1.64206
v 1.4912 0.506307 -1.27158
v 1.53441 0.451794 -1.6658
v 2.0482 -0.994492 -1.14332
v 2.2608 -0.974222 -1.04314
v 2.28797 -0.852381 -1.14779
v 2.0482 -0.994492 -1.14332
v 2.2608 -0.974222 -1.04314
v 2.09587 -1.11011 -0.992069
v 2.0482 -0.994492 -1.14332
v 2.28797 -0.852381 -1.14779
v 1.57607 -0.464415 -1.12
v 2.0482 -0.994492 -1.14332
v 2.05925 -1.29796 -1.1253
v 2.09587 -1.11011 -0.992069
v 1.92973 0.250878 -2.85976
v 1.84439 0.443418 -2.96705
v 1.97943 0.255875 -3.06984
v 1.92973 0.250878 -2.85976
v 1.99932 0.274913 -2.58699
v 2.09136 0.234345 -2.87693
v 1.92973 0.250878 -2.85976
v 1.97943 0.255875 -3.06984
v 2.09136 0.234345 -2.87693
v -0.536767 1.24357 0.294206
v -0.0203822 1.08848 0.481469
v -0.614661 1.10737 0.712586
v -0.536767 1.24357 0.294206
v -0.614661 1.10737 0.712586
v -1.36477 1.00674 0.822421
v 0.960321 0.80447 0.130608
v 0.969089 0.69963 -0.0904604
v 0.551908 0.932452 0.116039
v 1.94521 -1.11138 -1.57711
v 1.75443 -1.07619 -1.67759
v 1.9231 -1.13858 -1.74626
v 1.94521 -1.11138 -1.57711
v 1.75443 -1.07619 -1.67759
v 1.61509 -1.10705 -1.23308
v 1.94521 -1.11138 -1.57711
v 2.04327 -1.25066 -1.66767
v 1.9231 -1.13858 -1.74626
v 1.45183 -1.14142 -1.1382
v 1.47389 -1.23824 -1.38029
v 1.4995 -1.39477 -1.25475
v 1.45183 -1.14142 -1.1382
v 1.47389 -1.23824 -1.38029
v 1.61914 -1.05343 -1.15495
v 1.45183 -1.14142 -1.1382
v 1.4995 -1.39477 -1.25475
v 1.33219 -1.21691 -0.901239
v 1.45183 -1.14142 -1.1382
v 1.33219 -1.21691 -0.901239
v 1.19773 -1.00582 -1.01462
v 1.47389 -1.23824 -1.38029
v 1.55283 -1.22423 -1.66336
v 1.53321 -1.32675 -1.6635
v 1.47389 -1.23824 -1.38029
v 1.55283 -1.22423 -1.66336
v 1.61509 -1.10705 -1.23308
v 1.47389 -1.23824 -1.38029
v 1.53321 -1.32675 -1.6635
v 1.4995 -1.39477 -1.25475
v 1.47389 -1.23824 -1.38029
v 1.61914 -1.05343 -1.15495
v 1.61509 -1.10705 -1.23308
v -0.063012 -1.30374 -1.14436
v 0.489819 -1.11105 -1.08629
v 0.915506 -1.24777 -0.797052
v -0.063012 -1.30374 -1.14436
v -0.535144 -1.35922 -1.17732
v -0.543724 -1.72453 -0.988038
v -0.063012 -1.30374 -1.14436
v -0.535144 -1.35922 -1.17732
v -0.549855 -1.25538 -1.34092
v -0.063012 -1.30374 -1.14436
v -0.0616263 -1.65564 -0.924683
v -0.543724 -1.72453 -0.988038
v -0.063012 -1.30374 -1.14436
v -0.0616263 -1.65564 -0.924683
v 0.915506 -1.24777 -0.797052
v 0.489819 -1.11105 -1.08629
v 0.915506 -1.24777 -0.797052
v 0.926928 -1.00071 -1.02109
v 0.489819 -1.11105 -1.08629
v 0.926928 -1.00071 -1.02109
v -0.0295085 -0.712652 -1.37164
v -0.535144 -1.35922 -1.17732
v -0.953236 -1.33784 -1.10728
v -0.983405 -1.78427 -0.909021
v -0.535144 -1.35922 -1.17732
v -0.953236 -1.33784 -1.10728
v -0.549855 -1.25538 -1.34092
v -0.535144 -1.35922 -1.17732
v -0.543724 -1.72453 -0.988038
v -0.983405 -1.78427 -0.909021
v -1.37619 -1.15761 -1.22333
v -1.24513 -1.33739 -0.983593
v -1.20828 -1.17364 -1.1925
v -3.51972 -0.12153 2.12389
v -3.73499 -0.143458 2.02809
v -3.69245 0.018015 1.87957
v -3.73499 -0.143458 2.02809
v -3.70981 -0.200688 1.77662
v -3.69245 0.018015 1.87957
v -3.08565 -1.22314 2.096
v -3.10905 -1.00398 2.22814
v -2.71748 -1.31463 2.01546
v -3.08565 -1.22314 2.096
v -2.71748 -1.31463 2.01546
v -2.68493 -1.54915 1.70068
v -3.08565 -1.22314 2.096
v -2.68493 -1.54915 1.70068
v -3.02893 -1.37998 1.90018
v -3.08565 -1.22314 2.096
v -3.02893 -1.37998 1.90018
v -3.28308 -1.28856 1.86209
v -3.39538 -0.99343 2.16499
v -3.10905 -1.00398 2.22814
v -2.95288 -0.694394 2.32102
v -2.71748 -1.31463 2.01546
v -2.29606 -1.6098 1.50147
v -2.68493 -1.54915 1.70068
v -2.71748 -1.31463 2.01546
v -2.29606 -1.6098 1.50147
v -2.11762 -1.51617 1.79768
v -3.73499 -0.733862 2.02809
v -3.69209 -0.904885 1.86317
v -3.70395 -0.690654 1.75678
v -3.69587 -0.755489 1.59564
v -3.60859 -0.43866 1.60224
v -3.70395 -0.690654 1.75678
v -3.69587 -0.755489 1.59564
v -3.60859 -0.43866 1.60224
v -3.62325 -0.441772 1.36222
v -3.69587 -0.755489 1.59564
v -3.69209 -0.904885 1.86317
v -3.64912 -1.0305 1.55807
v -3.69587 -0.755489 1.59564
v -3.69209 -0.904885 1.86317
v -3.70395 -0.690654 1.75678
v -3.69587 -0.755489 1.59564
v -3.64912 -1.0305 1.55807
v -3.66486 -0.818355 1.37078
v -3.69587 -0.755489 1.59564
v -3.62325 -0.441772 1.36222
v -3.66486 -0.818355 1.37078
v -3.60859 -0.43866 1.60224
v -3.62325 -0.441772 1.36222
v -3.68424 -0.105368 1.53763
v -2.29606 -1.6098 1.50147
v -2.68493 -1.54915 1.70068
v -2.29825 -1.64254 1.20699
v -2.29606 -1.6098 1.50147
v -2.29825 -1.64254 1.20699
v -2.00641 -1.62231 1.0011
v -2.68493 -1.54915 1.70068
v -3.02893 -1.37998 1.90018
v -2.57229 -1.69085 1.27415
v -2.68493 -1.54915 1.70068
v -2.29825 -1.64254 1.20699
v -2.57229 -1.69085 1.27415
v -3.02893 -1.37998 1.90018
v -2.57229 -1.69085 1.27415
v -2.93031 -1.56454 1.54224
v -3.02893 -1.37998 1.90018
v -2.93031 -1.56454 1.54224
v -3.28308 -1.28856 1.86209
v -2.29825 -1.64254 1.20699
v -2.57229 -1.69085 1.27415
v -2.00641 -1.62231 1.0011
v -2.57229 -1.69085 1.27415
v -2.93031 -1.56454 1.54224
v -2.51994 -1.71305 1.02648
v -2.57229 -1.69085 1.27415
v -2.00641 -1.62231 1.0011
v -2.51994 -1.71305 1.02648
v -2.93031 -1.56454 1.54224
v -2.51994 -1.71305 1.02648
v -2.95585 -1.62374 0.867141
v -2.93031 -1.56454 1.54224
v -2.95585 -1.62374 0.867141
v -3.28308 -1.28856 1.86209
v -1.07731 -1.99205 0.603668
v -0.533528 -2.14007 -0.14362
v -1.05343 -2.12891 0.096107
v -1.07731 -1.99205 0.603668
v -1.05343 -2.12891 0.096107
v -1.49907 -1.93913 0.504831
v -1.07731 -1.99205 0.603668
v -1.29341 -1.82381 1.00568
v -1.49907 -1.93913 0.504831
v -0.533528 -2.14007 -0.14362
v -1.05343 -2.12891 0.096107
v -0.505045 -2.08427 -0.475167
v -0.533528 -2.14007 -0.14362
v -0.505045 -2.08427 -0.475167
v 0.316425 -1.8885 -0.227307
v -0.533528 -2.14007 -0.14362
v 0.316425 -1.8885 -0.227307
v 0.0624981 -1.99792 0.0569281
v -1.05343 -2.12891 0.096107
v -0.505045 -2.08427 -0.475167
v -1.07721 -2.0718 -0.430989
v -1.05343 -2.12891 0.096107
v -1.07721 -2.0718 -0.430989
v -1.49907 -1.93913 0.504831
v -1.79513 -1.80982 0.472099
v -1.3955 -1.99192 -0.260042
v -1.80286 -1.83997 0.156137
v -1.79513 -1.80982 0.472099
v -1.3955 -1.99192 -0.260042
v -1.49907 -1.93913 0.504831
v -1.79513 -1.80982 0.472099
v -1.80286 -1.83997 0.156137
v -1.92838 -1.8004 0.512867
v -1.79513 -1.80982 0.472099
v -1.81588 -1.68503 0.868221
v -1.92838 -1.8004 0.512867
v -1.79513 -1.80982 0.472099
v -1.81588 -1.68503 0.868221
v -1.49907 -1.93913 0.504831
v -2.06479 -1.85053 0.457449
v -1.95055 -1.81569 0.163087
v -2.18763 -1.84556 0.0632059
v -2.06479 -1.85053 0.457449
v -1.95055 -1.81569 0.163087
v -1.92838 -1.8004 0.512867
v -2.06479 -1.85053 0.457449
v -2.18763 -1.84556 0.0632059
v -2.42746 -1.79093 0.620505
v -2.06479 -1.85053 0.457449
v -1.92838 -1.8004 0.512867
v -2.42746 -1.79093 0.620505
v -0.505045 -2.08427 -0.475167
v -1.07721 -2.0718 -0.430989
v -0.487217 -1.94269 -0.75486
v -0.505045 -2.08427 -0.475167
v -0.487217 -1.94269 -0.75486
v -0.0256115 -1.82917 -0.700768
v -0.505045 -2.08427 -0.475167
v -0.0256115 -1.82917 -0.700768
v 0.316425 -1.8885 -0.227307
v -1.07721 -2.0718 -0.430989
v -1.3955 -1.99192 -0.260042
v -1.06127 -1.93489 -0.70322
v -1.07721 -2.0718 -0.430989
v -1.3955 -1.99192 -0.260042
v -1.49907 -1.93913 0.504831
v -1.07721 -2.0718 -0.430989
v -0.487217 -1.94269 -0.75486
v -1.06127 -1.93489 -0.70322
v -1.3955 -1.99192 -0.260042
v -1.80286 -1.83997 0.156137
v -1.37618 -1.89027 -0.510097
v -1.3955 -1.99192 -0.260042
v -1.06127 -1.93489 -0.70322
v -1.37618 -1.89027 -0.510097
v -1.80286 -1.83997 0.156137
v -1.95055 -1.81569 0.163087
v -1.92838 -1.8004 0.512867
v -1.80286 -1.83997 0.156137
v -1.95055 -1.81569 0.163087
v -1.83243 -1.69364 -0.186672
v -1.80286 -1.83997 0.156137
v -1.37618 -1.89027 -0.510097
v -1.83243 -1.69364 -0.186672
v -1.95055 -1.81569 0.163087
v -2.18763 -1.84556 0.0632059
v -2.03365 -1.7163 -0.0873521
v -1.95055 -1.81569 0.163087
v -2.03365 -1.7163 -0.0873521
v -1.83243 -1.69364 -0.186672
v -0.487217 -1.94269 -0.75486
v -1.06127 -1.93489 -0.70322
v -0.543724 -1.72453 -0.988038
v -0.487217 -1.94269 -0.75486
v -0.0616263 -1.65564 -0.924683
v -0.0256115 -1.82917 -0.700768
v -0.487217 -1.94269 -0.75486
v -0.0616263 -1.65564 -0.924683
v -0.543724 -1.72453 -0.988038
v -1.06127 -1.93489 -0.70322
v -1.37618 -1.89027 -0.510097
v -0.983405 -1.78427 -0.909021
v -1.06127 -1.93489 -0.70322
v -0.543724 -1.72453 -0.988038
v -0.983405 -1.78427 -0.909021
v -1.37618 -1.89027 -0.510097
v -1.40235 -1.74771 -0.68919
v -0.983405 -1.78427 -0.909021
v -1.37618 -1.89027 -0.510097
v -1.40235 -1.74771 -0.68919
v -1.83243 -1.69364 -0.186672
v -2.03365 -1.7163 -0.0873521
v -2.0472 -1.47515 -0.431264
v -1.83243 -1.69364 -0.186672
v -1.40235 -1.74771 -0.68919
v -1.40766 -1.55159 -0.79737
v -0.983405 -1.78427 -0.909021
v -1.40235 -1.74771 -0.68919
v -1.40766 -1.55159 -0.79737
v -1.83243 -1.69364 -0.186672
v -1.40766 -1.55159 -0.79737
v -1.24513 -1.33739 -0.983593
v -0.983405 -1.78427 -0.909021
v 1.73643 -1.17553 -2.30502
v 1.77602 -1.14623 -2.54143
v 1.71055 -1.27537 -2.49825
v 1.73643 -1.17553 -2.30502
v 1.77602 -1.14623 -2.54143
v 1.8697 -1.13812 -2.27007
v 1.73643 -1.17553 -2.30502
v 1.71055 -1.27537 -2.49825
v 1.6477 -1.25047 -2.04722
v 1.73643 -1.17553 -2.30502
v 1.8697 -1.13812 -2.27007
v 1.6477 -1.25047 -2.04722
v 1.77602 -1.14623 -2.54143
v 1.85747 -1.10865 -2.51206
v 1.8697 -1.13812 -2.27007
v 1.85747 -1.10865 -2.51206
v 1.8697 -1.13812 -2.27007
v 1.9826 -1.15844 -2.5452
v 2.07369 -1.22131 -2.58219
v 2.10124 -1.29056 -2.55429
v 1.97437 -1.20737 -2.31214
v 2.07369 -1.22131 -2.58219
v 2.10124 -1.29056 -2.55429
v 2.25158 -1.31982 -2.79591
v 2.07369 -1.22131 -2.58219
v 1.97437 -1.20737 -2.31214
v 1.9826 -1.15844 -2.5452
v 2.07369 -1.22131 -2.58219
v 2.22599 -1.25459 -2.78268
v 1.9826 -1.15844 -2.5452
v 2.07369 -1.22131 -2.58219
v 2.22599 -1.25459 -2.78268
v 2.25158 -1.31982 -2.79591
v 5.74861 -0.233561 1.35915
v 5.7522 -0.225444 1.39545
v 5.55604 -0.19592 1.35115
v 5.74861 -0.233561 1.35915
v 5.7522 -0.225444 1.39545
v 5.83571 -0.341913 1.34535
v 5.74861 -0.233561 1.35915
v 5.55604 -0.19592 1.35115
v 5.68539 -0.297609 1.28743
v 5.74861 -0.233561 1.35915
v 5.68539 -0.297609 1.28743
v 5.83571 -0.341913 1.34535
v 4.08556 0.105746 1.72754
v 3.92824 0.0982405 1.72467
v 3.87209 0.0422153 2.15546
v 4.08556 0.105746 1.72754
v 3.92824 0.0982405 1.72467
v 4.09535 0.049534 1.44601
v 4.08556 0.105746 1.72754
v 3.87209 0.0422153 2.15546
v 4.08057 0.0910566 2.16178
v 4.08556 0.105746 1.72754
v 4.21221 0.194771 1.80841
v 4.09535 0.049534 1.44601
v 4.08556 0.105746 1.72754
v 4.21221 0.194771 1.80841
v 4.131 0.135918 2.16812
v 4.08556 0.105746 1.72754
v 4.08057 0.0910566 2.16178
v 4.131 0.135918 2.16812
v 5.01143 0.0245452 2.31423
v 5.0019 0.0480641 2.35306
v 4.99242 0.0837523 2.29946
v 5.01143 0.0245452 2.31423
v 5.0019 0.0480641 2.35306
v 4.99593 0.0664853 2.43389
v 5.01143 0.0245452 2.31423
v 4.96105 0.112776 2.20747
v 4.99242 0.0837523 2.29946
v 5.01143 0.0245452 2.31423
v 4.96105 0.112776 2.20747
v 5.04425 -0.00993239 2.25522
v 5.01143 0.0245452 2.31423
v 5.04425 -0.00993239 2.25522
v 5.08868 -0.00321812 2.37568
v 5.01143 0.0245452 2.31423
v 4.99593 0.0664853 2.43389
v 5.08868 -0.00321812 2.37568
v -2.0609 -0.810739 -1.59304
v -1.95167 -0.85395 -1.66462
v -1.94057 -0.86667 -1.58515
v -2.61807 -0.879944 -1.60776
v -2.68161 -0.926829 -1.59907
v -2.70164 -0.908378 -1.4494
v 2.15859 -1.55231 -0.517149
v 2.05819 -1.60218 -0.492578
v 2.1398 -1.50217 -0.699693
v 2.15859 -1.55231 -0.517149
v 2.1694 -1.40977 -0.70786
v 2.1398 -1.50217 -0.699693
v 2.05819 -1.60218 -0.492578
v 1.83318 -1.64739 -0.588037
v 2.01264 -1.61179 -0.652984
v 2.05819 -1.60218 -0.492578
v 2.01264 -1.61179 -0.652984
v 2.1398 -1.50217 -0.699693
v -0.953236 -1.33784 -1.10728
v -0.972089 -1.20723 -1.33585
v -1.08168 -1.13489 -1.31876
v -0.953236 -1.33784 -1.10728
v -0.972089 -1.20723 -1.33585
v -0.549855 -1.25538 -1.34092
v -0.953236 -1.33784 -1.10728
v -1.08168 -1.13489 -1.31876
v -1.20828 -1.17364 -1.1925
v -0.953236 -1.33784 -1.10728
v -1.24513 -1.33739 -0.983593
v -0.983405 -1.78427 -0.909021
v -0.953236 -1.33784 -1.10728
v -1.24513 -1.33739 -0.983593
v -1.20828 -1.17364 -1.1925
v -0.972089 -1.20723 -1.33585
v -1.08168 -1.13489 -1.31876
v -1.00216 -0.890758 -1.363
v -0.972089 -1.20723 -1.33585
v -1.00216 -0.890758 -1.363
v -0.549855 -1.25538 -1.34092
v 4.38099 -1.27768 2.64636
v 4.36975 -1.36055 2.73686
v 4.28214 -1.31262 2.62769
v 4.38099 -1.27768 2.64636
v 4.28214 -1.31262 2.62769
v 4.35276 -1.23925 2.54592
v -3.81698 -0.487895 0.595732
v -3.90017 -0.467017 1.44972
v -3.82865 -0.413402 0.591836
v 1.67813 -1.32968 -2.06989
v 1.6427 -1.3934 -1.73179
v 1.79839 -1.37863 -2.03618
v 1.67813 -1.32968 -2.06989
v 1.6427 -1.3934 -1.73179
v 1.53321 -1.32675 -1.6635
v 1.67813 -1.32968 -2.06989
v 1.53321 -1.32675 -1.6635
v 1.6477 -1.25047 -2.04722
v 5.02344 0.0428096 2.17516
v 4.96105 0.112776 2.20747
v 5.04425 -0.00993239 2.25522
v 5.02344 0.0428096 2.17516
v 4.96105 0.112776 2.20747
v 4.86492 0.124379 2.08796
v 5.02344 0.0428096 2.17516
v 5.04425 -0.00993239 2.25522
v 5.21591 -0.234037 2.23747
v 5.02344 0.0428096 2.17516
v 5.21591 -0.234037 2.23747
v 5.26214 -0.0725077 1.82366
v 5.02344 0.0428096 2.17516
v 4.86492 0.124379 2.08796
v 5.26214 -0.0725077 1.82366
v 1.63975 -1.68487 -0.243538
v 1.43358 -1.56169 -0.63717
v 1.55357 -1.61272 -0.603383
v 1.8033 -1.56661 -1.03055
v 1.83318 -1.64739 -0.588037
v 2.01264 -1.61179 -0.652984
v 1.8033 -1.56661 -1.03055
v 1.83318 -1.64739 -0.588037
v 1.54086 -1.51813 -1.04877
v 1.8033 -1.56661 -1.03055
v 2.01264 -1.61179 -0.652984
v 1.94608 -1.44192 -1.25399
v 1.8033 -1.56661 -1.03055
v 1.79115 -1.45338 -1.36818
v 1.54086 -1.51813 -1.04877
v 1.8033 -1.56661 -1.03055
v 1.79115 -1.45338 -1.36818
v 1.94608 -1.44192 -1.25399
v 2.51293 -0.921599 -1.06946
v 2.2608 -0.974222 -1.04314
v 2.28797 -0.852381 -1.14779
v 2.51293 -0.921599 -1.06946
v 2.2608 -0.974222 -1.04314
v 2.52212 -0.984441 -0.908522
v 2.74939 -0.916172 -0.656964
v 2.79611 -0.882932 -0.830255
v 2.70676 -0.970614 -0.438871
v 2.74939 -0.916172 -0.656964
v 2.79611 -0.882932 -0.830255
v 2.52212 -0.984441 -0.908522
v 2.74939 -0.916172 -0.656964
v 2.70676 -0.970614 -0.438871
v 2.49626 -1.12135 -0.744469
v 2.74939 -0.916172 -0.656964
v 2.52212 -0.984441 -0.908522
v 2.49626 -1.12135 -0.744469
v 4.69509 0.451484 2.99328
v 4.71647 0.391434 2.99957
v 4.53784 0.335493 2.95286
v 4.69509 0.451484 2.99328
v 4.71647 0.391434 2.99957
v 4.83133 0.387417 3.01711
v 4.69509 0.451484 2.99328
v 4.53784 0.335493 2.95286
v 4.41185 0.395312 2.89485
v 4.69509 0.451484 2.99328
v 4.83133 0.387417 3.01711
v 4.67451 0.50529 3.00205
v -2.1064 -0.945354 -1.67235
v -2.04038 -0.98014 -1.63502
v -2.0295 -0.995578 -1.37809
v -2.04125 0.102835 -1.63524
v -1.9432 0.0564906 -1.39177
v -2.02902 0.119356 -1.37902
v -2.04125 0.102835 -1.63524
v -1.9432 0.0564906 -1.39177
v -1.94307 0.0148616 -1.64937
v -2.04125 0.102835 -1.63524
v -2.13716 0.0439636 -1.60681
v -2.14164 0.0373051 -1.68028
v 4.23919 0.146204 2.20577
v 4.21221 0.194771 1.80841
v 4.31329 0.222271 1.99051
v 4.23919 0.146204 2.20577
v 4.21221 0.194771 1.80841
v 4.131 0.135918 2.16812
v 4.23919 0.146204 2.20577
v 4.31329 0.222271 1.99051
v 4.33856 0.161492 2.30123
v -2.04038 -0.98014 -1.63502
v -1.9819 -0.936532 -1.64789
v -1.94256 -0.935319 -1.3886
v -2.04038 -0.98014 -1.63502
v -1.94256 -0.935319 -1.3886
v -2.0295 -0.995578 -1.37809
v -1.9819 -0.936532 -1.64789
v -1.88014 -0.842336 -1.38511
v -1.94256 -0.935319 -1.3886
v -1.9819 -0.936532 -1.64789
v -1.88014 -0.842336 -1.38511
v -1.94057 -0.86667 -1.58515
v -1.9819 -0.936532 -1.64789
v -1.95167 -0.85395 -1.66462
v -1.94057 -0.86667 -1.58515
v 5.56455 -0.0886969 1.43443
v 5.7194 -0.111685 1.44672
v 5.63237 -0.0543947 1.53659
v 5.56455 -0.0886969 1.43443
v 5.41603 -0.102026 1.42177
v 5.63237 -0.0543947 1.53659
v 4.76444 -1.23777 3.12451
v 4.59644 -1.22828 3.11411
v 4.70474 -1.25921 3.00156
v 4.76444 -1.23777 3.12451
v 4.59644 -1.22828 3.11411
v 4.69475 -1.29021 3.18841
v 4.76444 -1.23777 3.12451
v 4.70474 -1.25921 3.00156
v 4.82002 -1.24359 3.02495
v -3.91688 -0.294962 -0.0847229
v -3.77602 -0.325488 0.247592
v -3.8581 -0.390985 0.254931
v 2.49908 -1.09476 1.47714
v 2.53997 -0.898352 1.84911
v 2.6942 -1.03813 1.32828
v 2.49908 -1.09476 1.47714
v 2.53997 -0.898352 1.84911
v 2.29467 -1.00396 1.83041
v 2.49908 -1.09476 1.47714
v 2.44924 -1.43278 1.0512
v 2.5869 -1.33392 1.06475
v 2.49908 -1.09476 1.47714
v 2.44924 -1.43278 1.0512
v 2.29467 -1.00396 1.83041
v 2.49908 -1.09476 1.47714
v 2.5869 -1.33392 1.06475
v 2.65587 -1.21457 1.06962
v 2.49908 -1.09476 1.47714
v 2.65587 -1.21457 1.06962
v 2.6942 -1.03813 1.32828
v 4.69099 0.371767 3.03938
v 4.71647 0.391434 2.99957
v 4.52549 0.326281 3.00907
v 4.69099 0.371767 3.03938
v 4.71647 0.391434 2.99957
v 4.83133 0.387417 3.01711
v 4.69099 0.371767 3.03938
v 4.61267 0.356361 3.11803
v 4.52549 0.326281 3.00907
v 4.69099 0.371767 3.03938
v 4.61267 0.356361 3.11803
v 4.83262 0.345293 3.08764
v 4.69099 0.371767 3.03938
v 4.83133 0.387417 3.01711
v 4.83262 0.345293 3.08764
v 5.40577 -0.235003 2.03454
v 5.391 -0.320622 2.1623
v 5.7081 -0.326497 1.92058
v 5.40577 -0.235003 2.03454
v 5.391 -0.320622 2.1623
v 5.21591 -0.234037 2.23747
v 5.40577 -0.235003 2.03454
v 5.7081 -0.326497 1.92058
v 5.62895 -0.233816 1.9012
v 5.40577 -0.235003 2.03454
v 5.62895 -0.233816 1.9012
v 5.26214 -0.0725077 1.82366
v 5.40577 -0.235003 2.03454
v 5.21591 -0.234037 2.23747
v 5.26214 -0.0725077 1.82366
v 4.75079 -1.37672 3.1889
v 4.85829 -1.37847 3.15897
v 4.68606 -1.42686 3.12676
v 4.75079 -1.37672 3.1889
v 4.59475 -1.37324 3.18693
v 4.69475 -1.29021 3.18841
v 4.75079 -1.37672 3.1889
v 4.59475 -1.37324 3.18693
v 4.68606 -1.42686 3.12676
v 2.50031 0.0404218 -1.07854
v 2.24459 0.10508 -1.04121
v 2.27746 -0.0302351 -1.15129
v 2.50031 0.0404218 -1.07854
v 2.24459 0.10508 -1.04121
v 2.52314 0.114238 -0.900559
v 2.2608 -0.974222 -1.04314
v 2.52212 -0.984441 -0.908522
v 2.49626 -1.12135 -0.744469
v 2.2608 -0.974222 -1.04314
v 2.49626 -1.12135 -0.744469
v 2.09587 -1.11011 -0.992069
v -2.64676 -1.55622 -2.97063
v -2.8367 -1.65331 -2.8345
v -2.75611 -1.46403 -2.80829
v 5.76712 -0.774794 1.50051
v 5.72235 -0.769171 1.44731
v 5.63935 -0.818138 1.52708
v 5.9416 -0.520113 1.50188
v 5.85917 -0.546533 1.37945
v 5.90217 -0.440109 1.4999
v 5.9416 -0.520113 1.50188
v 5.93584 -0.601254 1.47773
v 5.99808 -0.549438 1.66127
v 5.9416 -0.520113 1.50188
v 5.90217 -0.440109 1.4999
v 5.99808 -0.549438 1.66127
v -0.0616263 -1.65564 -0.924683
v -0.0256115 -1.82917 -0.700768
v 0.915506 -1.24777 -0.797052
v 4.70506 -1.02425 1.85924
v 4.651 -1.06106 1.70746
v 5.10797 -0.882682 1.5511
v 4.70506 -1.02425 1.85924
v 4.87693 -1.00211 2.10542
v 4.71054 -1.03834 2.25639
v 4.70506 -1.02425 1.85924
v 4.87693 -1.00211 2.10542
v 5.10797 -0.882682 1.5511
v 4.88165 -1.3302 3.04901
v 4.85829 -1.37847 3.15897
v 4.68063 -1.37714 2.99784
v 4.88165 -1.3302 3.04901
v 4.68063 -1.37714 2.99784
v 4.82002 -1.24359 3.02495
v 1.80954 0.584538 -1.3229
v 1.79467 0.682703 -1.05466
v 1.63013 0.653438 -1.08606
v 1.80954 0.584538 -1.3229
v 1.79467 0.682703 -1.05466
v 1.93907 0.564477 -1.28532
v 1.80954 0.584538 -1.3229
v 1.63877 0.509742 -1.74678
v 1.56232 0.561077 -1.29861
v 1.80954 0.584538 -1.3229
v 1.63877 0.509742 -1.74678
v 1.85166 0.522166 -1.94747
v 1.80954 0.584538 -1.3229
v 1.63013 0.653438 -1.08606
v 1.56232 0.561077 -1.29861
v -3.25185 0.377439 -0.51098
v -3.2718 0.482578 -0.716451
v -3.32063 0.306578 -0.892729
v 2.24459 0.10508 -1.04121
v 2.52314 0.114238 -0.900559
v 2.49101 0.277322 -0.696146
v 2.24459 0.10508 -1.04121
v 2.1436 0.328413 -0.816969
v 2.49101 0.277322 -0.696146
v 5.05668 -0.857108 2.22825
v 5.01102 -0.902991 2.31708
v 4.96353 -0.980582 2.20113
v 5.05668 -0.857108 2.22825
v 5.1068 -0.783076 2.30415
v 5.05402 -0.893344 2.13386
v 5.05668 -0.857108 2.22825
v 5.05402 -0.893344 2.13386
v 4.96353 -0.980582 2.20113
v 0.969089 0.69963 -0.0904604
v 0.551908 0.932452 0.116039
v 0.181592 0.991803 -0.45112
v 5.91324 -0.692885 1.55551
v 5.93584 -0.601254 1.47773
v 5.99808 -0.549438 1.66127
v -3.196 -1.51271 -1.6849
v -3.08014 -1.47663 -1.84865
v -3.03866 -1.54441 -1.42791
v 4.71647 0.391434 2.99957
v 4.53784 0.335493 2.95286
v 4.52549 0.326281 3.00907
v 3.88674 -0.687188 0.916182
v 3.63865 -0.812905 0.870445
v 3.68565 -0.625246 0.563244
v 3.88674 -0.687188 0.916182
v 3.63865 -0.812905 0.870445
v 4.03001 -0.755917 1.09512
v 3.88674 -0.687188 0.916182
v 4.12341 -0.628581 1.07452
v 3.68565 -0.625246 0.563244
v 3.88674 -0.687188 0.916182
v 4.12341 -0.628581 1.07452
v 4.03001 -0.755917 1.09512
v 1.6427 -1.3934 -1.73179
v 1.79839 -1.37863 -2.03618
v 1.90736 -1.43983 -1.68786
v 1.6427 -1.3934 -1.73179
v 1.54391 -1.44245 -1.23634
v 1.79115 -1.45338 -1.36818
v 1.6427 -1.3934 -1.73179
v 1.54391 -1.44245 -1.23634
v 1.4995 -1.39477 -1.25475
v 1.6427 -1.3934 -1.73179
v 1.53321 -1.32675 -1.6635
v 1.4995 -1.39477 -1.25475
v 1.6427 -1.3934 -1.73179
v 1.79115 -1.45338 -1.36818
v 1.90736 -1.43983 -1.68786
v 2.95967 -0.724013 -0.5045
v 2.79611 -0.882932 -0.830255
v 2.70676 -0.970614 -0.438871
v 2.95967 -0.724013 -0.5045
v 2.79611 -0.882932 -0.830255
v 2.87402 -0.780083 -0.908766
v 2.95967 -0.724013 -0.5045
v 3.05099 -0.716229 -0.314912
v 2.70676 -0.970614 -0.438871
v 2.95967 -0.724013 -0.5045
v 3.05099 -0.716229 -0.314912
v 2.98328 -0.449754 -0.472755
v 2.95967 -0.724013 -0.5045
v 2.88028 -0.503513 -0.921384
v 2.87402 -0.780083 -0.908766
v 2.95967 -0.724013 -0.5045
v 2.88028 -0.503513 -0.921384
v 2.98328 -0.449754 -0.472755
v 4.22871 -1.02293 2.18819
v 4.3059 -1.06917 2.16903
v 4.35882 -1.10044 1.96339
v 4.22871 -1.02293 2.18819
v 4.3059 -1.06917 2.16903
v 4.33941 -1.03367 2.31276
v 4.22871 -1.02293 2.18819
v 4.21755 -1.08143 1.81009
v 4.35882 -1.10044 1.96339
v 4.22871 -1.02293 2.18819
v 4.35882 -1.10044 1.96339
v 4.33941 -1.03367 2.31276
v 4.19447 -0.651837 3.02587
v 4.21163 -0.743734 3.04279
v 4.34286 -0.699882 3.02777
v 4.19447 -0.651837 3.02587
v 4.21163 -0.743734 3.04279
v 4.08963 -0.708309 2.99133
v 4.19447 -0.651837 3.02587
v 4.34286 -0.699882 3.02777
v 4.35098 -0.179046 3.02471
v 4.19447 -0.651837 3.02587
v 4.08708 -0.23698 3.01572
v 4.05321 -0.669926 2.99332
v 4.19447 -0.651837 3.02587
v 4.08963 -0.708309 2.99133
v 4.05321 -0.669926 2.99332
v 5.77558 -0.106269 1.50141
v 5.7194 -0.111685 1.44672
v 5.63237 -0.0543947 1.53659
v 5.77558 -0.106269 1.50141
v 5.765 -0.121863 1.69987
v 5.63237 -0.0543947 1.53659
v 4.05329 -0.739086 2.94223
v 4.11777 -0.999507 2.89598
v 4.09183 -0.918118 2.95331
v 4.05329 -0.739086 2.94223
v 4.11777 -0.999507 2.89598
v 4.01255 -0.750254 2.86862
v 4.05329 -0.739086 2.94223
v 4.09183 -0.918118 2.95331
v 4.08963 -0.708309 2.99133
v 4.05329 -0.739086 2.94223
v 4.08963 -0.708309 2.99133
v 4.05321 -0.669926 2.99332
v 4.05329 -0.739086 2.94223
v 4.05321 -0.669926 2.99332
v 4.01255 -0.750254 2.86862
v 4.8056 -1.022 2.56688
v 4.72603 -1.05167 2.47878
v 4.58879 -0.935324 2.6928
v 4.8056 -1.022 2.56688
v 4.92022 -0.963604 2.52927
v 4.89839 -0.963814 2.63318
v 4.8056 -1.022 2.56688
v 4.89839 -0.963814 2.63318
v 4.58879 -0.935324 2.6928
v -1.35639 -0.945065 2.10831
v -0.282568 -0.839424 1.99846
v -1.91684 -0.741372 2.20433
v -1.35639 -0.945065 2.10831
v -1.91684 -0.741372 2.20433
v -1.42303 -1.15985 2.08466
v 4.37812 0.281644 3.12156
v 4.22641 0.0634431 3.0657
v 4.36145 0.148036 3.04671
v 4.37812 0.281644 3.12156
v 4.22641 0.0634431 3.0657
v 4.32349 0.369395 3.14302
v 4.37812 0.281644 3.12156
v 4.36145 0.148036 3.04671
v 4.5037 0.293994 3.06867
v 4.37812 0.281644 3.12156
v 4.53388 0.368923 3.15626
v 4.5037 0.293994 3.06867
v 4.37812 0.281644 3.12156
v 4.53388 0.368923 3.15626
v 4.32349 0.369395 3.14302
v 4.53784 0.335493 2.95286
v 4.52549 0.326281 3.00907
v 4.44453 0.211306 2.9515
v 4.05432 -0.138295 2.94147
v 4.03453 -0.0450009 2.80914
v 4.09794 0.0640471 2.96459
v 4.05432 -0.138295 2.94147
v 4.08708 -0.23698 3.01572
v 4.10038 -0.166199 2.99699
v 4.05432 -0.138295 2.94147
v 4.10038 -0.166199 2.99699
v 4.09794 0.0640471 2.96459
v 5.18119 -0.808112 1.40843
v 5.42171 -0.77611 1.42374
v 5.29995 -0.599779 1.29156
v 5.18119 -0.808112 1.40843
v 5.42171 -0.77611 1.42374
v 5.10797 -0.882682 1.5511
v 5.18119 -0.808112 1.40843
v 5.07246 -0.692735 1.25908
v 5.29995 -0.599779 1.29156
v 5.18119 -0.808112 1.40843
v 5.07246 -0.692735 1.25908
v 4.80537 -0.955925 1.44506
v 5.18119 -0.808112 1.40843
v 5.10797 -0.882682 1.5511
v 4.80537 -0.955925 1.44506
v -3.25164 -1.25787 -0.517245
v -3.23353 -1.45331 -0.231364
v -3.24406 -1.38732 -0.583091
v -3.25164 -1.25787 -0.517245
v -3.24406 -1.38732 -0.583091
v -3.32256 -1.18166 -0.910814
v -3.25164 -1.25787 -0.517245
v -3.5555 -1.102 -0.299078
v -3.52986 -1.12044 -0.674723
v -3.25164 -1.25787 -0.517245
v -3.52986 -1.12044 -0.674723
v -3.32256 -1.18166 -0.910814
v 4.22641 0.0634431 3.0657
v 4.36145 0.148036 3.04671
v 4.20461 -0.158135 3.03795
v 1.79467 0.682703 -1.05466
v 1.63013 0.653438 -1.08606
v 1.56021 0.747246 -0.531037
v 1.79467 0.682703 -1.05466
v 1.83371 0.76125 -0.661412
v 1.56021 0.747246 -0.531037
v 1.79467 0.682703 -1.05466
v 1.83371 0.76125 -0.661412
v 1.93907 0.564477 -1.28532
v 5.01102 -0.902991 2.31708
v 4.9913 -0.956966 2.29436
v 4.96353 -0.980582 2.20113
v 5.01102 -0.902991 2.31708
v 4.9913 -0.956966 2.29436
v 4.9555 -1.05015 2.36163
v 5.01102 -0.902991 2.31708
v 5.04408 -0.90163 2.42517
v 4.93912 -1.01212 2.48405
v 5.01102 -0.902991 2.31708
v 4.93912 -1.01212 2.48405
v 4.9555 -1.05015 2.36163
v 3.92824 0.0982405 1.72467
v 3.28602 -0.00973752 1.83339
v 3.87209 0.0422153 2.15546
v -1.42997 -0.437449 2.25255
v -0.491092 -0.232167 2.1053
v -1.25707 0.157859 2.07764
v -1.42997 -0.437449 2.25255
v -0.491092 -0.232167 2.1053
v -0.722332 -0.476781 2.18582
v -1.42997 -0.437449 2.25255
v -1.91684 -0.741372 2.20433
v -0.722332 -0.476781 2.18582
v -1.73725 0.46778 -0.837832
v -2.11587 0.527561 -0.845045
v -1.68897 0.365649 -1.09588
v 2.78799 0.0104185 -0.838652
v 2.82522 -0.0227173 -0.641342
v 2.52314 0.114238 -0.900559
v 2.78799 0.0104185 -0.838652
v 2.82522 -0.0227173 -0.641342
v 2.88105 -0.0952526 -0.891863
v 4.87737 0.458306 3.05132
v 4.83133 0.387417 3.01711
v 4.67451 0.50529 3.00205
v 4.87737 0.458306 3.05132
v 4.67451 0.50529 3.00205
v 4.63911 0.554264 3.13643
v 4.87737 0.458306 3.05132
v 4.82087 0.518409 3.14697
v 4.63911 0.554264 3.13643
v 4.25702 0.377643 2.93093
v 4.19131 0.181719 2.81477
v 4.09234 0.0677343 2.85933
v 4.25702 0.377643 2.93093
v 4.19131 0.181719 2.81477
v 4.41185 0.395312 2.89485
v 4.25702 0.377643 2.93093
v 4.3445 0.446794 2.96707
v 4.41185 0.395312 2.89485
v 2.17098 -1.25061 -0.720005
v 2.1694 -1.40977 -0.70786
v 2.09587 -1.11011 -0.992069
v 2.17098 -1.25061 -0.720005
v 2.28213 -1.31734 -0.448363
v 2.4788 -1.20346 -0.550141
v 2.17098 -1.25061 -0.720005
v 2.4788 -1.20346 -0.550141
v 2.49626 -1.12135 -0.744469
v 2.17098 -1.25061 -0.720005
v 2.49626 -1.12135 -0.744469
v 2.09587 -1.11011 -0.992069
v -1.9432 0.0564906 -1.39177
v -1.94307 0.0148616 -1.64937
v -1.9368 -0.0124801 -1.56524
v -1.9432 0.0564906 -1.39177
v -1.8693 -0.0283414 -1.37562
v -1.9368 -0.0124801 -1.56524
v 3.76096 -0.632987 2.75669
v 3.45455 -0.576404 2.57377
v 3.26135 -0.746962 2.25799
v 3.76096 -0.632987 2.75669
v 3.87645 -0.828475 2.71894
v 4.01255 -0.750254 2.86862
v 5.74863 -0.653064 1.39383
v 5.72235 -0.769171 1.44731
v 5.55708 -0.688101 1.37451
v 5.74863 -0.653064 1.39383
v 5.73781 -0.643888 1.35016
v 5.55708 -0.688101 1.37451
v 1.63877 0.509742 -1.74678
v 1.53441 0.451794 -1.6658
v 1.56232 0.561077 -1.29861
v 4.85829 -1.37847 3.15897
v 4.68063 -1.37714 2.99784
v 4.68606 -1.42686 3.12676
v -1.81588 -1.68503 0.868221
v -2.00641 -1.62231 1.0011
v -1.29341 -1.82381 1.00568
v -1.81588 -1.68503 0.868221
v -2.00641 -1.62231 1.0011
v -1.92838 -1.8004 0.512867
v -1.81588 -1.68503 0.868221
v -1.29341 -1.82381 1.00568
v -1.49907 -1.93913 0.504831
v 5.38955 -0.790131 1.56417
v 5.42171 -0.77611 1.42374
v 5.22897 -0.828611 1.58197
v 5.38955 -0.790131 1.56417
v 5.42171 -0.77611 1.42374
v 5.63935 -0.818138 1.52708
v 5.38955 -0.790131 1.56417
v 5.25064 -0.808307 1.82868
v 5.22897 -0.828611 1.58197
v 5.38955 -0.790131 1.56417
v 5.25064 -0.808307 1.82868
v 5.49128 -0.747012 1.7606
v 5.38955 -0.790131 1.56417
v 5.49128 -0.747012 1.7606
v 5.63935 -0.818138 1.52708
v 4.72603 -1.05167 2.47878
v 4.45197 -1.00142 2.46194
v 4.71054 -1.03834 2.25639
v 4.72603 -1.05167 2.47878
v 4.45197 -1.00142 2.46194
v 4.58879 -0.935324 2.6928
v 3.27565 -0.920745 0.680275
v 3.63865 -0.812905 0.870445
v 3.11228 -0.98914 0.890534
v 3.27565 -0.920745 0.680275
v 3.63865 -0.812905 0.870445
v 3.04016 -0.86644 0.149423
v 3.27565 -0.920745 0.680275
v 2.89247 -0.970434 0.230565
v 2.79222 -1.15068 0.464079
v 3.27565 -0.920745 0.680275
v 2.89247 -0.970434 0.230565
v 3.04016 -0.86644 0.149423
v 3.27565 -0.920745 0.680275
v 2.79222 -1.15068 0.464079
v 3.11228 -0.98914 0.890534
v 1.55283 -1.22423 -1.66336
v 1.66488 -1.13093 -1.73336
v 1.6477 -1.25047 -2.04722
v 1.55283 -1.22423 -1.66336
v 1.66488 -1.13093 -1.73336
v 1.61509 -1.10705 -1.23308
v 1.55283 -1.22423 -1.66336
v 1.53321 -1.32675 -1.6635
v 1.6477 -1.25047 -2.04722
v 1.90223 0.627336 -2.78761
v 1.85494 0.606048 -2.89167
v 1.87751 0.557122 -2.63472
v 1.90223 0.627336 -2.78761
v 1.87751 0.557122 -2.63472
v 2.01289 0.646884 -2.74244
v -1.41383 0.178015 -1.24518
v -1.43023 -0.0365979 -1.26361
v -1.28453 0.0845975 -1.26325
v 2.13343 0.48138 -0.845368
v 2.04954 0.542603 -1.07431
v 2.16725 0.667449 -0.540231
v 2.13343 0.48138 -0.845368
v 2.25354 0.446746 -0.477838
v 2.24139 0.552338 -0.445861
v 2.13343 0.48138 -0.845368
v 2.25354 0.446746 -0.477838
v 2.1436 0.328413 -0.816969
v 2.13343 0.48138 -0.845368
v 2.16725 0.667449 -0.540231
v 2.24139 0.552338 -0.445861
v -3.11786 0.769187 -2.83917
v -3.16971 0.748228 -2.94351
v -3.14554 0.699244 -2.68666
v -3.11786 0.769187 -2.83917
v -3.14554 0.699244 -2.68666
v -2.99591 0.789029 -2.79453
v -3.70981 -0.200688 1.77662
v -3.68424 -0.105368 1.53763
v -3.69245 0.018015 1.87957
v -3.44064 0.300111 0.227806
v -3.41708 0.487184 0.553503
v -3.24254 0.576663 -0.158593
v -3.44064 0.300111 0.227806
v -3.41708 0.487184 0.553503
v -3.53289 0.145425 0.633541
v -3.44064 0.300111 0.227806
v -3.53289 0.145425 0.633541
v -3.524 -0.0446281 0.591105
v -3.23353 -1.45331 -0.231364
v -3.44299 -1.17388 0.236088
v -3.39526 -1.37529 0.473398
v -3.23353 -1.45331 -0.231364
v -3.24406 -1.38732 -0.583091
v -2.94535 -1.71486 -0.106537
v -3.23353 -1.45331 -0.231364
v -3.39526 -1.37529 0.473398
v -2.94535 -1.71486 -0.106537
v 4.01702 0.291355 2.43311
v 3.88372 0.150227 2.58459
v 3.93572 0.0497323 2.40667
v 4.01702 0.291355 2.43311
v 3.88372 0.150227 2.58459
v 4.01032 0.372887 2.55836
v 4.01702 0.291355 2.43311
v 4.039 0.57526 2.39589
v 4.01032 0.372887 2.55836
v 4.30851 0.100508 2.50332
v 4.43048 0.139815 2.30791
v 4.48438 0.114 2.51742
v 4.30851 0.100508 2.50332
v 4.43048 0.139815 2.30791
v 4.33856 0.161492 2.30123
v 4.30851 0.100508 2.50332
v 4.48438 0.114 2.51742
v 4.3628 0.0524573 2.59095
v -2.55113 0.16775 -1.39778
v -2.67544 0.124817 -1.57494
v -2.54735 0.131836 -1.65835
v -2.55113 0.16775 -1.39778
v -2.67544 0.124817 -1.57494
v -2.68452 0.145764 -1.4106
v -2.55113 0.16775 -1.39778
v -2.47825 0.133087 -1.4225
v -2.45848 0.43972 -1.11997
v -2.55113 0.16775 -1.39778
v -2.47825 0.133087 -1.4225
v -2.54735 0.131836 -1.65835
v 1.60173 0.741053 0.831662
v 1.73149 0.819157 0.353558
v 0.7983 0.793525 0.719862
v 1.60173 0.741053 0.831662
v 1.73149 0.819157 0.353558
v 2.13618 0.852782 0.320096
v 1.60173 0.741053 0.831662
v 1.56906 0.583743 1.322
v 1.97993 0.641383 1.14015
v 1.60173 0.741053 0.831662
v 1.56906 0.583743 1.322
v 0.827244 0.47981 1.37201
v 1.60173 0.741053 0.831662
v 0.827244 0.47981 1.37201
v 0.7983 0.793525 0.719862
v -3.41708 0.487184 0.553503
v -3.24254 0.576663 -0.158593
v -3.0879 0.724798 0.544028
v -3.41708 0.487184 0.553503
v -3.53289 0.145425 0.633541
v -3.51028 0.393175 0.850957
v -3.41708 0.487184 0.553503
v -3.51028 0.393175 0.850957
v -3.0879 0.724798 0.544028
v 1.54391 -1.44245 -1.23634
v 1.79115 -1.45338 -1.36818
v 1.54086 -1.51813 -1.04877
v 1.54391 -1.44245 -1.23634
v 1.4995 -1.39477 -1.25475
v 1.44458 -1.43872 -0.929735
v 1.54391 -1.44245 -1.23634
v 1.54086 -1.51813 -1.04877
v 1.44458 -1.43872 -0.929735
v 3.08613 -0.598948 2.37773
v 3.45455 -0.576404 2.57377
v 3.01962 -0.437132 2.43093
v 3.08613 -0.598948 2.37773
v 3.45455 -0.576404 2.57377
v 3.26135 -0.746962 2.25799
v 3.08613 -0.598948 2.37773
v 3.26135 -0.746962 2.25799
v 2.64538 -0.735613 2.11752
v -2.68444 -0.994231 -1.6621
v -2.67546 -1.00344 -1.56801
v -2.69289 -0.926034 -1.68834
v 1.66488 -1.13093 -1.73336
v 1.75443 -1.07619 -1.67759
v 1.8697 -1.13812 -2.27007
v 1.66488 -1.13093 -1.73336
v 1.75443 -1.07619 -1.67759
v 1.61509 -1.10705 -1.23308
v 1.66488 -1.13093 -1.73336
v 1.8697 -1.13812 -2.27007
v 1.6477 -1.25047 -2.04722
v 4.3059 -1.06917 2.16903
v 4.35882 -1.10044 1.96339
v 4.33941 -1.03367 2.31276
v 4.9311 -1.01998 2.29647
v 4.9913 -0.956966 2.29436
v 4.96353 -0.980582 2.20113
v 4.9311 -1.01998 2.29647
v 4.9913 -0.956966 2.29436
v 4.9555 -1.05015 2.36163
v 4.9311 -1.01998 2.29647
v 4.87413 -1.0546 2.28112
v 4.96353 -0.980582 2.20113
v -3.29263 -1.30063 -2.12726
v -3.14458 -1.2811 -2.32777
v -3.14339 -1.27287 -1.92188
v -3.29263 -1.30063 -2.12726
v -3.14458 -1.2811 -2.32777
v -3.27519 -1.30935 -2.54713
v -3.29263 -1.30063 -2.12726
v -3.29912 -1.2435 -1.85528
v -3.37967 -1.33256 -2.07409
v -3.29263 -1.30063 -2.12726
v -3.29912 -1.2435 -1.85528
v -3.14339 -1.27287 -1.92188
v -3.29263 -1.30063 -2.12726
v -3.37967 -1.33256 -2.07409
v -3.33262 -1.42493 -2.56501
v -3.29263 -1.30063 -2.12726
v -3.33262 -1.42493 -2.56501
v -3.27519 -1.30935 -2.54713
v 1.66442 -0.434233 2.22996
v 2.06966 -0.428942 2.21822
v 2.10238 -0.222252 2.1707
v 1.66442 -0.434233 2.22996
v 2.06966 -0.428942 2.21822
v 2.23054 -0.689171 2.17061
v 1.66442 -0.434233 2.22996
v 1.46517 -0.6617 2.18057
v 2.23054 -0.689171 2.17061
v 1.66442 -0.434233 2.22996
v 1.75806 -0.225182 2.18507
v 2.10238 -0.222252 2.1707
v 2.1694 -1.40977 -0.70786
v 2.05925 -1.29796 -1.1253
v 2.1398 -1.50217 -0.699693
v 2.1694 -1.40977 -0.70786
v 2.05925 -1.29796 -1.1253
v 2.09587 -1.11011 -0.992069
v -2.15409 0.849195 0.779129
v -2.38467 0.960104 0.416777
v -2.48633 0.845053 0.93791
v -2.15409 0.849195 0.779129
v -2.48633 0.845053 0.93791
v -1.92694 0.787347 0.841287
v -2.15409 0.849195 0.779129
v -1.8288 0.919318 0.499684
v -1.92694 0.787347 0.841287
v 2.04954 0.542603 -1.07431
v 2.16725 0.667449 -0.540231
v 1.99707 0.732121 -0.69629
v 2.04954 0.542603 -1.07431
v 1.93907 0.564477 -1.28532
v 1.99707 0.732121 -0.69629
v -3.44299 -1.17388 0.236088
v -3.56471 -0.980905 0.786461
v -3.39526 -1.37529 0.473398
v -3.44299 -1.17388 0.236088
v -3.56471 -0.980905 0.786461
v -3.49655 -0.934651 0.447366
v -1.98964 0.371655 2.05308
v -3.08102 0.091993 2.24605
v -3.07197 0.362649 2.08226
v -1.98964 0.371655 2.05308
v -3.08102 0.091993 2.24605
v -1.25707 0.157859 2.07764
v -1.98964 0.371655 2.05308
v -2.04154 0.634425 1.81032
v -3.07197 0.362649 2.08226
v 4.4636 -0.51223 2.95922
v 4.58471 -0.682307 2.83012
v 4.34286 -0.699882 3.02777
v 4.4636 -0.51223 2.95922
v 4.58471 -0.682307 2.83012
v 4.65271 -0.335056 2.80252
v 4.4636 -0.51223 2.95922
v 4.34286 -0.699882 3.02777
v 4.35098 -0.179046 3.02471
v 4.26266 -0.869182 1.33286
v 4.00568 -0.916724 1.42248
v 4.03001 -0.755917 1.09512
v 4.26266 -0.869182 1.33286
v 4.00568 -0.916724 1.42248
v 4.35931 -1.05621 1.57062
v -0.0794619 0.0259906 -1.35181
v 0.910003 -0.0268783 -1.06291
v -0.0295085 -0.712652 -1.37164
v -0.0794619 0.0259906 -1.35181
v 0.910003 -0.0268783 -1.06291
v 0.853247 0.156146 -1.00844
v -0.0794619 0.0259906 -1.35181
v -0.529402 0.0160363 -1.39512
v -0.0295085 -0.712652 -1.37164
v 2.53997 -0.898352 1.84911
v 2.6942 -1.03813 1.32828
v 2.83137 -0.89562 1.67714
v 2.53997 -0.898352 1.84911
v 2.83137 -0.89562 1.67714
v 2.64538 -0.735613 2.11752
v 2.53997 -0.898352 1.84911
v 2.29467 -1.00396 1.83041
v 2.64538 -0.735613 2.11752
v -3.14458 -1.2811 -2.32777
v -3.04194 -1.34466 -2.36531
v -3.03956 -1.33185 -1.91367
v -3.14458 -1.2811 -2.32777
v -3.04194 -1.34466 -2.36531
v -3.02893 -1.30067 -2.59696
v -3.14458 -1.2811 -2.32777
v -3.03956 -1.33185 -1.91367
v -3.14339 -1.27287 -1.92188
v 2.88502 0.100197 0.23482
v 2.99992 -0.043619 -0.0768552
v 3.28502 0.0308689 0.652243
v 2.88502 0.100197 0.23482
v 2.99992 -0.043619 -0.0768552
v 2.71755 0.227127 -0.023863
v 2.88502 0.100197 0.23482
v 2.73691 0.277685 0.263097
v 2.79528 0.27347 0.469237
v 2.88502 0.100197 0.23482
v 2.73691 0.277685 0.263097
v 2.71755 0.227127 -0.023863
v 2.88502 0.100197 0.23482
v 3.28502 0.0308689 0.652243
v 2.79528 0.27347 0.469237
v -2.8981 0.556105 -2.6059
v -3.04535 0.417699 -2.47897
v -3.01797 0.505151 -2.32996
v -2.8981 0.556105 -2.6059
v -3.01797 0.505151 -2.32996
v -3.06397 0.600963 -2.29222
v 3.63865 -0.812905 0.870445
v 4.00568 -0.916724 1.42248
v 4.03001 -0.755917 1.09512
v 3.63865 -0.812905 0.870445
v 3.04016 -0.86644 0.149423
v 3.68565 -0.625246 0.563244
v 4.35087 -1.33007 2.96574
v 4.26295 -1.25879 2.93338
v 4.42133 -1.29367 2.90588
v 4.35087 -1.33007 2.96574
v 4.26295 -1.25879 2.93338
v 4.37475 -1.35993 3.11501
v 4.35087 -1.33007 2.96574
v 4.43596 -1.37785 2.99328
v 4.37475 -1.35993 3.11501
v -2.68608 0.116402 -1.66192
v -2.67544 0.124817 -1.57494
v -2.68153 0.0496501 -1.59976
v -2.68608 0.116402 -1.66192
v -2.67544 0.124817 -1.57494
v -2.54735 0.131836 -1.65835
v -2.68608 0.116402 -1.66192
v -2.68153 0.0496501 -1.59976
v -2.69027 0.0420369 -1.68969
v 5.72235 -0.769171 1.44731
v 5.55708 -0.688101 1.37451
v 5.51528 -0.77289 1.40119
v 5.72235 -0.769171 1.44731
v 5.51528 -0.77289 1.40119
v 5.63935 -0.818138 1.52708
v 4.01669 -1.16722 2.43365
v 3.88407 -1.02146 2.58691
v 3.98429 -1.19208 2.58099
v 4.01669 -1.16722 2.43365
v 3.98429 -1.19208 2.58099
v 4.03887 -1.44807 2.40597
v 4.13579 0.281201 2.71698
v 4.23543 0.234739 2.71111
v 4.1695 0.155588 2.73482
v 4.13579 0.281201 2.71698
v 3.98204 0.128411 2.71313
v 4.1695 0.155588 2.73482
v 4.13579 0.281201 2.71698
v 3.98204 0.128411 2.71313
v 4.08183 0.40621 2.7067
v 5.53929 -0.609269 1.29614
v 5.73781 -0.643888 1.35016
v 5.55708 -0.688101 1.37451
v 5.53929 -0.609269 1.29614
v 5.55536 -0.518375 1.27661
v 5.29995 -0.599779 1.29156
v 5.53929 -0.609269 1.29614
v 5.29995 -0.599779 1.29156
v 5.51528 -0.77289 1.40119
v 5.53929 -0.609269 1.29614
v 5.55708 -0.688101 1.37451
v 5.51528 -0.77289 1.40119
v 2.99992 -0.043619 -0.0768552
v 3.40709 -0.246786 0.153719
v 3.04833 -0.174207 -0.327275
v 2.99992 -0.043619 -0.0768552
v 3.40709 -0.246786 0.153719
v 3.66508 -0.253248 0.531051
v 2.99992 -0.043619 -0.0768552
v 3.04833 -0.174207 -0.327275
v 2.72005 0.0806336 -0.44831
v 2.99992 -0.043619 -0.0768552
v 3.28502 0.0308689 0.652243
v 3.66508 -0.253248 0.531051
v 2.99992 -0.043619 -0.0768552
v 2.72005 0.0806336 -0.44831
v 2.71755 0.227127 -0.023863
v -3.69456 -0.35203 0.44093
v -3.77602 -0.325488 0.247592
v -3.7644 -0.341705 0.609277
v -3.69456 -0.35203 0.44093
v -3.7644 -0.341705 0.609277
v -3.77831 -0.324222 1.40069
v -3.69456 -0.35203 0.44093
v -3.70372 -0.406602 1.45662
v -3.64513 -0.398399 0.283499
v -3.69456 -0.35203 0.44093
v -3.70372 -0.406602 1.45662
v -3.77831 -0.324222 1.40069
v -3.24406 -1.38732 -0.583091
v -3.322 -1.32592 -0.93846
v -3.18697 -1.40121 -0.947824
v -3.24406 -1.38732 -0.583091
v -3.322 -1.32592 -0.93846
v -3.32256 -1.18166 -0.910814
v -3.24406 -1.38732 -0.583091
v -3.18697 -1.40121 -0.947824
v -2.94535 -1.71486 -0.106537
v 1.83318 -1.64739 -0.588037
v 1.54086 -1.51813 -1.04877
v 1.55357 -1.61272 -0.603383
v 3.88407 -1.02146 2.58691
v 3.87645 -0.828475 2.71894
v 3.82026 -0.864717 2.558
v -2.54924 -1.04606 -1.39434
v -2.67546 -1.00344 -1.56801
v -2.69617 -1.01571 -1.41181
v 5.03173 0.00518062 2.53237
v 5.08521 -0.234655 2.46416
v 4.94932 -0.0320104 2.62986
v 5.03173 0.00518062 2.53237
v 5.08521 -0.234655 2.46416
v 5.08868 -0.00321812 2.37568
v 5.03173 0.00518062 2.53237
v 4.92928 0.0805286 2.52503
v 5.08868 -0.00321812 2.37568
v 5.03173 0.00518062 2.53237
v 4.92928 0.0805286 2.52503
v 4.90119 0.0816795 2.63397
v 5.03173 0.00518062 2.53237
v 4.94932 -0.0320104 2.62986
v 4.90119 0.0816795 2.63397
v 4.8096 0.138571 2.57491
v 4.80408 0.156742 2.50888
v 4.90119 0.0816795 2.63397
v 4.8096 0.138571 2.57491
v 4.79571 0.000222684 2.70452
v 4.90119 0.0816795 2.63397
v 4.50383 -1.16965 3.06683
v 4.42916 -1.04796 2.99639
v 4.51162 -1.19402 2.99569
v 4.50383 -1.16965 3.06683
v 4.42916 -1.04796 2.99639
v 4.39797 -1.17436 3.12692
v 4.50383 -1.16965 3.06683
v 4.59644 -1.22828 3.11411
v 4.51162 -1.19402 2.99569
v 4.50383 -1.16965 3.06683
v 4.59644 -1.22828 3.11411
v 4.5312 -1.23938 3.15299
v 4.50383 -1.16965 3.06683
v 4.5312 -1.23938 3.15299
v 4.39797 -1.17436 3.12692
v 2.44217 0.586061 1.00058
v 2.57382 0.343555 1.22923
v 2.27611 0.228386 1.69625
v 2.44217 0.586061 1.00058
v 2.57382 0.343555 1.22923
v 2.68371 0.560646 0.66883
v 5.09119 -0.849161 2.41763
v 5.02512 -0.88628 2.54071
v 4.96705 -0.809677 2.61572
v 5.09119 -0.849161 2.41763
v 5.02512 -0.88628 2.54071
v 5.04408 -0.90163 2.42517
v 5.09119 -0.849161 2.41763
v 5.1068 -0.783076 2.30415
v 5.10544 -0.649643 2.42273
v 5.09119 -0.849161 2.41763
v 4.96705 -0.809677 2.61572
v 5.10544 -0.649643 2.42273
v 1.46517 -0.6617 2.18057
v 2.23054 -0.689171 2.17061
v 1.65292 -1.12986 1.84894
v 1.46517 -0.6617 2.18057
v 0.752927 -0.821524 1.98661
v 1.65292 -1.12986 1.84894
v 4.039 0.57526 2.39589
v 4.02517 0.792134 2.57274
v 4.01032 0.372887 2.55836
v 1.5898 -1.46756 1.3074
v 1.67841 -1.64863 0.712287
v 1.9327 -1.37509 1.44927
v 1.5898 -1.46756 1.3074
v 1.9327 -1.37509 1.44927
v 1.65292 -1.12986 1.84894
v 1.5898 -1.46756 1.3074
v 1.65292 -1.12986 1.84894
v 0.419356 -0.914487 1.88153
v 1.5898 -1.46756 1.3074
v 0.419356 -0.914487 1.88153
v 0.624713 -1.21105 1.54878
v 4.19925 -0.252976 3.02443
v 4.20461 -0.158135 3.03795
v 4.10038 -0.166199 2.99699
v 4.19925 -0.252976 3.02443
v 4.20461 -0.158135 3.03795
v 4.35098 -0.179046 3.02471
v 4.19925 -0.252976 3.02443
v 4.08708 -0.23698 3.01572
v 4.10038 -0.166199 2.99699
v 4.11777 -0.999507 2.89598
v 4.09183 -0.918118 2.95331
v 4.12398 -1.07691 2.96846
v 4.11777 -0.999507 2.89598
v 4.19146 -1.07701 2.82842
v 4.12398 -1.07691 2.96846
v -0.0256115 -1.82917 -0.700768
v 0.942748 -1.43606 -0.511324
v 0.316425 -1.8885 -0.227307
v -0.0256115 -1.82917 -0.700768
v 0.942748 -1.43606 -0.511324
v 0.915506 -1.24777 -0.797052
v -3.14284 0.405628 -2.34215
v -3.04535 0.417699 -2.47897
v -3.01797 0.505151 -2.32996
v 4.28214 -1.31262 2.62769
v 4.35276 -1.23925 2.54592
v 4.1609 -1.23548 2.53284
v 4.28214 -1.31262 2.62769
v 4.23529 -1.59119 2.80552
v 4.1609 -1.23548 2.53284
v 1.75806 -0.225182 2.18507
v 2.12876 -0.104287 2.1061
v 2.10238 -0.222252 2.1707
v 1.75806 -0.225182 2.18507
v 2.12876 -0.104287 2.1061
v 2.27876 0.123024 1.83798
v 5.4693 -0.118557 1.76795
v 5.62895 -0.233816 1.9012
v 5.6937 -0.126665 1.77511
v 5.4693 -0.118557 1.76795
v 5.62895 -0.233816 1.9012
v 5.26214 -0.0725077 1.82366
v -0.282568 -0.839424 1.99846
v -0.253377 -1.00997 1.906
v 0.624713 -1.21105 1.54878
v -0.282568 -0.839424 1.99846
v -1.91684 -0.741372 2.20433
v -0.722332 -0.476781 2.18582
v -0.282568 -0.839424 1.99846
v 0.419356 -0.914487 1.88153
v 0.624713 -1.21105 1.54878
v -0.282568 -0.839424 1.99846
v 0.419356 -0.914487 1.88153
v -0.722332 -0.476781 2.18582
v 4.23517 -1.1107 2.71063
v 4.18174 -1.09944 2.72447
v 4.18186 -1.25333 2.75315
v 2.89247 -0.970434 0.230565
v 3.04016 -0.86644 0.149423
v 2.70873 -1.10564 -0.0187818
v 4.38746 -0.917197 2.62117
v 4.45197 -1.00142 2.46194
v 4.58879 -0.935324 2.6928
v -3.04194 -1.34466 -2.36531
v -2.89848 -1.4327 -2.60603
v -3.02253 -1.40874 -2.30971
v -3.04194 -1.34466 -2.36531
v -3.02253 -1.40874 -2.30971
v -3.03956 -1.33185 -1.91367
v -2.67544 0.124817 -1.57494
v -2.68153 0.0496501 -1.59976
v -2.70601 0.0425061 -1.44689
v -2.67544 0.124817 -1.57494
v -2.68452 0.145764 -1.4106
v -2.70601 0.0425061 -1.44689
v 3.44846 -0.314736 2.57718
v 3.39392 -0.448479 2.57435
v 3.80395 -0.228488 2.7816
v 3.44846 -0.314736 2.57718
v 3.39392 -0.448479 2.57435
v 3.01962 -0.437132 2.43093
v 3.44846 -0.314736 2.57718
v 3.01962 -0.437132 2.43093
v 3.12602 -0.281641 2.39492
v 5.76252 -0.760073 1.68677
v 5.79202 -0.720296 1.78038
v 5.67619 -0.76069 1.75593
v 5.76252 -0.760073 1.68677
v 5.67619 -0.76069 1.75593
v 5.63935 -0.818138 1.52708
v 1.89112 -1.49308 -2.77786
v 1.8553 -1.47946 -2.86917
v 1.81585 -1.38141 -2.69134
v 1.89112 -1.49308 -2.77786
v 1.87341 -1.4328 -2.63547
v 1.81585 -1.38141 -2.69134
v 1.89112 -1.49308 -2.77786
v 1.87341 -1.4328 -2.63547
v 1.96935 -1.50774 -2.72766
v -3.49946 -1.10824 1.7961
v -3.69209 -0.904885 1.86317
v -3.64912 -1.0305 1.55807
v -3.49946 -1.10824 1.7961
v -3.64912 -1.0305 1.55807
v -3.3085 -1.44311 0.766558
v -3.49946 -1.10824 1.7961
v -3.3085 -1.44311 0.766558
v -2.95585 -1.62374 0.867141
v -3.49946 -1.10824 1.7961
v -2.95585 -1.62374 0.867141
v -3.28308 -1.28856 1.86209
v -3.16228 0.594051 -2.34152
v -3.17924 0.621606 -2.13103
v -3.06397 0.600963 -2.29222
v -2.38467 0.960104 0.416777
v -2.79702 0.789369 0.752406
v -2.48633 0.845053 0.93791
v -2.38467 0.960104 0.416777
v -2.79702 0.789369 0.752406
v -3.0879 0.724798 0.544028
v -2.38467 0.960104 0.416777
v -2.42981 0.940718 0.0290457
v -2.89283 0.85487 -0.103366
v -2.38467 0.960104 0.416777
v -2.89283 0.85487 -0.103366
v -3.0879 0.724798 0.544028
v 2.01264 -1.61179 -0.652984
v 2.1398 -1.50217 -0.699693
v 1.94608 -1.44192 -1.25399
v 2.44924 -1.43278 1.0512
v 1.9327 -1.37509 1.44927
v 2.29467 -1.00396 1.83041
v -3.08102 0.091993 2.24605
v -2.63078 -0.431274 2.3567
v -1.25707 0.157859 2.07764
v -3.08102 0.091993 2.24605
v -3.07197 0.362649 2.08226
v -3.39293 0.133259 2.1551
v 2.01296 0.466292 -1.63541
v 2.0423 0.37851 -1.66094
v 1.94021 0.445981 -2.03263
v 2.01296 0.466292 -1.63541
v 1.85166 0.522166 -1.94747
v 1.94021 0.445981 -2.03263
v 0.281457 0.0203536 1.9109
v 1.56906 0.583743 1.322
v 0.827244 0.47981 1.37201
v 0.281457 0.0203536 1.9109
v 1.56906 0.583743 1.322
v 0.774773 -0.00963521 1.94862
v 0.281457 0.0203536 1.9109
v -0.244923 0.116242 1.91545
v -0.491092 -0.232167 2.1053
v 0.281457 0.0203536 1.9109
v -0.244923 0.116242 1.91545
v -0.560864 0.312524 1.73443
v 0.281457 0.0203536 1.9109
v -0.491092 -0.232167 2.1053
v 0.774773 -0.00963521 1.94862
v 0.281457 0.0203536 1.9109
v 0.827244 0.47981 1.37201
v -0.560864 0.312524 1.73443
v 5.02512 -0.88628 2.54071
v 4.96705 -0.809677 2.61572
v 4.89839 -0.963814 2.63318
v 5.02512 -0.88628 2.54071
v 5.04408 -0.90163 2.42517
v 4.92022 -0.963604 2.52927
v 5.02512 -0.88628 2.54071
v 4.92022 -0.963604 2.52927
v 4.89839 -0.963814 2.63318
v -3.13006 -1.63484 -2.82905
v -3.16891 -1.62229 -2.92277
v -3.21296 -1.52331 -2.74359
v -3.13006 -1.63484 -2.82905
v -3.1502 -1.57482 -2.68752
v -3.21296 -1.52331 -2.74359
v -3.13006 -1.63484 -2.82905
v -3.1502 -1.57482 -2.68752
v -3.04377 -1.64986 -2.77976
v 4.61267 0.356361 3.11803
v 4.53388 0.368923 3.15626
v 4.5037 0.293994 3.06867
v 4.61267 0.356361 3.11803
v 4.53388 0.368923 3.15626
v 4.69093 0.41379 3.18659
v 4.61267 0.356361 3.11803
v 4.52549 0.326281 3.00907
v 4.5037 0.293994 3.06867
v 4.61267 0.356361 3.11803
v 4.69093 0.41379 3.18659
v 4.83262 0.345293 3.08764
v -3.54161 -0.800001 0.499291
v -3.53608 -0.464667 0.835413
v -3.67646 -0.842211 -0.252187
v -3.54161 -0.800001 0.499291
v -3.67646 -0.842211 -0.252187
v -3.5555 -1.102 -0.299078
v -3.54161 -0.800001 0.499291
v -3.49655 -0.934651 0.447366
v -3.5555 -1.102 -0.299078
v -2.63078 -0.431274 2.3567
v -1.91684 -0.741372 2.20433
v -2.98902 -0.439292 2.42209
v 1.4641 0.619505 -0.899471
v 1.63013 0.653438 -1.08606
v 1.56021 0.747246 -0.531037
v 1.4641 0.619505 -0.899471
v 1.63013 0.653438 -1.08606
v 1.4871 0.610329 -0.994494
v 1.4641 0.619505 -0.899471
v 1.34229 0.370525 -0.879729
v 1.4871 0.610329 -0.994494
v 1.4641 0.619505 -0.899471
v 1.34229 0.370525 -0.879729
v 1.27845 0.449314 -0.683416
v 5.12413 -0.124944 2.30437
v 5.08521 -0.234655 2.46416
v 5.21591 -0.234037 2.23747
v 5.12413 -0.124944 2.30437
v 5.08521 -0.234655 2.46416
v 5.08868 -0.00321812 2.37568
v 5.12413 -0.124944 2.30437
v 5.04425 -0.00993239 2.25522
v 5.21591 -0.234037 2.23747
v 5.12413 -0.124944 2.30437
v 5.04425 -0.00993239 2.25522
v 5.08868 -0.00321812 2.37568
v 4.8451 -1.0694 2.41914
v 4.93912 -1.01212 2.48405
v 4.9555 -1.05015 2.36163
v 4.42916 -1.04796 2.99639
v 4.34696 -1.01191 3.05189
v 4.43531 -0.921976 2.93342
v 4.42916 -1.04796 2.99639
v 4.34696 -1.01191 3.05189
v 4.39797 -1.17436 3.12692
v 4.42916 -1.04796 2.99639
v 4.51162 -1.19402 2.99569
v 4.43212 -1.02756 2.80828
v 4.42916 -1.04796 2.99639
v 4.43531 -0.921976 2.93342
v 4.43212 -1.02756 2.80828
v 4.651 -1.06106 1.70746
v 4.45197 -1.00142 2.46194
v 4.33941 -1.03367 2.31276
v 4.651 -1.06106 1.70746
v 4.35882 -1.10044 1.96339
v 4.33941 -1.03367 2.31276
v 4.651 -1.06106 1.70746
v 4.35882 -1.10044 1.96339
v 4.55072 -1.07857 1.59456
v 4.651 -1.06106 1.70746
v 4.55072 -1.07857 1.59456
v 4.80537 -0.955925 1.44506
v 4.651 -1.06106 1.70746
v 5.10797 -0.882682 1.5511
v 4.80537 -0.955925 1.44506
v 3.45455 -0.576404 2.57377
v 3.39392 -0.448479 2.57435
v 3.01962 -0.437132 2.43093
v 3.98204 0.128411 2.71313
v 3.92567 0.167895 2.65785
v 3.88707 -0.0637022 2.74086
v 3.98204 0.128411 2.71313
v 4.03453 -0.0450009 2.80914
v 3.88707 -0.0637022 2.74086
v 3.98204 0.128411 2.71313
v 4.03453 -0.0450009 2.80914
v 4.1695 0.155588 2.73482
v 1.63013 0.653438 -1.08606
v 1.56232 0.561077 -1.29861
v 1.4871 0.610329 -0.994494
v 4.96105 0.112776 2.20747
v 4.99242 0.0837523 2.29946
v 4.89083 0.155487 2.21468
v 4.96105 0.112776 2.20747
v 4.89083 0.155487 2.21468
v 4.86492 0.124379 2.08796
v 5.64344 -0.425004 1.9711
v 5.87192 -0.605253 1.84371
v 5.65473 -0.583358 1.93863
v 5.64344 -0.425004 1.9711
v 5.87192 -0.605253 1.84371
v 5.87811 -0.27991 1.84449
v 5.64344 -0.425004 1.9711
v 5.391 -0.320622 2.1623
v 5.7081 -0.326497 1.92058
v 5.64344 -0.425004 1.9711
v 5.391 -0.320622 2.1623
v 5.35847 -0.525698 2.21705
v 5.64344 -0.425004 1.9711
v 5.7081 -0.326497 1.92058
v 5.87811 -0.27991 1.84449
v 5.64344 -0.425004 1.9711
v 5.35847 -0.525698 2.21705
v 5.65473 -0.583358 1.93863
v 3.87645 -0.828475 2.71894
v 3.97229 -0.876535 2.74376
v 4.01255 -0.750254 2.86862
v -3.08622 0.730277 -0.052864
v -3.24254 0.576663 -0.158593
v -3.0879 0.724798 0.544028
v -3.08622 0.730277 -0.052864
v -3.2718 0.482578 -0.716451
v -2.89283 0.85487 -0.103366
v -3.08622 0.730277 -0.052864
v -2.89283 0.85487 -0.103366
v -3.0879 0.724798 0.544028
v 5.08521 -0.234655 2.46416
v 5.21591 -0.234037 2.23747
v 5.16636 -0.364718 2.38554
v 5.08521 -0.234655 2.46416
v 5.02543 -0.427911 2.49805
v 4.94932 -0.0320104 2.62986
v 5.08521 -0.234655 2.46416
v 5.02543 -0.427911 2.49805
v 5.16636 -0.364718 2.38554
v 4.21755 -1.08143 1.81009
v 4.35882 -1.10044 1.96339
v 4.55072 -1.07857 1.59456
v 4.21755 -1.08143 1.81009
v 4.55072 -1.07857 1.59456
v 4.35931 -1.05621 1.57062
v 4.34696 -1.01191 3.05189
v 4.25213 -0.985317 3.07608
v 4.39797 -1.17436 3.12692
v 4.34696 -1.01191 3.05189
v 4.25213 -0.985317 3.07608
v 4.35512 -0.773454 2.98983
v 4.34696 -1.01191 3.05189
v 4.43531 -0.921976 2.93342
v 4.35512 -0.773454 2.98983
v -3.56471 -0.980905 0.786461
v -3.39526 -1.37529 0.473398
v -3.522 -1.25069 0.900171
v -3.56471 -0.980905 0.786461
v -3.66486 -0.818355 1.37078
v -3.522 -1.25069 0.900171
v 1.88066 0.263529 -2.28946
v 1.99932 0.274913 -2.58699
v 1.99395 0.36648 -2.27963
v -1.76361 0.631912 -0.50514
v -1.36883 0.924176 -0.666998
v -1.4562 0.478817 -0.861727
v 2.27746 -0.0302351 -1.15129
v 1.96592 0.172713 -1.1456
v 2.51395 -0.47811 -1.18456
v -2.67546 -1.00344 -1.56801
v -2.69289 -0.926034 -1.68834
v -2.68161 -0.926829 -1.59907
v -2.67546 -1.00344 -1.56801
v -2.68161 -0.926829 -1.59907
v -2.69617 -1.01571 -1.41181
v 4.18174 -1.09944 2.72447
v 4.08934 -1.30804 2.71116
v 4.18186 -1.25333 2.75315
v 4.99242 0.0837523 2.29946
v 4.9401 0.138111 2.28909
v 4.89083 0.155487 2.21468
v -2.64126 -1.66569 -0.596408
v -2.92386 -1.57196 -1.07727
v -3.01467 -1.54963 -0.906871
v -2.79702 0.789369 0.752406
v -3.32233 0.45329 1.39811
v -3.0879 0.724798 0.544028
v -2.79702 0.789369 0.752406
v -3.32233 0.45329 1.39811
v -2.86812 0.736697 1.44017
v -2.79702 0.789369 0.752406
v -2.48633 0.845053 0.93791
v -2.86812 0.736697 1.44017
v 4.14785 -1.52469 2.81693
v 4.08934 -1.30804 2.71116
v 4.01918 -1.32047 2.56023
v -2.71675 0.757585 -0.741741
v -2.42981 0.940718 0.0290457
v -2.33745 0.82428 -0.293421
v -2.71675 0.757585 -0.741741
v -2.42981 0.940718 0.0290457
v -2.89283 0.85487 -0.103366
v -2.71675 0.757585 -0.741741
v -3.0214 0.662862 -0.92192
v -2.95584 0.686825 -1.16352
v 4.53388 0.368923 3.15626
v 4.32349 0.369395 3.14302
v 4.65703 0.507826 3.19154
v 4.53388 0.368923 3.15626
v 4.69093 0.41379 3.18659
v 4.65703 0.507826 3.19154
v 4.9401 0.138111 2.28909
v 4.89083 0.155487 2.21468
v 4.82354 0.162054 2.22613
v 4.9401 0.138111 2.28909
v 4.82354 0.162054 2.22613
v 4.91467 0.186143 2.38203
v -3.29912 -1.2435 -1.85528
v -3.05618 -1.14821 -1.47842
v -3.14339 -1.27287 -1.92188
v -3.29912 -1.2435 -1.85528
v -3.05618 -1.14821 -1.47842
v -3.40821 -1.16885 -1.48948
v -3.29912 -1.2435 -1.85528
v -3.37967 -1.33256 -2.07409
v -3.40821 -1.16885 -1.48948
v 5.55604 -0.19592 1.35115
v 5.68539 -0.297609 1.28743
v 5.31071 -0.270404 1.29709
v 1.97437 -1.20737 -2.31214
v 1.9231 -1.13858 -1.74626
v 1.8697 -1.13812 -2.27007
v 1.97437 -1.20737 -2.31214
v 1.8697 -1.13812 -2.27007
v 1.9826 -1.15844 -2.5452
v -3.64912 -1.0305 1.55807
v -3.3085 -1.44311 0.766558
v -3.522 -1.25069 0.900171
v -3.64912 -1.0305 1.55807
v -3.66486 -0.818355 1.37078
v -3.522 -1.25069 0.900171
v 2.12876 -0.104287 2.1061
v 2.52922 0.0214603 1.85791
v 2.69974 -0.130046 2.11067
v 2.12876 -0.104287 2.1061
v 2.52922 0.0214603 1.85791
v 2.27876 0.123024 1.83798
v 2.12876 -0.104287 2.1061
v 2.10238 -0.222252 2.1707
v 2.69974 -0.130046 2.11067
v 4.08934 -1.30804 2.71116
v 3.98429 -1.19208 2.58099
v 4.01918 -1.32047 2.56023
v -3.07254 0.600348 -1.82189
v -3.19395 0.61039 -1.84243
v -3.17924 0.621606 -2.13103
v -3.07254 0.600348 -1.82189
v -3.19395 0.61039 -1.84243
v -2.95584 0.686825 -1.16352
v -3.07254 0.600348 -1.82189
v -3.17924 0.621606 -2.13103
v -3.06397 0.600963 -2.29222
v -3.07254 0.600348 -1.82189
v -2.99431 0.541719 -1.74546
v -3.06397 0.600963 -2.29222
v -3.07254 0.600348 -1.82189
v -2.99431 0.541719 -1.74546
v -2.89142 0.581185 -1.37611
v -3.07254 0.600348 -1.82189
v -2.89142 0.581185 -1.37611
v -2.95584 0.686825 -1.16352
v 4.03453 -0.0450009 2.80914
v 4.09794 0.0640471 2.96459
v 4.09234 0.0677343 2.85933
v 4.52549 0.326281 3.00907
v 4.5037 0.293994 3.06867
v 4.44453 0.211306 2.9515
v -2.15179 0.421148 -1.11671
v -2.11587 0.527561 -0.845045
v -2.45848 0.43972 -1.11997
v 5.87192 -0.605253 1.84371
v 5.79202 -0.720296 1.78038
v 5.65473 -0.583358 1.93863
v 5.87192 -0.605253 1.84371
v 5.9671 -0.586799 1.7742
v 5.87811 -0.27991 1.84449
v 1.2097 -1.25336 -0.782403
v 0.942748 -1.43606 -0.511324
v 0.915506 -1.24777 -0.797052
v 1.2097 -1.25336 -0.782403
v 0.942748 -1.43606 -0.511324
v 1.30676 -1.41944 -0.562581
v 1.2097 -1.25336 -0.782403
v 1.33219 -1.21691 -0.901239
v 1.19773 -1.00582 -1.01462
v 1.2097 -1.25336 -0.782403
v 1.33219 -1.21691 -0.901239
v 1.30676 -1.41944 -0.562581
v 1.2097 -1.25336 -0.782403
v 0.915506 -1.24777 -0.797052
v 1.19773 -1.00582 -1.01462
v 4.59644 -1.22828 3.11411
v 4.51162 -1.19402 2.99569
v 4.54744 -1.21805 2.95657
v 4.59644 -1.22828 3.11411
v 4.54744 -1.21805 2.95657
v 4.70474 -1.25921 3.00156
v 4.59644 -1.22828 3.11411
v 4.5312 -1.23938 3.15299
v 4.69475 -1.29021 3.18841
v 0.942748 -1.43606 -0.511324
v 0.951432 -1.57824 -0.0907738
v 0.316425 -1.8885 -0.227307
v -3.79628 -0.4961 -0.0772515
v -3.90108 -0.510853 -0.14193
v -3.78788 -0.499787 0.270171
v -3.79628 -0.4961 -0.0772515
v -3.90108 -0.510853 -0.14193
v -4.04309 -0.556226 -0.505552
v -3.79628 -0.4961 -0.0772515
v -3.67804 -0.484761 0.28366
v -3.78788 -0.499787 0.270171
v -3.79628 -0.4961 -0.0772515
v -3.9715 -0.601418 -0.736059
v -4.04309 -0.556226 -0.505552
v 4.89083 0.155487 2.21468
v 4.82354 0.162054 2.22613
v 4.86492 0.124379 2.08796
v -3.77885 -0.546432 -0.997631
v -4.03038 -0.5984 -1.16285
v -3.9715 -0.601418 -0.736059
v 4.58471 -0.682307 2.83012
v 4.34286 -0.699882 3.02777
v 4.35512 -0.773454 2.98983
v 4.58471 -0.682307 2.83012
v 4.96705 -0.809677 2.61572
v 4.89839 -0.963814 2.63318
v 4.58471 -0.682307 2.83012
v 4.96705 -0.809677 2.61572
v 4.65271 -0.335056 2.80252
v 4.58471 -0.682307 2.83012
v 4.89839 -0.963814 2.63318
v 4.58879 -0.935324 2.6928
v -2.89848 -1.4327 -2.60603
v -3.02253 -1.40874 -2.30971
v -2.92852 -1.53535 -2.62097
v -3.3018 -1.5679 -2.56469
v -3.37967 -1.33256 -2.07409
v -3.33262 -1.42493 -2.56501
v -3.3018 -1.5679 -2.56469
v -3.24943 -1.46621 -2.16431
v -3.19192 -1.5713 -2.54083
v -3.32233 0.45329 1.39811
v -3.51028 0.393175 0.850957
v -3.65601 0.138889 1.60488
v -3.32233 0.45329 1.39811
v -3.51028 0.393175 0.850957
v -3.0879 0.724798 0.544028
v -1.43023 -0.0365979 -1.26361
v -1.28453 0.0845975 -1.26325
v -1.01307 -0.0298077 -1.36961
v -1.43023 -0.0365979 -1.26361
v -1.01307 -0.0298077 -1.36961
v -1.41464 -0.817846 -1.27635
v -3.77602 -0.325488 0.247592
v -3.7644 -0.341705 0.609277
v -3.8581 -0.390985 0.254931
v 4.40332 -0.0699599 2.94297
v 4.44453 0.211306 2.9515
v 4.4606 -0.0372307 2.85456
v 4.40332 -0.0699599 2.94297
v 4.4606 -0.0372307 2.85456
v 4.35098 -0.179046 3.02471
v -1.28453 0.0845975 -1.26325
v -0.993433 0.320988 -1.33594
v -1.01307 -0.0298077 -1.36961
v 1.4912 0.506307 -1.27158
v 1.53441 0.451794 -1.6658
v 1.56232 0.561077 -1.29861
v 1.4912 0.506307 -1.27158
v 1.56232 0.561077 -1.29861
v 1.4871 0.610329 -0.994494
v -0.0203822 1.08848 0.481469
v 0.551908 0.932452 0.116039
v 0.7983 0.793525 0.719862
v -0.0203822 1.08848 0.481469
v -0.614661 1.10737 0.712586
v 0.7983 0.793525 0.719862
v 5.41603 -0.102026 1.42177
v 5.31071 -0.270404 1.29709
v 4.85204 -0.0149403 1.35103
v 5.41603 -0.102026 1.42177
v 5.41955 -0.0837265 1.56512
v 5.63237 -0.0543947 1.53659
v 5.41603 -0.102026 1.42177
v 5.41955 -0.0837265 1.56512
v 4.85204 -0.0149403 1.35103
v 4.26295 -1.25879 2.93338
v 4.19146 -1.07701 2.82842
v 4.3023 -1.0309 2.77778
v 4.26295 -1.25879 2.93338
v 4.19146 -1.07701 2.82842
v 4.12398 -1.07691 2.96846
v 4.26295 -1.25879 2.93338
v 4.42133 -1.29367 2.90588
v 4.3023 -1.0309 2.77778
v 2.73691 0.277685 0.263097
v 2.67485 0.559302 0.482809
v 2.79528 0.27347 0.469237
v 2.73691 0.277685 0.263097
v 2.67485 0.559302 0.482809
v 2.68007 0.410242 0.108215
v 2.73691 0.277685 0.263097
v 2.71755 0.227127 -0.023863
v 2.68007 0.410242 0.108215
v -3.18697 -1.40121 -0.947824
v -3.01467 -1.54963 -0.906871
v -2.94535 -1.71486 -0.106537
v 4.19131 0.181719 2.81477
v 4.29667 0.160032 2.77988
v 4.41185 0.395312 2.89485
v -3.05618 -1.14821 -1.47842
v -2.99372 -1.22122 -1.58139
v -3.14339 -1.27287 -1.92188
v -3.05618 -1.14821 -1.47842
v -3.02514 -1.0899 -1.31279
v -3.40821 -1.16885 -1.48948
v 3.24731 -0.138311 2.27057
v 3.28602 -0.00973752 1.83339
v 3.87209 0.0422153 2.15546
v 3.24731 -0.138311 2.27057
v 3.28602 -0.00973752 1.83339
v 2.69974 -0.130046 2.11067
v -0.244923 0.116242 1.91545
v -0.491092 -0.232167 2.1053
v -1.25733 0.398915 1.95888
v 5.55536 -0.518375 1.27661
v 5.29995 -0.599779 1.29156
v 5.31071 -0.270404 1.29709
v 3.28602 -0.00973752 1.83339
v 2.69974 -0.130046 2.11067
v 2.86013 0.0567307 1.486
v 4.87693 -1.00211 2.10542
v 5.05402 -0.893344 2.13386
v 5.25064 -0.808307 1.82868
v 4.87693 -1.00211 2.10542
v 5.05402 -0.893344 2.13386
v 4.96353 -0.980582 2.20113
v 4.87693 -1.00211 2.10542
v 5.25064 -0.808307 1.82868
v 5.22897 -0.828611 1.58197
v 4.87693 -1.00211 2.10542
v 4.87413 -1.0546 2.28112
v 4.96353 -0.980582 2.20113
v 4.87693 -1.00211 2.10542
v 4.87413 -1.0546 2.28112
v 4.71054 -1.03834 2.25639
v 4.87693 -1.00211 2.10542
v 5.22897 -0.828611 1.58197
v 5.10797 -0.882682 1.5511
v -3.57608 -0.720686 1.26603
v -3.62325 -0.441772 1.36222
v -3.66486 -0.818355 1.37078
v -3.90017 -0.467017 1.44972
v -3.82865 -0.413402 0.591836
v -3.87063 -0.351285 1.42022
v -3.90017 -0.467017 1.44972
v -3.87419 -0.473309 1.92061
v -3.84556 -0.34582 1.91142
v -3.90017 -0.467017 1.44972
v -3.84556 -0.34582 1.91142
v -3.87063 -0.351285 1.42022
v -0.491092 -0.232167 2.1053
v -1.25733 0.398915 1.95888
v -1.25707 0.157859 2.07764
v 1.85494 0.606048 -2.89167
v 1.84439 0.443418 -2.96705
v 1.81332 0.51285 -2.68035
v 1.85494 0.606048 -2.89167
v 1.87751 0.557122 -2.63472
v 1.81332 0.51285 -2.68035
v -3.25009 -0.844822 -1.2079
v -3.50591 -0.0886967 -0.974941
v -3.28526 -0.116597 -1.17797
v -3.25009 -0.844822 -1.2079
v -3.50591 -0.0886967 -0.974941
v -3.51844 -1.01215 -0.931087
v -3.25009 -0.844822 -1.2079
v -2.72887 -0.44263 -1.40354
v -3.28526 -0.116597 -1.17797
v -3.25009 -0.844822 -1.2079
v -2.72887 -0.44263 -1.40354
v -2.70164 -0.908378 -1.4494
v -3.25009 -0.844822 -1.2079
v -2.70164 -0.908378 -1.4494
v -3.02514 -1.0899 -1.31279
v -3.67436 -0.890464 -0.525513
v -3.68409 -0.0037341 -0.43157
v -3.67646 -0.842211 -0.252187
v -3.67436 -0.890464 -0.525513
v -3.68409 -0.0037341 -0.43157
v -3.64592 -0.932024 -0.696343
v -3.67436 -0.890464 -0.525513
v -3.67646 -0.842211 -0.252187
v -3.52986 -1.12044 -0.674723
v -3.67436 -0.890464 -0.525513
v -3.64592 -0.932024 -0.696343
v -3.52986 -1.12044 -0.674723
v -3.2718 0.482578 -0.716451
v -3.32036 0.448463 -0.934789
v -3.32063 0.306578 -0.892729
v -3.7644 -0.341705 0.609277
v -3.8581 -0.390985 0.254931
v -3.82865 -0.413402 0.591836
v -3.7644 -0.341705 0.609277
v -3.82865 -0.413402 0.591836
v -3.87063 -0.351285 1.42022
v -3.7644 -0.341705 0.609277
v -3.77831 -0.324222 1.40069
v -3.87063 -0.351285 1.42022
v 4.21163 -0.743734 3.04279
v 4.34286 -0.699882 3.02777
v 4.35512 -0.773454 2.98983
v 4.21163 -0.743734 3.04279
v 4.25213 -0.985317 3.07608
v 4.08963 -0.708309 2.99133
v 4.21163 -0.743734 3.04279
v 4.25213 -0.985317 3.07608
v 4.35512 -0.773454 2.98983
v 2.59188 0.541128 -0.000524946
v 2.4414 0.688814 0.052258
v 2.68007 0.410242 0.108215
v 2.59188 0.541128 -0.000524946
v 2.71755 0.227127 -0.023863
v 2.68007 0.410242 0.108215
v 5.391 -0.320622 2.1623
v 5.21591 -0.234037 2.23747
v 5.16636 -0.364718 2.38554
v 5.391 -0.320622 2.1623
v 5.35847 -0.525698 2.21705
v 5.16636 -0.364718 2.38554
v 1.83371 0.76125 -0.661412
v 1.93907 0.564477 -1.28532
v 1.99707 0.732121 -0.69629
v 4.73071 0.143974 1.85615
v 4.43048 0.139815 2.30791
v 4.31329 0.222271 1.99051
v 4.73071 0.143974 1.85615
v 4.43048 0.139815 2.30791
v 4.63912 0.130806 2.18843
v 4.73071 0.143974 1.85615
v 4.31329 0.222271 1.99051
v 4.61751 0.194548 1.57034
v 4.73071 0.143974 1.85615
v 4.82354 0.162054 2.22613
v 4.86492 0.124379 2.08796
v 4.73071 0.143974 1.85615
v 4.82354 0.162054 2.22613
v 4.63912 0.130806 2.18843
v 4.73071 0.143974 1.85615
v 4.86492 0.124379 2.08796
v 5.21621 -0.0340475 1.55051
v 4.73071 0.143974 1.85615
v 4.61751 0.194548 1.57034
v 5.21621 -0.0340475 1.55051
v -2.00641 -1.62231 1.0011
v -1.29341 -1.82381 1.00568
v -1.52499 -1.66378 1.34313
v -2.00641 -1.62231 1.0011
v -2.51994 -1.71305 1.02648
v -1.92838 -1.8004 0.512867
v 3.43434 -0.629842 0.195396
v 3.05099 -0.716229 -0.314912
v 3.04016 -0.86644 0.149423
v 3.43434 -0.629842 0.195396
v 3.05099 -0.716229 -0.314912
v 2.98328 -0.449754 -0.472755
v 3.43434 -0.629842 0.195396
v 3.04016 -0.86644 0.149423
v 3.68565 -0.625246 0.563244
v 3.43434 -0.629842 0.195396
v 3.68565 -0.625246 0.563244
v 2.98328 -0.449754 -0.472755
v 4.43048 0.139815 2.30791
v 4.72417 0.17311 2.47742
v 4.48438 0.114 2.51742
v 4.43048 0.139815 2.30791
v 4.72417 0.17311 2.47742
v 4.63912 0.130806 2.18843
v 4.43048 0.139815 2.30791
v 4.31329 0.222271 1.99051
v 4.33856 0.161492 2.30123
v 4.30088 -1.22602 3.13828
v 4.5312 -1.23938 3.15299
v 4.39797 -1.17436 3.12692
v 4.30088 -1.22602 3.13828
v 4.5312 -1.23938 3.15299
v 4.59475 -1.37324 3.18693
v 4.30088 -1.22602 3.13828
v 4.59475 -1.37324 3.18693
v 4.37475 -1.35993 3.11501
v 4.00082 -0.438306 2.94029
v 4.08708 -0.23698 3.01572
v 4.05321 -0.669926 2.99332
v 4.00082 -0.438306 2.94029
v 4.05321 -0.669926 2.99332
v 4.01255 -0.750254 2.86862
v 3.40709 -0.246786 0.153719
v 3.04833 -0.174207 -0.327275
v 3.68565 -0.625246 0.563244
v 3.40709 -0.246786 0.153719
v 3.66508 -0.253248 0.531051
v 3.68565 -0.625246 0.563244
v -2.51994 -1.71305 1.02648
v -1.92838 -1.8004 0.512867
v -2.42746 -1.79093 0.620505
v -2.51994 -1.71305 1.02648
v -2.42746 -1.79093 0.620505
v -2.95585 -1.62374 0.867141
v 3.04833 -0.174207 -0.327275
v 3.68565 -0.625246 0.563244
v 2.98328 -0.449754 -0.472755
v -1.68276 -1.30409 -0.974429
v -2.36674 -1.32475 -1.11535
v -2.15355 -1.40977 -0.866166
v 4.72417 0.17311 2.47742
v 4.75623 0.17715 2.31882
v 4.63912 0.130806 2.18843
v 4.93601 0.139569 2.48392
v 4.92928 0.0805286 2.52503
v 4.80408 0.156742 2.50888
v 4.93601 0.139569 2.48392
v 4.92928 0.0805286 2.52503
v 4.99593 0.0664853 2.43389
v 4.93601 0.139569 2.48392
v 4.80408 0.156742 2.50888
v 4.85368 0.190482 2.45409
v 4.93601 0.139569 2.48392
v 4.99593 0.0664853 2.43389
v 4.91467 0.186143 2.38203
v 4.93601 0.139569 2.48392
v 4.85368 0.190482 2.45409
v 4.91467 0.186143 2.38203
v 1.75443 -1.07619 -1.67759
v 1.9231 -1.13858 -1.74626
v 1.8697 -1.13812 -2.27007
v 3.05099 -0.716229 -0.314912
v 2.70676 -0.970614 -0.438871
v 3.04016 -0.86644 0.149423
v 2.52922 0.0214603 1.85791
v 2.64535 0.156636 1.39649
v 2.27876 0.123024 1.83798
v 2.52922 0.0214603 1.85791
v 2.64535 0.156636 1.39649
v 2.86013 0.0567307 1.486
v 2.52922 0.0214603 1.85791
v 2.69974 -0.130046 2.11067
v 2.86013 0.0567307 1.486
v 2.04327 -1.25066 -1.66767
v 2.05925 -1.29796 -1.1253
v 2.02009 -1.36699 -1.2739
v 2.78906 -1.15014 0.709989
v 2.79222 -1.15068 0.464079
v 3.11228 -0.98914 0.890534
v 2.78906 -1.15014 0.709989
v 2.79222 -1.15068 0.464079
v 2.69013 -1.43865 0.601647
v 2.78906 -1.15014 0.709989
v 2.65587 -1.21457 1.06962
v 2.6942 -1.03813 1.32828
v 2.78906 -1.15014 0.709989
v 2.65587 -1.21457 1.06962
v 2.69013 -1.43865 0.601647
v 2.78906 -1.15014 0.709989
v 2.6942 -1.03813 1.32828
v 2.83137 -0.89562 1.67714
v 2.78906 -1.15014 0.709989
v 3.11228 -0.98914 0.890534
v 2.83137 -0.89562 1.67714
v 3.28502 0.0308689 0.652243
v 3.77496 -0.0817094 0.993884
v 3.66508 -0.253248 0.531051
v 3.28502 0.0308689 0.652243
v 3.77496 -0.0817094 0.993884
v 3.40777 0.034719 1.07259
v 3.28502 0.0308689 0.652243
v 2.8748 0.214996 0.767391
v 2.79528 0.27347 0.469237
v 3.28502 0.0308689 0.652243
v 2.8748 0.214996 0.767391
v 3.40777 0.034719 1.07259
v -3.00055 -1.42297 -1.77883
v -3.02253 -1.40874 -2.30971
v -3.03956 -1.33185 -1.91367
v -3.00055 -1.42297 -1.77883
v -3.02253 -1.40874 -2.30971
v -3.08014 -1.47663 -1.84865
v -3.00055 -1.42297 -1.77883
v -3.03956 -1.33185 -1.91367
v -2.92137 -1.3101 -1.55558
v -3.00055 -1.42297 -1.77883
v -3.08014 -1.47663 -1.84865
v -3.03866 -1.54441 -1.42791
v -3.00055 -1.42297 -1.77883
v -3.03866 -1.54441 -1.42791
v -2.88181 -1.452 -1.37407
v -3.00055 -1.42297 -1.77883
v -2.88181 -1.452 -1.37407
v -2.92137 -1.3101 -1.55558
v 2.72311 -0.0765931 -1.07959
v 2.88028 -0.503513 -0.921384
v 2.87402 -0.780083 -0.908766
v 2.72311 -0.0765931 -1.07959
v 2.88028 -0.503513 -0.921384
v 2.88105 -0.0952526 -0.891863
v -3.70372 -0.406602 1.45662
v -3.73142 -0.524625 1.46867
v -3.66554 -0.466916 0.742573
v -3.70372 -0.406602 1.45662
v -3.73142 -0.524625 1.46867
v -3.69124 -0.531935 1.91558
v -3.70372 -0.406602 1.45662
v -3.66554 -0.466916 0.742573
v -3.64513 -0.398399 0.283499
v -3.70372 -0.406602 1.45662
v -3.66275 -0.402568 1.90865
v -3.69124 -0.531935 1.91558
v -3.70372 -0.406602 1.45662
v -3.66275 -0.402568 1.90865
v -3.77831 -0.324222 1.40069
v -3.16971 0.748228 -2.94351
v -3.18143 0.585421 -3.01875
v -3.21558 0.654696 -2.7328
v -3.16971 0.748228 -2.94351
v -3.14554 0.699244 -2.68666
v -3.21558 0.654696 -2.7328
v 5.85917 -0.546533 1.37945
v 5.81847 -0.439572 1.36002
v 5.90217 -0.440109 1.4999
v 5.42171 -0.77611 1.42374
v 5.29995 -0.599779 1.29156
v 5.51528 -0.77289 1.40119
v 5.42171 -0.77611 1.42374
v 5.22897 -0.828611 1.58197
v 5.10797 -0.882682 1.5511
v 5.42171 -0.77611 1.42374
v 5.51528 -0.77289 1.40119
v 5.63935 -0.818138 1.52708
v 4.29667 0.160032 2.77988
v 4.43652 0.128873 2.80475
v 4.41185 0.395312 2.89485
v 2.28797 -0.852381 -1.14779
v 2.51395 -0.47811 -1.18456
v 1.57607 -0.464415 -1.12
v 1.79115 -1.45338 -1.36818
v 1.94608 -1.44192 -1.25399
v 1.90736 -1.43983 -1.68786
v -3.50591 -0.0886967 -0.974941
v -3.59643 0.0950977 -0.806626
v -3.64592 -0.932024 -0.696343
v -3.50591 -0.0886967 -0.974941
v -3.51844 -1.01215 -0.931087
v -3.64592 -0.932024 -0.696343
v -1.91684 -0.741372 2.20433
v -1.9826 -1.26435 2.0456
v -1.42303 -1.15985 2.08466
v -1.91684 -0.741372 2.20433
v -1.9826 -1.26435 2.0456
v -2.95288 -0.694394 2.32102
v -1.91684 -0.741372 2.20433
v -2.95288 -0.694394 2.32102
v -2.98902 -0.439292 2.42209
v -3.30152 0.685149 -2.59023
v -3.18465 0.69697 -2.53489
v -3.21558 0.654696 -2.7328
v 1.73508 0.543091 -2.53723
v 1.84135 0.554778 -2.48281
v 1.81332 0.51285 -2.68035
v -4.30091 -0.592405 -1.29683
v -4.03038 -0.5984 -1.16285
v -4.04309 -0.556226 -0.505552
v 0.152567 -0.625299 2.11035
v 0.752927 -0.821524 1.98661
v 0.419356 -0.914487 1.88153
v 0.152567 -0.625299 2.11035
v 0.419356 -0.914487 1.88153
v -0.722332 -0.476781 2.18582
v 2.28213 -1.31734 -0.448363
v 2.4788 -1.20346 -0.550141
v 2.47844 -1.245 -0.295602
v 2.28213 -1.31734 -0.448363
v 2.38655 -1.43868 -0.258688
v 2.47844 -1.245 -0.295602
v -1.9826 -1.26435 2.0456
v -1.42303 -1.15985 2.08466
v -1.56797 -1.41785 2.00484
v -1.9826 -1.26435 2.0456
v -1.56797 -1.41785 2.00484
v -2.11762 -1.51617 1.79768
v 2.78424 0.277593 0.720347
v 2.8748 0.214996 0.767391
v 2.57382 0.343555 1.22923
v 2.78424 0.277593 0.720347
v 2.8748 0.214996 0.767391
v 2.79528 0.27347 0.469237
v 2.78424 0.277593 0.720347
v 2.57382 0.343555 1.22923
v 2.68371 0.560646 0.66883
v 2.78424 0.277593 0.720347
v 2.79528 0.27347 0.469237
v 2.68371 0.560646 0.66883
v -3.62325 -0.441772 1.36222
v -3.68424 -0.105368 1.53763
v -3.66429 -0.0618505 1.36236
v 2.67485 0.559302 0.482809
v 2.79528 0.27347 0.469237
v 2.68371 0.560646 0.66883
v 5.7081 -0.326497 1.92058
v 5.62895 -0.233816 1.9012
v 5.87811 -0.27991 1.84449
v 1.96592 0.172713 -1.1456
v 2.51395 -0.47811 -1.18456
v 1.57607 -0.464415 -1.12
v 1.96592 0.172713 -1.1456
v 1.61447 0.174433 -1.15711
v 1.57607 -0.464415 -1.12
v 5.81847 -0.439572 1.36002
v 5.94604 -0.340151 1.50345
v 5.90217 -0.440109 1.4999
v 2.62774 -1.37666 0.196254
v 2.79222 -1.15068 0.464079
v 2.69013 -1.43865 0.601647
v 2.62774 -1.37666 0.196254
v 2.42535 -1.57624 0.0617397
v 2.69013 -1.43865 0.601647
v 2.62774 -1.37666 0.196254
v 2.42535 -1.57624 0.0617397
v 2.61915 -1.37864 0.00564741
v 4.68063 -1.37714 2.99784
v 4.43596 -1.37785 2.99328
v 4.68606 -1.42686 3.12676
v 4.68063 -1.37714 2.99784
v 4.70474 -1.25921 3.00156
v 4.82002 -1.24359 3.02495
v 2.5869 -1.33392 1.06475
v 2.65587 -1.21457 1.06962
v 2.69013 -1.43865 0.601647
v -3.39526 -1.37529 0.473398
v -3.3085 -1.44311 0.766558
v -2.94535 -1.71486 -0.106537
v -3.39526 -1.37529 0.473398
v -3.3085 -1.44311 0.766558
v -3.522 -1.25069 0.900171
v 5.94604 -0.340151 1.50345
v 5.90217 -0.440109 1.4999
v 5.96975 -0.441377 1.72629
v 5.62895 -0.233816 1.9012
v 5.6937 -0.126665 1.77511
v 5.87811 -0.27991 1.84449
v 3.77496 -0.0817094 0.993884
v 4.09535 0.049534 1.44601
v 3.40777 0.034719 1.07259
v 3.77496 -0.0817094 0.993884
v 4.09535 0.049534 1.44601
v 4.21698 0.0160371 1.36266
v 3.77496 -0.0817094 0.993884
v 4.24921 -0.149151 1.15895
v 4.21698 0.0160371 1.36266
v 2.25354 0.446746 -0.477838
v 2.1436 0.328413 -0.816969
v 2.49101 0.277322 -0.696146
v -3.73142 -0.524625 1.46867
v -3.66554 -0.466916 0.742573
v -3.7259 -0.538104 0.63469
v -3.73142 -0.524625 1.46867
v -3.7259 -0.538104 0.63469
v -3.80028 -0.561536 1.90748
v -3.73142 -0.524625 1.46867
v -3.69124 -0.531935 1.91558
v -3.80028 -0.561536 1.90748
v 5.07246 -0.692735 1.25908
v 4.36584 -0.581938 1.13705
v 5.29995 -0.599779 1.29156
v -3.18017 0.375346 -1.89113
v -3.07932 0.313752 -1.64007
v -3.0415 0.454316 -1.92269
v -3.18017 0.375346 -1.89113
v -3.07932 0.313752 -1.64007
v -3.42676 0.304286 -1.54429
v -3.18017 0.375346 -1.89113
v -3.42676 0.304286 -1.54429
v -3.29323 0.415449 -2.064
v 5.85126 -0.260038 1.63763
v 5.765 -0.121863 1.69987
v 5.79158 -0.157538 1.78127
v -0.993433 0.320988 -1.33594
v -1.01307 -0.0298077 -1.36961
v -0.5656 0.375806 -1.34569
v 4.92928 0.0805286 2.52503
v 4.80408 0.156742 2.50888
v 4.90119 0.0816795 2.63397
v 4.92928 0.0805286 2.52503
v 4.99593 0.0664853 2.43389
v 5.08868 -0.00321812 2.37568
v 1.87341 -1.4328 -2.63547
v 1.73461 -1.42094 -2.55004
v 1.81585 -1.38141 -2.69134
v 1.87341 -1.4328 -2.63547
v 1.73461 -1.42094 -2.55004
v 1.86891 -1.41848 -2.50501
v -3.90108 -0.510853 -0.14193
v -4.21657 -0.457756 -0.668421
v -4.04309 -0.556226 -0.505552
v -3.66554 -0.466916 0.742573
v -3.67804 -0.484761 0.28366
v -3.7259 -0.538104 0.63469
v -3.66554 -0.466916 0.742573
v -3.67804 -0.484761 0.28366
v -3.64513 -0.398399 0.283499
v 4.21314 -1.66694 2.81288
v 4.10318 -1.87877 2.72144
v 4.23529 -1.59119 2.80552
v -3.18465 0.69697 -2.53489
v -3.14554 0.699244 -2.68666
v -3.21558 0.654696 -2.7328
v -2.99372 -1.22122 -1.58139
v -3.03956 -1.33185 -1.91367
v -3.14339 -1.27287 -1.92188
v -2.99372 -1.22122 -1.58139
v -3.03956 -1.33185 -1.91367
v -2.92137 -1.3101 -1.55558
v -3.67804 -0.484761 0.28366
v -3.7259 -0.538104 0.63469
v -3.78788 -0.499787 0.270171
v -0.614661 1.10737 0.712586
v 0.827244 0.47981 1.37201
v 0.7983 0.793525 0.719862
v -0.614661 1.10737 0.712586
v 0.827244 0.47981 1.37201
v -0.560864 0.312524 1.73443
v -0.614661 1.10737 0.712586
v -1.28703 0.766817 1.32656
v -1.36477 1.00674 0.822421
v -0.614661 1.10737 0.712586
v -1.28703 0.766817 1.32656
v -0.560864 0.312524 1.73443
v -4.03038 -0.5984 -1.16285
v -3.9715 -0.601418 -0.736059
v -4.04309 -0.556226 -0.505552
v -3.57161 -0.166253 1.25842
v -3.53289 0.145425 0.633541
v -3.53608 -0.464667 0.835413
v -3.57161 -0.166253 1.25842
v -3.53289 0.145425 0.633541
v -3.66429 -0.0618505 1.36236
v 1.84135 0.554778 -2.48281
v 1.87751 0.557122 -2.63472
v 1.81332 0.51285 -2.68035
v -3.18695 -1.47811 -2.34539
v -3.24943 -1.46621 -2.16431
v -3.19192 -1.5713 -2.54083
v 2.72005 0.0806336 -0.44831
v 2.82522 -0.0227173 -0.641342
v 2.49101 0.277322 -0.696146
v 2.22599 -1.25459 -2.78268
v 2.25158 -1.31982 -2.79591
v 2.38434 -1.23756 -3.02831
v 2.70676 -0.970614 -0.438871
v 2.4788 -1.20346 -0.550141
v 2.49626 -1.12135 -0.744469
v 2.70676 -0.970614 -0.438871
v 2.4788 -1.20346 -0.550141
v 2.47844 -1.245 -0.295602
v 2.70676 -0.970614 -0.438871
v 3.04016 -0.86644 0.149423
v 2.70873 -1.10564 -0.0187818
v 2.70676 -0.970614 -0.438871
v 2.70873 -1.10564 -0.0187818
v 2.47844 -1.245 -0.295602
v -0.538861 -0.793405 -1.41211
v -1.01307 -0.0298077 -1.36961
v -0.529402 0.0160363 -1.39512
v -0.538861 -0.793405 -1.41211
v -1.01307 -0.0298077 -1.36961
v -1.00216 -0.890758 -1.363
v -0.538861 -0.793405 -1.41211
v -0.529402 0.0160363 -1.39512
v -0.0295085 -0.712652 -1.37164
v -0.538861 -0.793405 -1.41211
v -1.00216 -0.890758 -1.363
v -0.549855 -1.25538 -1.34092
v -0.538861 -0.793405 -1.41211
v -0.549855 -1.25538 -1.34092
v -0.0295085 -0.712652 -1.37164
v 2.11186 -1.7104 0.135006
v 2.42535 -1.57624 0.0617397
v 2.38655 -1.43868 -0.258688
v 5.97631 -0.302469 1.76829
v 5.79158 -0.157538 1.78127
v 5.87811 -0.27991 1.84449
v 5.97631 -0.302469 1.76829
v 5.96975 -0.441377 1.72629
v 5.87811 -0.27991 1.84449
v 5.02543 -0.427911 2.49805
v 4.96705 -0.809677 2.61572
v 5.10544 -0.649643 2.42273
v 5.02543 -0.427911 2.49805
v 4.96705 -0.809677 2.61572
v 4.65271 -0.335056 2.80252
v 5.02543 -0.427911 2.49805
v 5.10544 -0.649643 2.42273
v 5.16636 -0.364718 2.38554
v 5.02543 -0.427911 2.49805
v 4.94932 -0.0320104 2.62986
v 4.65271 -0.335056 2.80252
v -0.998289 0.900335 -0.90855
v -1.36883 0.924176 -0.666998
v -1.4562 0.478817 -0.861727
v 2.8748 0.214996 0.767391
v 2.64535 0.156636 1.39649
v 2.57382 0.343555 1.22923
v 2.8748 0.214996 0.767391
v 2.64535 0.156636 1.39649
v 2.86013 0.0567307 1.486
v 2.8748 0.214996 0.767391
v 3.40777 0.034719 1.07259
v 2.86013 0.0567307 1.486
v 2.88028 -0.503513 -0.921384
v 2.88105 -0.0952526 -0.891863
v 2.98328 -0.449754 -0.472755
v 5.25064 -0.808307 1.82868
v 5.49786 -0.650753 1.94678
v 5.49128 -0.747012 1.7606
v -3.24965 -0.334201 2.4293
v -3.46697 -0.336398 2.38261
v -3.47709 -0.477679 2.41401
v -3.02956 0.208435 -1.31291
v -3.28526 -0.116597 -1.17797
v -2.70601 0.0425061 -1.44689
v 4.13675 -1.65861 2.6329
v 4.10318 -1.87877 2.72144
v 4.23529 -1.59119 2.80552
v 4.13675 -1.65861 2.6329
v 4.23529 -1.59119 2.80552
v 4.1609 -1.23548 2.53284
v -3.87419 -0.473309 1.92061
v -3.71123 -0.475268 2.23441
v -3.80028 -0.561536 1.90748
v 2.64535 0.156636 1.39649
v 2.57382 0.343555 1.22923
v 2.27876 0.123024 1.83798
v 4.36584 -0.581938 1.13705
v 5.29995 -0.599779 1.29156
v 5.31071 -0.270404 1.29709
v 4.36584 -0.581938 1.13705
v 5.31071 -0.270404 1.29709
v 4.38953 -0.290601 1.13715
v -3.66275 -0.402568 1.90865
v -3.74727 -0.315204 1.90046
v -3.53711 -0.339173 2.14712
v -3.66275 -0.402568 1.90865
v -3.74727 -0.315204 1.90046
v -3.77831 -0.324222 1.40069
v -3.66275 -0.402568 1.90865
v -3.69124 -0.531935 1.91558
v -3.53176 -0.537596 2.1519
v 1.4995 -1.39477 -1.25475
v 1.44458 -1.43872 -0.929735
v 1.33219 -1.21691 -0.901239
v 0.931324 0.405258 -0.767266
v -0.0882667 0.774204 -0.935062
v 0.181592 0.991803 -0.45112
v -2.68161 -0.926829 -1.59907
v -2.69617 -1.01571 -1.41181
v -2.70164 -0.908378 -1.4494
v 5.765 -0.121863 1.69987
v 5.79158 -0.157538 1.78127
v 5.6937 -0.126665 1.77511
v 5.765 -0.121863 1.69987
v 5.6937 -0.126665 1.77511
v 5.63237 -0.0543947 1.53659
v 2.05925 -1.29796 -1.1253
v 2.1398 -1.50217 -0.699693
v 2.02009 -1.36699 -1.2739
v -2.76097 -1.3967 -2.83451
v -3.02893 -1.30067 -2.59696
v -2.92313 -1.25102 -2.92369
v 4.21221 0.194771 1.80841
v 4.31329 0.222271 1.99051
v 4.41217 0.185938 1.52531
v 4.21221 0.194771 1.80841
v 4.09535 0.049534 1.44601
v 4.21698 0.0160371 1.36266
v 4.21221 0.194771 1.80841
v 4.41217 0.185938 1.52531
v 4.21698 0.0160371 1.36266
v 1.43358 -1.56169 -0.63717
v 1.44458 -1.43872 -0.929735
v 1.33219 -1.21691 -0.901239
v 1.43358 -1.56169 -0.63717
v 1.44458 -1.43872 -0.929735
v 1.55357 -1.61272 -0.603383
v 1.43358 -1.56169 -0.63717
v 1.33219 -1.21691 -0.901239
v 1.30676 -1.41944 -0.562581
v 5.79158 -0.157538 1.78127
v 5.6937 -0.126665 1.77511
v 5.87811 -0.27991 1.84449
v 4.5312 -1.23938 3.15299
v 4.59475 -1.37324 3.18693
v 4.69475 -1.29021 3.18841
v 4.82087 0.518409 3.14697
v 4.63911 0.554264 3.13643
v 4.65703 0.507826 3.19154
v 5.79202 -0.720296 1.78038
v 5.65473 -0.583358 1.93863
v 5.67619 -0.76069 1.75593
v -3.71123 -0.475268 2.23441
v -3.46697 -0.336398 2.38261
v -3.47709 -0.477679 2.41401
v -3.71123 -0.475268 2.23441
v -3.47709 -0.477679 2.41401
v -3.62667 -0.571965 2.20339
v -3.71123 -0.475268 2.23441
v -3.62667 -0.571965 2.20339
v -3.80028 -0.561536 1.90748
v -3.39293 0.133259 2.1551
v -3.65601 0.138889 1.60488
v -3.69245 0.018015 1.87957
v 5.49786 -0.650753 1.94678
v 5.35847 -0.525698 2.21705
v 5.65473 -0.583358 1.93863
v 5.49786 -0.650753 1.94678
v 5.65473 -0.583358 1.93863
v 5.67619 -0.76069 1.75593
v 5.49786 -0.650753 1.94678
v 5.49128 -0.747012 1.7606
v 5.67619 -0.76069 1.75593
v -3.74727 -0.315204 1.90046
v -3.84556 -0.34582 1.91142
v -3.65385 -0.307986 2.17724
v -3.74727 -0.315204 1.90046
v -3.84556 -0.34582 1.91142
v -3.87063 -0.351285 1.42022
v -3.74727 -0.315204 1.90046
v -3.53711 -0.339173 2.14712
v -3.65385 -0.307986 2.17724
v -3.74727 -0.315204 1.90046
v -3.77831 -0.324222 1.40069
v -3.87063 -0.351285 1.42022
v 1.54086 -1.51813 -1.04877
v 1.44458 -1.43872 -0.929735
v 1.55357 -1.61272 -0.603383
v 4.75623 0.17715 2.31882
v 4.80408 0.156742 2.50888
v 4.85368 0.190482 2.45409
v 4.75623 0.17715 2.31882
v 4.82354 0.162054 2.22613
v 4.63912 0.130806 2.18843
v 4.75623 0.17715 2.31882
v 4.82354 0.162054 2.22613
v 4.91467 0.186143 2.38203
v 4.75623 0.17715 2.31882
v 4.85368 0.190482 2.45409
v 4.91467 0.186143 2.38203
v -3.53289 0.145425 0.633541
v -3.51028 0.393175 0.850957
v -3.66429 -0.0618505 1.36236
v -3.53289 0.145425 0.633541
v -3.53608 -0.464667 0.835413
v -3.524 -0.0446281 0.591105
v 4.35276 -1.23925 2.54592
v 4.283 -1.22383 2.48187
v 4.1609 -1.23548 2.53284
v -2.69617 -1.01571 -1.41181
v -2.70164 -0.908378 -1.4494
v -3.02514 -1.0899 -1.31279
v 1.85952 0.458211 -2.30632
v 1.85166 0.522166 -1.94747
v 1.94021 0.445981 -2.03263
v 2.57382 0.343555 1.22923
v 2.27611 0.228386 1.69625
v 2.27876 0.123024 1.83798
v -2.72887 -0.44263 -1.40354
v -3.28526 -0.116597 -1.17797
v -2.70601 0.0425061 -1.44689
v 5.90217 -0.440109 1.4999
v 5.96975 -0.441377 1.72629
v 5.99808 -0.549438 1.66127
v -1.01307 -0.0298077 -1.36961
v -1.41464 -0.817846 -1.27635
v -1.00216 -0.890758 -1.363
v -1.01307 -0.0298077 -1.36961
v -0.529402 0.0160363 -1.39512
v -0.5656 0.375806 -1.34569
v 2.1398 -1.50217 -0.699693
v 2.02009 -1.36699 -1.2739
v 1.94608 -1.44192 -1.25399
v 4.94932 -0.0320104 2.62986
v 4.65271 -0.335056 2.80252
v 4.79571 0.000222684 2.70452
v 4.94932 -0.0320104 2.62986
v 4.79571 0.000222684 2.70452
v 4.90119 0.0816795 2.63397
v -3.68409 -0.0037341 -0.43157
v -3.57222 0.225549 -0.35396
v -3.524 -0.0446281 0.591105
v -3.68409 -0.0037341 -0.43157
v -3.57222 0.225549 -0.35396
v -3.59643 0.0950977 -0.806626
v -3.68409 -0.0037341 -0.43157
v -3.67646 -0.842211 -0.252187
v -3.524 -0.0446281 0.591105
v -3.68409 -0.0037341 -0.43157
v -3.59643 0.0950977 -0.806626
v -3.64592 -0.932024 -0.696343
v -3.53711 -0.339173 2.14712
v -3.65385 -0.307986 2.17724
v -3.36993 -0.327263 2.24238
v 4.31329 0.222271 1.99051
v 4.61751 0.194548 1.57034
v 4.41217 0.185938 1.52531
v -3.69124 -0.531935 1.91558
v -3.62667 -0.571965 2.20339
v -3.53176 -0.537596 2.1519
v -3.69124 -0.531935 1.91558
v -3.62667 -0.571965 2.20339
v -3.80028 -0.561536 1.90748
v 3.11228 -0.98914 0.890534
v 3.37752 -0.91838 1.54227
v 2.83137 -0.89562 1.67714
v 5.04408 -0.90163 2.42517
v 4.92022 -0.963604 2.52927
v 4.93912 -1.01212 2.48405
v -1.8288 0.919318 0.499684
v -1.36477 1.00674 0.822421
v -1.92694 0.787347 0.841287
v -3.68424 -0.105368 1.53763
v -3.65601 0.138889 1.60488
v -3.66429 -0.0618505 1.36236
v -3.68424 -0.105368 1.53763
v -3.65601 0.138889 1.60488
v -3.69245 0.018015 1.87957
v 3.37752 -0.91838 1.54227
v 2.83137 -0.89562 1.67714
v 3.26135 -0.746962 2.25799
v 1.9327 -1.37509 1.44927
v 1.65292 -1.12986 1.84894
v 2.29467 -1.00396 1.83041
v 4.24921 -0.149151 1.15895
v 4.38953 -0.290601 1.13715
v 4.76052 -0.109626 1.21122
v 4.24921 -0.149151 1.15895
v 4.76052 -0.109626 1.21122
v 4.21698 0.0160371 1.36266
v 2.42535 -1.57624 0.0617397
v 2.38655 -1.43868 -0.258688
v 2.61915 -1.37864 0.00564741
v 2.83137 -0.89562 1.67714
v 3.26135 -0.746962 2.25799
v 2.64538 -0.735613 2.11752
v 5.31071 -0.270404 1.29709
v 4.38953 -0.290601 1.13715
v 4.76052 -0.109626 1.21122
v 5.31071 -0.270404 1.29709
v 4.76052 -0.109626 1.21122
v 4.85204 -0.0149403 1.35103
v 2.02009 -1.36699 -1.2739
v 1.94608 -1.44192 -1.25399
v 1.90736 -1.43983 -1.68786
v 4.32349 0.369395 3.14302
v 4.38503 0.491958 3.11673
v 4.65703 0.507826 3.19154
v -3.3085 -1.44311 0.766558
v -2.95585 -1.62374 0.867141
v -2.94535 -1.71486 -0.106537
v 2.23054 -0.689171 2.17061
v 1.65292 -1.12986 1.84894
v 2.29467 -1.00396 1.83041
v 2.23054 -0.689171 2.17061
v 2.29467 -1.00396 1.83041
v 2.64538 -0.735613 2.11752
v 4.44453 0.211306 2.9515
v 4.4606 -0.0372307 2.85456
v 4.43652 0.128873 2.80475
v 4.12341 -0.628581 1.07452
v 3.66508 -0.253248 0.531051
v 3.68565 -0.625246 0.563244
v 3.98429 -1.19208 2.58099
v 4.03887 -1.44807 2.40597
v 4.01918 -1.32047 2.56023
v 2.82522 -0.0227173 -0.641342
v 2.52314 0.114238 -0.900559
v 2.49101 0.277322 -0.696146
v -3.51028 0.393175 0.850957
v -3.65601 0.138889 1.60488
v -3.66429 -0.0618505 1.36236
v 4.24702 0.502735 2.6801
v 4.22979 0.723486 2.81821
v 4.13108 0.506385 2.51727
v 4.38503 0.491958 3.11673
v 4.63911 0.554264 3.13643
v 4.65703 0.507826 3.19154
v -3.53608 -0.464667 0.835413
v -3.67646 -0.842211 -0.252187
v -3.524 -0.0446281 0.591105
v 5.9671 -0.586799 1.7742
v 5.96975 -0.441377 1.72629
v 5.99808 -0.549438 1.66127
v 5.9671 -0.586799 1.7742
v 5.96975 -0.441377 1.72629
v 5.87811 -0.27991 1.84449
v 4.86492 0.124379 2.08796
v 5.26214 -0.0725077 1.82366
v 5.21621 -0.0340475 1.55051
v 0.752927 -0.821524 1.98661
v 1.65292 -1.12986 1.84894
v 0.419356 -0.914487 1.88153
v 4.61751 0.194548 1.57034
v 4.41217 0.185938 1.52531
v 4.85204 -0.0149403 1.35103
v 4.61751 0.194548 1.57034
v 5.21621 -0.0340475 1.55051
v 4.85204 -0.0149403 1.35103
v -3.67646 -0.842211 -0.252187
v -3.5555 -1.102 -0.299078
v -3.52986 -1.12044 -0.674723
v 0.915506 -1.24777 -0.797052
v 0.926928 -1.00071 -1.02109
v 1.19773 -1.00582 -1.01462
v 4.76052 -0.109626 1.21122
v 4.85204 -0.0149403 1.35103
v 4.21698 0.0160371 1.36266
v 4.41217 0.185938 1.52531
v 4.85204 -0.0149403 1.35103
v 4.21698 0.0160371 1.36266
v 2.38655 -1.43868 -0.258688
v 2.47844 -1.245 -0.295602
v 2.61915 -1.37864 0.00564741
v 5.41955 -0.0837265 1.56512
v 5.21621 -0.0340475 1.55051
v 4.85204 -0.0149403 1.35103
v 2.70873 -1.10564 -0.0187818
v 2.47844 -1.245 -0.295602
v 2.61915 -1.37864 0.00564741
v 4.22979 0.723486 2.81821
v 4.13454 0.965744 2.80621
v 4.13182 0.881904 2.64018
v 4.22979 0.723486 2.81821
v 4.13108 0.506385 2.51727
v 4.13182 0.881904 2.64018
v -2.9092 0.376453 -2.92897
v -3.0336 0.397941 -3.12044
v -2.79463 0.415936 -3.16905
v 1.97943 0.255875 -3.06984
v 2.09136 0.234345 -2.87693
v 2.19478 0.273704 -3.11692
v -3.51844 -1.01215 -0.931087
v -3.64592 -0.932024 -0.696343
v -3.32256 -1.18166 -0.910814
v 5.49128 -0.747012 1.7606
v 5.67619 -0.76069 1.75593
v 5.63935 -0.818138 1.52708
v -3.64592 -0.932024 -0.696343
v -3.52986 -1.12044 -0.674723
v -3.32256 -1.18166 -0.910814
# 8748 elements written

vt 0 0
vt 0 0
vt 0 0
vt 0 0
vt 0 0
vt 0 0
vt 0 0
vt 0 0
vt 0 0
vt 0 0
vt 0 0
vt 0 0
vt 0 0
vt 0 0
vt 0 0
vt 0 0
vt 0 0
vt 0 0
vt 0 0
vt 0 0
vt 0 0
vt 0 0
vt 0 0
vt 0 0
vt 0 0
vt 0 0
vt 0 0
vt 0 0
vt 0 0
vt 0 0
vt 0 0
vt 0 0
vt 0 0
vt 0 0
vt 0 0
vt 0 0
vt 0 0
vt 0 0
vt 0 0
vt 0 0
vt 0 0
vt 0 0
vt 0 0
vt 0 0
vt 0 0
vt 0 0
vt 0 0
vt 0 0
vt 0 0
vt 0 0
vt 0 0
vt 0 0
vt 0 0
vt 0 0
vt 0 0
vt 0 0
vt 0 0
vt 0 0
vt 0 0
vt 0 0
vt 0 0
vt 0 0
vt 0 0
vt 0 0
vt 0 0
vt 0 0
vt 0 0
vt 0 0
vt 0 0
vt 0 0
vt 0 0
vt 0 0
vt 0 0
vt 0 0
vt 0 0
vt 0 0
vt 0 0
vt 0 0
vt 0 0
vt 0 0
vt 0 0
vt 0 0
vt 0 0
vt 0 0
vt 0 0
vt 0 0
vt 0 0
vt 0 0
vt 0 0
vt 0 0
vt 0 0
vt 0 0
vt 0 0
vt 0 0
vt 0 0
vt 0 0
vt 0 0
vt 0 0
vt 0 0
vt 0 0
vt 0 0
vt 0 0
vt 0 0
vt 0 0
vt 0 0
vt 0 0
vt 0 0
vt 0 0
vt 0 0
vt 0 0
vt 0 0
vt 0 0
vt 0 0
vt 0 0
vt 0 0
vt 0 0
vt 0 0
vt 0 0
vt 0 0
vt 0 0
vt 0 0
vt 0 0
vt 0 0
vt 0 0
vt 0 0
vt 0 0
vt 0 0
vt 0 0
vt 0 0
vt 0 0
vt 0 0
vt 0 0
vt 0 0
vt 0 0
vt 0 0
vt 0 0
vt 0 0
vt 0 0
vt 0 0
vt 0 0
vt 0 0
vt 0 0
vt 0 0
vt 0 0
vt 0 0
vt 0 0
vt 0 0
vt 0 0
vt 0 0
vt 0 0
vt 0 0
vt 0 0
vt 0 0
vt 0 0
vt 0 0
vt 0 0
vt 0 0
vt 0 0
vt 0 0
vt 0 0
vt 0 0
vt 0 0
vt 0 0
vt 0 0
vt 0 0
vt 0 0
vt 0 0
vt 0 0
vt 0 0
vt 0 0
vt 0 0
vt 0 0
vt 0 0
vt 0 0
vt 0 0
vt 0 0
vt 0 0
vt 0 0
vt 0 0
vt 0 0
vt 0 0
vt 0 0
vt 0 0
vt 0 0
vt 0 0
vt 0 0
vt 0 0
vt 0 0
vt 0 0
vt 0 0
vt 0 0
vt 0 0
vt 0 0
vt 0 0
vt 0 0
vt 0 0
vt 0 0
vt 0 0
vt 0 0
vt 0 0
vt 0 0
vt 0 0
vt 0 0
vt 0 0
vt 0 0
vt 0 0
vt 0 0
vt 0 0
vt 0 0
vt 0 0
vt 0 0
vt 0 0
vt 0 0
vt 0 0
vt 0 0
vt 0 0
vt 0 0
vt 0 0
vt 0 0
vt 0 0
vt 0 0
vt 0 0
vt 0 0
vt 0 0
vt 0 0
vt 0 0
vt 0 0
vt 0 0
vt 0 0
vt 0 0
vt 0 0
vt 0 0
vt 0 0
vt 0 0
vt 0 0
vt 0 0
vt 0 0
vt 0 0
vt 0 0
vt 0 0
vt 0 0
vt 0 0
vt 0 0
vt 0 0
vt 0 0
vt 0 0
vt 0 0
vt 0 0
vt 0 0
vt 0 0
vt 0 0
vt 0 0
vt 0 0
vt 0 0
vt 0 0
vt 0 0
vt 0 0
vt 0 0
vt 0 0
vt 0 0
vt 0 0
vt 0 0
vt 0 0
vt 0 0
vt 0 0
vt 0 0
vt 0 0
vt 0 0
vt 0 0
vt 0 0
vt 0 0
vt 0 0
vt 0 0
vt 0 0
vt 0 0
vt 0 0
vt 0 0
vt 0 0
vt 0 0
vt 0 0
vt 0 0
vt 0 0
vt 0 0
vt 0 0
vt 0 0
vt 0 0
vt 0 0
vt 0 0
vt 0 0
vt 0 0
vt 0 0
vt 0 0
vt 0 0
vt 0 0
vt 0 0
vt 0 0
vt 0 0
vt 0 0
vt 0 0
vt 0 0
vt 0 0
vt 0 0
vt 0 0
vt 0 0
vt 0 0
vt 0 0
vt 0 0
vt 0 0
vt 0 0
vt 0 0
vt 0 0
vt 0 0
vt 0 0
vt 0 0
vt 0 0
vt 0 0
vt 0 0
vt 0 0
vt 0 0
vt 0 0
vt 0 0
vt 0 0
vt 0 0
vt 0 0
vt 0 0
vt 0 0
vt 0 0
vt 0 0
vt 0 0
vt 0 0
vt 0 0
vt 0 0
vt 0 0
vt 0 0
vt 0 0
vt 0 0
vt 0 0
vt 0 0
vt 0 0
vt 0 0
vt 0 0
vt 0 0
vt 0 0
vt 0 0
vt 0 0
vt 0 0
vt 0 0
vt 0 0
vt 0 0
vt 0 0
vt 0 0
vt 0 0
vt 0 0
vt 0 0
vt 0 0
vt 0 0
vt 0 0
vt 0 0
vt 0 0
vt 0 0
vt 0 0
vt 0 0
vt 0 0
vt 0 0
vt 0 0
vt 0 0
vt 0 0
vt 0 0
vt 0 0
vt 0 0
vt 0 0
vt 0 0
vt 0 0
vt 0 0
vt 0 0
vt 0 0
vt 0 0
vt 0 0
vt 0 0
vt 0 0
vt 0 0
vt 0 0
vt 0 0
vt 0 0
vt 0 0
vt 0 0
vt 0 0
vt 0 0
vt 0 0
vt 0 0
vt 0 0
vt 0 0
vt 0 0
vt 0 0
vt 0 0
vt 0 0
vt 0 0
vt 0 0
vt 0 0
vt 0 0
vt 0 0
vt 0 0
vt 0 0
vt 0 0
vt 0 0
vt 0 0
vt 0 0
vt 0 0
vt 0 0
vt 0 0
vt 0 0
vt 0 0
vt 0 0
vt 0 0
vt 0 0
vt 0 0
vt 0 0
vt 0 0
vt 0 0
vt 0 0
vt 0 0
vt 0 0
vt 0 0
vt 0 0
vt 0 0
vt 0 0
vt 0 0
vt 0 0
vt 0 0
vt 0 0
vt 0 0
vt 0 0
vt 0 0
vt 0 0
vt 0 0
vt 0 0
vt 0 0
vt 0 0
vt 0 0
vt 0 0
vt 0 0
vt 0 0
vt 0 0
vt 0 0
vt 0 0
vt 0 0
vt 0 0
vt 0 0
vt 0 0
vt 0 0
vt 0 0
vt 0 0
vt 0 0
vt 0 0
vt 0 0
vt 0 0
vt 0 0
vt 0 0
vt 0 0
vt 0 0
vt 0 0
vt 0 0
vt 0 0
vt 0 0
vt 0 0
vt 0 0
vt 0 0
vt 0 0
vt 0 0
vt 0 0
vt 0 0
vt 0 0
vt 0 0
vt 0 0
vt 0 0
vt 0 0
vt 0 0
vt 0 0
vt 0 0
vt 0 0
vt 0 0
vt 0 0
vt 0 0
vt 0 0
vt 0 0
vt 0 0
vt 0 0
vt 0 0
vt 0 0
vt 0 0
vt 0 0
vt 0 0
vt 0 0
vt 0 0
vt 0 0
vt 0 0
vt 0 0
vt 0 0
vt 0 0
vt 0 0
vt 0 0
vt 0 0
vt 0 0
vt 0 0
vt 0 0
vt 0 0
vt 0 0
vt 0 0
vt 0 0
vt 0 0
vt 0 0
vt 0 0
vt 0 0
vt 0 0
vt 0 0
vt 0 0
vt 0 0
vt 0 0
vt 0 0
vt 0 0
vt 0 0
vt 0 0
vt 0 0
vt 0 0
vt 0 0
vt 0 0
vt 0 0
vt 0 0
vt 0 0
vt 0 0
vt 0 0
vt 0 0
vt 0 0
vt 0 0
vt 0 0
vt 0 0
vt 0 0
vt 0 0
vt 0 0
vt 0 0
vt 0 0
vt 0 0
vt 0 0
vt 0 0
vt 0 0
vt 0 0
vt 0 0
vt 0 0
vt 0 0
vt 0 0
vt 0 0
vt 0 0
vt 0 0
vt 0 0
vt 0 0
vt 0 0
vt 0 0
vt 0 0
vt 0 0
vt 0 0
vt 0 0
vt 0 0
vt 0 0
vt 0 0
vt 0 0
vt 0 0
vt 0 0
vt 0 0
vt 0 0
vt 0 0
vt 0 0
vt 0 0
vt 0 0
vt 0 0
vt 0 0
vt 0 0
vt 0 0
vt 0 0
vt 0 0
vt 0 0
vt 0 0
vt 0 0
vt 0 0
vt 0 0
vt 0 0
vt 0 0
vt 0 0
vt 0 0
vt 0 0
vt 0 0
vt 0 0
vt 0 0
vt 0 0
vt 0 0
vt 0 0
vt 0 0
vt 0 0
vt 0 0
vt 0 0
vt 0 0
vt 0 0
vt 0 0
vt 0 0
vt 0 0
vt 0 0
vt 0 0
vt 0 0
vt 0 0
vt 0 0
vt 0 0
vt 0 0
vt 0 0
vt 0 0
vt 0 0
vt 0 0
vt 0 0
vt 0 0
vt 0 0
vt 0 0
vt 0 0
vt 0 0
vt 0 0
vt 0 0
vt 0 0
vt 0 0
vt 0 0
vt 0 0
vt 0 0
vt 0 0
vt 0 0
vt 0 0
vt 0 0
vt 0 0
vt 0 0
vt 0 0
vt 0 0
vt 0 0
vt 0 0
vt 0 0
vt 0 0
vt 0 0
vt 0 0
vt 0 0
vt 0 0
vt 0 0
vt 0 0
vt 0 0
vt 0 0
vt 0 0
vt 0 0
vt 0 0
vt 0 0
vt 0 0
vt 0 0
vt 0 0
vt 0 0
vt 0 0
vt 0 0
vt 0 0
vt 0 0
vt 0 0
vt 0 0
vt 0 0
vt 0 0
vt 0 0
vt 0 0
vt 0 0
vt 0 0
vt 0 0
vt 0 0
vt 0 0
vt 0 0
vt 0 0
vt 0 0
vt 0 0
vt 0 0
vt 0 0
vt 0 0
vt 0 0
vt 0 0
vt 0 0
vt 0 0
vt 0 0
vt 0 0
vt 0 0
vt 0 0
vt 0 0
vt 0 0
vt 0 0
vt 0 0
vt 0 0
vt 0 0
vt 0 0
vt 0 0
vt 0 0
vt 0 0
vt 0 0
vt 0 0
vt 0 0
vt 0 0
vt 0 0
vt 0 0
vt 0 0
vt 0 0
vt 0 0
vt 0 0
vt 0 0
vt 0 0
vt 0 0
vt 0 0
vt 0 0
vt 0 0
vt 0 0
vt 0 0
vt 0 0
vt 0 0
vt 0 0
vt 0 0
vt 0 0
vt 0 0
vt 0 0
vt 0 0
vt 0 0
vt 0 0
vt 0 0
vt 0 0
vt 0 0
vt 0 0
vt 0 0
vt 0 0
vt 0 0
vt 0 0
vt 0 0
vt 0 0
vt 0 0
vt 0 0
vt 0 0
vt 0 0
vt 0 0
vt 0 0
vt 0 0
vt 0 0
vt 0 0
vt 0 0
vt 0 0
vt 0 0
vt 0 0
vt 0 0
vt 0 0
vt 0 0
vt 0 0
vt 0 0
vt 0 0
vt 0 0
vt 0 0
vt 0 0
vt 0 0
vt 0 0
vt 0 0
vt 0 0
vt 0 0
vt 0 0
vt 0 0
vt 0 0
vt 0 0
vt 0 0
vt 0 0
vt 0 0
vt 0 0
vt 0 0
vt 0 0
vt 0 0
vt 0 0
vt 0 0
vt 0 0
vt 0 0
vt 0 0
vt 0 0
vt 0 0
vt 0 0
vt 0 0
vt 0 0
vt 0 0
vt 0 0
vt 0 0
vt 0 0
vt 0 0
vt 0 0
vt 0 0
vt 0 0
vt 0 0
vt 0 0
vt 0 0
vt 0 0
vt 0 0
vt 0 0
vt 0 0
vt 0 0
vt 0 0
vt 0 0
vt 0 0
vt 0 0
vt 0 0
vt 0 0
vt 0 0
vt 0 0
vt 0 0
vt 0 0
vt 0 0
vt 0 0
vt 0 0
vt 0 0
vt 0 0
vt 0 0
vt 0 0
vt 0 0
vt 0 0
vt 0 0
vt 0 0
vt 0 0
vt 0 0
vt 0 0
vt 0 0
vt 0 0
vt 0 0
vt 0 0
vt 0 0
vt 0 0
vt 0 0
vt 0 0
vt 0 0
vt 0 0
vt 0 0
vt 0 0
vt 0 0
vt 0 0
vt 0 0
vt 0 0
vt 0 0
vt 0 0
vt 0 0
vt 0 0
vt 0 0
vt 0 0
vt 0 0
vt 0 0
vt 0 0
vt 0 0
vt 0 0
vt 0 0
vt 0 0
vt 0 0
vt 0 0
vt 0 0
vt 0 0
vt 0 0
vt 0 0
vt 0 0
vt 0 0
vt 0 0
vt 0 0
vt 0 0
vt 0 0
vt 0 0
vt 0 0
vt 0 0
vt 0 0
vt 0 0
vt 0 0
vt 0 0
vt 0 0
vt 0 0
vt 0 0
vt 0 0
vt 0 0
vt 0 0
vt 0 0
vt 0 0
vt 0 0
vt 0 0
vt 0 0
vt 0 0
vt 0 0
vt 0 0
vt 0 0
vt 0 0
vt 0 0
vt 0 0
vt 0 0
vt 0 0
vt 0 0
vt 0 0
vt 0 0
vt 0 0
vt 0 0
vt 0 0
vt 0 0
vt 0 0
vt 0 0
vt 0 0
vt 0 0
vt 0 0
vt 0 0
vt 0 0
vt 0 0
vt 0 0
vt 0 0
vt 0 0
vt 0 0
vt 0 0
vt 0 0
vt 0 0
vt 0 0
vt 0 0
vt 0 0
vt 0 0
vt 0 0
vt 0 0
vt 0 0
vt 0 0
vt 0 0
vt 0 0
vt 0 0
vt 0 0
vt 0 0
vt 0 0
vt 0 0
vt 0 0
vt 0 0
vt 0 0
vt 0 0
vt 0 0
vt 0 0
vt 0 0
vt 0 0
vt 0 0
vt 0 0
vt 0 0
vt 0 0
vt 0 0
vt 0 0
vt 0 0
vt 0 0
vt 0 0
vt 0 0
vt 0 0
vt 0 0
vt 0 0
vt 0 0
vt 0 0
vt 0 0
vt 0 0
vt 0 0
vt 0 0
vt 0 0
vt 0 0
vt 0 0
vt 0 0
vt 0 0
vt 0 0
vt 0 0
vt 0 0
vt 0 0
vt 0 0
vt 0 0
vt 0 0
vt 0 0
vt 0 0
vt 0 0
vt 0 0
vt 0 0
vt 0 0
vt 0 0
vt 0 0
vt 0 0
vt 0 0
vt 0 0
vt 0 0
vt 0 0
vt 0 0
vt 0 0
vt 0 0
vt 0 0
vt 0 0
vt 0 0
vt 0 0
vt 0 0
vt 0 0
vt 0 0
vt 0 0
vt 0 0
vt 0 0
vt 0 0
vt 0 0
vt 0 0
vt 0 0
vt 0 0
vt 0 0
vt 0 0
vt 0 0
vt 0 0
vt 0 0
vt 0 0
vt 0 0
vt 0 0
vt 0 0
vt 0 0
vt 0 0
vt 0 0
vt 0 0
vt 0 0
vt 0 0
vt 0 0
vt 0 0
vt 0 0
vt 0 0
vt 0 0
vt 0 0
vt 0 0
vt 0 0
vt 0 0
vt 0 0
vt 0 0
vt 0 0
vt 0 0
vt 0 0
vt 0 0
vt 0 0
vt 0 0
vt 0 0
vt 0 0
vt 0 0
vt 0 0
vt 0 0
vt 0 0
vt 0 0
vt 0 0
vt 0 0
vt 0 0
vt 0 0
vt 0 0
vt 0 0
vt 0 0
vt 0 0
vt 0 0
vt 0 0
vt 0 0
vt 0 0
vt 0 0
vt 0 0
vt 0 0
vt 0 0
vt 0 0
vt 0 0
vt 0 0
vt 0 0
vt 0 0
vt 0 0
vt 0 0
vt 0 0
vt 0 0
vt 0 0
vt 0 0
vt 0 0
vt 0 0
vt 0 0
vt 0 0
vt 0 0
vt 0 0
vt 0 0
vt 0 0
vt 0 0
vt 0 0
vt 0 0
vt 0 0
vt 0 0
vt 0 0
vt 0 0
vt 0 0
vt 0 0
vt 0 0
vt 0 0
vt 0 0
vt 0 0
vt 0 0
vt 0 0
vt 0 0
vt 0 0
vt 0 0
vt 0 0
vt 0 0
vt 0 0
vt 0 0
vt 0 0
vt 0 0
vt 0 0
vt 0 0
vt 0 0
vt 0 0
vt 0 0
vt 0 0
vt 0 0
vt 0 0
vt 0 0
vt 0 0
vt 0 0
vt 0 0
vt 0 0
vt 0 0
vt 0 0
vt 0 0
vt 0 0
vt 0 0
vt 0 0
vt 0 0
vt 0 0
vt 0 0
vt 0 0
vt 0 0
vt 0 0
vt 0 0
vt 0 0
vt 0 0
vt 0 0
vt 0 0
vt 0 0
vt 0 0
vt 0 0
vt 0 0
vt 0 0
vt 0 0
vt 0 0
vt 0 0
vt 0 0
vt 0 0
vt 0 0
vt 0 0
vt 0 0
vt 0 0
vt 0 0
vt 0 0
vt 0 0
vt 0 0
vt 0 0
vt 0 0
vt 0 0
vt 0 0
vt 0 0
vt 0 0
vt 0 0
vt 0 0
vt 0 0
vt 0 0
vt 0 0
vt 0 0
vt 0 0
vt 0 0
vt 0 0
vt 0 0
vt 0 0
vt 0 0
vt 0 0
vt 0 0
vt 0 0
vt 0 0
vt 0 0
vt 0 0
vt 0 0
vt 0 0
vt 0 0
vt 0 0
vt 0 0
vt 0 0
vt 0 0
vt 0 0
vt 0 0
vt 0 0
vt 0 0
vt 0 0
vt 0 0
vt 0 0
vt 0 0
vt 0 0
vt 0 0
vt 0 0
vt 0 0
vt 0 0
vt 0 0
vt 0 0
vt 0 0
vt 0 0
vt 0 0
vt 0 0
vt 0 0
vt 0 0
vt 0 0
vt 0 0
vt 0 0
vt 0 0
vt 0 0
vt 0 0
vt 0 0
vt 0 0
vt 0 0
vt 0 0
vt 0 0
vt 0 0
vt 0 0
vt 0 0
vt 0 0
vt 0 0
vt 0 0
vt 0 0
vt 0 0
vt 0 0
vt 0 0
vt 0 0
vt 0 0
vt 0 0
vt 0 0
vt 0 0
vt 0 0
vt 0 0
vt 0 0
vt 0 0
vt 0 0
vt 0 0
vt 0 0
vt 0 0
vt 0 0
vt 0 0
vt 0 0
vt 0 0
vt 0 0
vt 0 0
vt 0 0
vt 0 0
vt 0 0
vt 0 0
vt 0 0
vt 0 0
vt 0 0
vt 0 0
vt 0 0
vt 0 0
vt 0 0
vt 0 0
vt 0 0
vt 0 0
vt 0 0
vt 0 0
vt 0 0
vt 0 0
vt 0 0
vt 0 0
vt 0 0
vt 0 0
vt 0 0
vt 0 0
vt 0 0
vt 0 0
vt 0 0
vt 0 0
vt 0 0
vt 0 0
vt 0 0
vt 0 0
vt 0 0
vt 0 0
vt 0 0
vt 0 0
vt 0 0
vt 0 0
vt 0 0
vt 0 0
vt 0 0
vt 0 0
vt 0 0
vt 0 0
vt 0 0
vt 0 0
vt 0 0
vt 0 0
vt 0 0
vt 0 0
vt 0 0
vt 0 0
vt 0 0
vt 0 0
vt 0 0
vt 0 0
vt 0 0
vt 0 0
vt 0 0
vt 0 0
vt 0 0
vt 0 0
vt 0 0
vt 0 0
vt 0 0
vt 0 0
vt 0 0
vt 0 0
vt 0 0
vt 0 0
vt 0 0
vt 0 0
vt 0 0
vt 0 0
vt 0 0
vt 0 0
vt 0 0
vt 0 0
vt 0 0
vt 0 0
vt 0 0
vt 0 0
vt 0 0
vt 0 0
vt 0 0
vt 0 0
vt 0 0
vt 0 0
vt 0 0
vt 0 0
vt 0 0
vt 0 0
vt 0 0
vt 0 0
vt 0 0
vt 0 0
vt 0 0
vt 0 0
vt 0 0
vt 0 0
vt 0 0
vt 0 0
vt 0 0
vt 0 0
vt 0 0
vt 0 0
vt 0 0
vt 0 0
vt 0 0
vt 0 0
vt 0 0
vt 0 0
vt 0 0
vt 0 0
vt 0 0
vt 0 0
vt 0 0
vt 0 0
vt 0 0
vt 0 0
vt 0 0
vt 0 0
vt 0 0
vt 0 0
vt 0 0
vt 0 0
vt 0 0
vt 0 0
vt 0 0
vt 0 0
vt 0 0
vt 0 0
vt 0 0
vt 0 0
vt 0 0
vt 0 0
vt 0 0
vt 0 0
vt 0 0
vt 0 0
vt 0 0
vt 0 0
vt 0 0
vt 0 0
vt 0 0
vt 0 0
vt 0 0
vt 0 0
vt 0 0
vt 0 0
vt 0 0
vt 0 0
vt 0 0
vt 0 0
vt 0 0
vt 0 0
vt 0 0
vt 0 0
vt 0 0
vt 0 0
vt 0 0
vt 0 0
vt 0 0
vt 0 0
vt 0 0
vt 0 0
vt 0 0
vt 0 0
vt 0 0
vt 0 0
vt 0 0
vt 0 0
vt 0 0
vt 0 0
vt 0 0
vt 0 0
vt 0 0
vt 0 0
vt 0 0
vt 0 0
vt 0 0
vt 0 0
vt 0 0
vt 0 0
vt 0 0
vt 0 0
vt 0 0
vt 0 0
vt 0 0
vt 0 0
vt 0 0
vt 0 0
vt 0 0
vt 0 0
vt 0 0
vt 0 0
vt 0 0
vt 0 0
vt 0 0
vt 0 0
vt 0 0
vt 0 0
vt 0 0
vt 0 0
vt 0 0
vt 0 0
vt 0 0
vt 0 0
vt 0 0
vt 0 0
vt 0 0
vt 0 0
vt 0 0
vt 0 0
vt 0 0
vt 0 0
vt 0 0
vt 0 0
vt 0 0
vt 0 0
vt 0 0
vt 0 0
vt 0 0
vt 0 0
vt 0 0
vt 0 0
vt 0 0
vt 0 0
vt 0 0
vt 0 0
vt 0 0
vt 0 0
vt 0 0
vt 0 0
vt 0 0
vt 0 0
vt 0 0
vt 0 0
vt 0 0
vt 0 0
vt 0 0
vt 0 0
vt 0 0
vt 0 0
vt 0 0
vt 0 0
vt 0 0
vt 0 0
vt 0 0
vt 0 0
vt 0 0
vt 0 0
vt 0 0
vt 0 0
vt 0 0
vt 0 0
vt 0 0
vt 0 0
vt 0 0
vt 0 0
vt 0 0
vt 0 0
vt 0 0
vt 0 0
vt 0 0
vt 0 0
vt 0 0
vt 0 0
vt 0 0
vt 0 0
vt 0 0
vt 0 0
vt 0 0
vt 0 0
vt 0 0
vt 0 0
vt 0 0
vt 0 0
vt 0 0
vt 0 0
vt 0 0
vt 0 0
vt 0 0
vt 0 0
vt 0 0
vt 0 0
vt 0 0
vt 0 0
vt 0 0
vt 0 0
vt 0 0
vt 0 0
vt 0 0
vt 0 0
vt 0 0
vt 0 0
vt 0 0
vt 0 0
vt 0 0
vt 0 0
vt 0 0
vt 0 0
vt 0 0
vt 0 0
vt 0 0
vt 0 0
vt 0 0
vt 0 0
vt 0 0
vt 0 0
vt 0 0
vt 0 0
vt 0 0
vt 0 0
vt 0 0
vt 0 0
vt 0 0
vt 0 0
vt 0 0
vt 0 0
vt 0 0
vt 0 0
vt 0 0
vt 0 0
vt 0 0
vt 0 0
vt 0 0
vt 0 0
vt 0 0
vt 0 0
vt 0 0
vt 0 0
vt 0 0
vt 0 0
vt 0 0
vt 0 0
vt 0 0
vt 0 0
vt 0 0
vt 0 0
vt 0 0
vt 0 0
vt 0 0
vt 0 0
vt 0 0
vt 0 0
vt 0 0
vt 0 0
vt 0 0
vt 0 0
vt 0 0
vt 0 0
vt 0 0
vt 0 0
vt 0 0
vt 0 0
vt 0 0
vt 0 0
vt 0 0
vt 0 0
vt 0 0
vt 0 0
vt 0 0
vt 0 0
vt 0 0
vt 0 0
vt 0 0
vt 0 0
vt 0 0
vt 0 0
vt 0 0
vt 0 0
vt 0 0
vt 0 0
vt 0 0
vt 0 0
vt 0 0
vt 0 0
vt 0 0
vt 0 0
vt 0 0
vt 0 0
vt 0 0
vt 0 0
vt 0 0
vt 0 0
vt 0 0
vt 0 0
vt 0 0
vt 0 0
vt 0 0
vt 0 0
vt 0 0
vt 0 0
vt 0 0
vt 0 0
vt 0 0
vt 0 0
vt 0 0
vt 0 0
vt 0 0
vt 0 0
vt 0 0
vt 0 0
vt 0 0
vt 0 0
vt 0 0
vt 0 0
vt 0 0
vt 0 0
vt 0 0
vt 0 0
vt 0 0
vt 0 0
vt 0 0
vt 0 0
vt 0 0
vt 0 0
vt 0 0
vt 0 0
vt 0 0
vt 0 0
vt 0 0
vt 0 0
vt 0 0
vt 0 0
vt 0 0
vt 0 0
vt 0 0
vt 0 0
vt 0 0
vt 0 0
vt 0 0
vt 0 0
vt 0 0
vt 0 0
vt 0 0
vt 0 0
vt 0 0
vt 0 0
vt 0 0
vt 0 0
vt 0 0
vt 0 0
vt 0 0
vt 0 0
vt 0 0
vt 0 0
vt 0 0
vt 0 0
vt 0 0
vt 0 0
vt 0 0
vt 0 0
vt 0 0
vt 0 0
vt 0 0
vt 0 0
vt 0 0
vt 0 0
vt 0 0
vt 0 0
vt 0 0
vt 0 0
vt 0 0
vt 0 0
vt 0 0
vt 0 0
vt 0 0
vt 0 0
vt 0 0
vt 0 0
vt 0 0
vt 0 0
vt 0 0
vt 0 0
vt 0 0
vt 0 0
vt 0 0
vt 0 0
vt 0 0
vt 0 0
vt 0 0
vt 0 0
vt 0 0
vt 0 0
vt 0 0
vt 0 0
vt 0 0
vt 0 0
vt 0 0
vt 0 0
vt 0 0
vt 0 0
vt 0 0
vt 0 0
vt 0 0
vt 0 0
vt 0 0
vt 0 0
vt 0 0
vt 0 0
vt 0 0
vt 0 0
vt 0 0
vt 0 0
vt 0 0
vt 0 0
vt 0 0
vt 0 0
vt 0 0
vt 0 0
vt 0 0
vt 0 0
vt 0 0
vt 0 0
vt 0 0
vt 0 0
vt 0 0
vt 0 0
vt 0 0
vt 0 0
vt 0 0
vt 0 0
vt 0 0
vt 0 0
vt 0 0
vt 0 0
vt 0 0
vt 0 0
vt 0 0
vt 0 0
vt 0 0
vt 0 0
vt 0 0
vt 0 0
vt 0 0
vt 0 0
vt 0 0
vt 0 0
vt 0 0
vt 0 0
vt 0 0
vt 0 0
vt 0 0
vt 0 0
vt 0 0
vt 0 0
vt 0 0
vt 0 0
vt 0 0
vt 0 0
vt 0 0
vt 0 0
vt 0 0
vt 0 0
vt 0 0
vt 0 0
vt 0 0
vt 0 0
vt 0 0
vt 0 0
vt 0 0
vt 0 0
vt 0 0
vt 0 0
vt 0 0
vt 0 0
vt 0 0
vt 0 0
vt 0 0
vt 0 0
vt 0 0
vt 0 0
vt 0 0
vt 0 0
vt 0 0
vt 0 0
vt 0 0
vt 0 0
vt 0 0
vt 0 0
vt 0 0
vt 0 0
vt 0 0
vt 0 0
vt 0 0
vt 0 0
vt 0 0
vt 0 0
vt 0 0
vt 0 0
vt 0 0
vt 0 0
vt 0 0
vt 0 0
vt 0 0
vt 0 0
vt 0 0
vt 0 0
vt 0 0
vt 0 0
vt 0 0
vt 0 0
vt 0 0
vt 0 0
vt 0 0
vt 0 0
vt 0 0
vt 0 0
vt 0 0
vt 0 0
vt 0 0
vt 0 0
vt 0 0
vt 0 0
vt 0 0
vt 0 0
vt 0 0
vt 0 0
vt 0 0
vt 0 0
vt 0 0
vt 0 0
vt 0 0
vt 0 0
vt 0 0
vt 0 0
vt 0 0
vt 0 0
vt 0 0
vt 0 0
vt 0 0
vt 0 0
vt 0 0
vt 0 0
vt 0 0
vt 0 0
vt 0 0
vt 0 0
vt 0 0
vt 0 0
vt 0 0
vt 0 0
vt 0 0
vt 0 0
vt 0 0
vt 0 0
vt 0 0
vt 0 0
vt 0 0
vt 0 0
vt 0 0
vt 0 0
vt 0 0
vt 0 0
vt 0 0
vt 0 0
vt 0 0
vt 0 0
vt 0 0
vt 0 0
vt 0 0
vt 0 0
vt 0 0
vt 0 0
vt 0 0
vt 0 0
vt 0 0
vt 0 0
vt 0 0
vt 0 0
vt 0 0
vt 0 0
vt 0 0
vt 0 0
vt 0 0
vt 0 0
vt 0 0
vt 0 0
vt 0 0
vt 0 0
vt 0 0
vt 0 0
vt 0 0
vt 0 0
vt 0 0
vt 0 0
vt 0 0
vt 0 0
vt 0 0
vt 0 0
vt 0 0
vt 0 0
vt 0 0
vt 0 0
vt 0 0
vt 0 0
vt 0 0
vt 0 0
vt 0 0
vt 0 0
vt 0 0
vt 0 0
vt 0 0
vt 0 0
vt 0 0
vt 0 0
vt 0 0
vt 0 0
vt 0 0
vt 0 0
vt 0 0
vt 0 0
vt 0 0
vt 0 0
vt 0 0
vt 0 0
vt 0 0
vt 0 0
vt 0 0
vt 0 0
vt 0 0
vt 0 0
vt 0 0
vt 0 0
vt 0 0
vt 0 0
vt 0 0
vt 0 0
vt 0 0
vt 0 0
vt 0 0
vt 0 0
vt 0 0
vt 0 0
vt 0 0
vt 0 0
vt 0 0
vt 0 0
vt 0 0
vt 0 0
vt 0 0
vt 0 0
vt 0 0
vt 0 0
vt 0 0
vt 0 0
vt 0 0
vt 0 0
vt 0 0
vt 0 0
vt 0 0
vt 0 0
vt 0 0
vt 0 0
vt 0 0
vt 0 0
vt 0 0
vt 0 0
vt 0 0
vt 0 0
vt 0 0
vt 0 0
vt 0 0
vt 0 0
vt 0 0
vt 0 0
vt 0 0
vt 0 0
vt 0 0
vt 0 0
vt 0 0
vt 0 0
vt 0 0
vt 0 0
vt 0 0
vt 0 0
vt 0 0
vt 0 0
vt 0 0
vt 0 0
vt 0 0
vt 0 0
vt 0 0
vt 0 0
vt 0 0
vt 0 0
vt 0 0
vt 0 0
vt 0 0
vt 0 0
vt 0 0
vt 0 0
vt 0 0
vt 0 0
vt 0 0
vt 0 0
vt 0 0
vt 0 0
vt 0 0
vt 0 0
vt 0 0
vt 0 0
vt 0 0
vt 0 0
vt 0 0
vt 0 0
vt 0 0
vt 0 0
vt 0 0
vt 0 0
vt 0 0
vt 0 0
vt 0 0
vt 0 0
vt 0 0
vt 0 0
vt 0 0
vt 0 0
vt 0 0
vt 0 0
vt 0 0
vt 0 0
vt 0 0
vt 0 0
vt 0 0
vt 0 0
vt 0 0
vt 0 0
vt 0 0
vt 0 0
vt 0 0
vt 0 0
vt 0 0
vt 0 0
vt 0 0
vt 0 0
vt 0 0
vt 0 0
vt 0 0
vt 0 0
vt 0 0
vt 0 0
vt 0 0
vt 0 0
vt 0 0
vt 0 0
vt 0 0
vt 0 0
vt 0 0
vt 0 0
vt 0 0
vt 0 0
vt 0 0
vt 0 0
vt 0 0
vt 0 0
vt 0 0
vt 0 0
vt 0 0
vt 0 0
vt 0 0
vt 0 0
vt 0 0
vt 0 0
vt 0 0
vt 0 0
vt 0 0
vt 0 0
vt 0 0
vt 0 0
vt 0 0
vt 0 0
vt 0 0
vt 0 0
vt 0 0
vt 0 0
vt 0 0
vt 0 0
vt 0 0
vt 0 0
vt 0 0
vt 0 0
vt 0 0
vt 0 0
vt 0 0
vt 0 0
vt 0 0
vt 0 0
vt 0 0
vt 0 0
vt 0 0
vt 0 0
vt 0 0
vt 0 0
vt 0 0
vt 0 0
vt 0 0
vt 0 0
vt 0 0
vt 0 0
vt 0 0
vt 0 0
vt 0 0
vt 0 0
vt 0 0
vt 0 0
vt 0 0
vt 0 0
vt 0 0
vt 0 0
vt 0 0
vt 0 0
vt 0 0
vt 0 0
vt 0 0
vt 0 0
vt 0 0
vt 0 0
vt 0 0
vt 0 0
vt 0 0
vt 0 0
vt 0 0
vt 0 0
vt 0 0
vt 0 0
vt 0 0
vt 0 0
vt 0 0
vt 0 0
vt 0 0
vt 0 0
vt 0 0
vt 0 0
vt 0 0
vt 0 0
vt 0 0
vt 0 0
vt 0 0
vt 0 0
vt 0 0
vt 0 0
vt 0 0
vt 0 0
vt 0 0
vt 0 0
vt 0 0
vt 0 0
vt 0 0
vt 0 0
vt 0 0
vt 0 0
vt 0 0
vt 0 0
vt 0 0
vt 0 0
vt 0 0
vt 0 0
vt 0 0
vt 0 0
vt 0 0
vt 0 0
vt 0 0
vt 0 0
vt 0 0
vt 0 0
vt 0 0
vt 0 0
vt 0 0
vt 0 0
vt 0 0
vt 0 0
vt 0 0
vt 0 0
vt 0 0
vt 0 0
vt 0 0
vt 0 0
vt 0 0
vt 0 0
vt 0 0
vt 0 0
vt 0 0
vt 0 0
vt 0 0
vt 0 0
vt 0 0
vt 0 0
vt 0 0
vt 0 0
vt 0 0
vt 0 0
vt 0 0
vt 0 0
vt 0 0
vt 0 0
vt 0 0
vt 0 0
vt 0 0
vt 0 0
vt 0 0
vt 0 0
vt 0 0
vt 0 0
vt 0 0
vt 0 0
vt 0 0
vt 0 0
vt 0 0
vt 0 0
vt 0 0
vt 0 0
vt 0 0
vt 0 0
vt 0 0
vt 0 0
vt 0 0
vt 0 0
vt 0 0
vt 0 0
vt 0 0
vt 0 0
vt 0 0
vt 0 0
vt 0 0
vt 0 0
vt 0 0
vt 0 0
vt 0 0
vt 0 0
vt 0 0
vt 0 0
vt 0 0
vt 0 0
vt 0 0
vt 0 0
vt 0 0
vt 0 0
vt 0 0
vt 0 0
vt 0 0
vt 0 0
vt 0 0
vt 0 0
vt 0 0
vt 0 0
vt 0 0
vt 0 0
vt 0 0
vt 0 0
vt 0 0
vt 0 0
vt 0 0
vt 0 0
vt 0 0
vt 0 0
vt 0 0
vt 0 0
vt 0 0
vt 0 0
vt 0 0
vt 0 0
vt 0 0
vt 0 0
vt 0 0
vt 0 0
vt 0 0
vt 0 0
vt 0 0
vt 0 0
vt 0 0
vt 0 0
vt 0 0
vt 0 0
vt 0 0
vt 0 0
vt 0 0
vt 0 0
vt 0 0
vt 0 0
vt 0 0
vt 0 0
vt 0 0
vt 0 0
vt 0 0
vt 0 0
vt 0 0
vt 0 0
vt 0 0
vt 0 0
vt 0 0
vt 0 0
vt 0 0
vt 0 0
vt 0 0
vt 0 0
vt 0 0
vt 0 0
vt 0 0
vt 0 0
vt 0 0
vt 0 0
vt 0 0
vt 0 0
vt 0 0
vt 0 0
vt 0 0
vt 0 0
vt 0 0
vt 0 0
vt 0 0
vt 0 0
vt 0 0
vt 0 0
vt 0 0
vt 0 0
vt 0 0
vt 0 0
vt 0 0
vt 0 0
vt 0 0
vt 0 0
vt 0 0
vt 0 0
vt 0 0
vt 0 0
vt 0 0
vt 0 0
vt 0 0
vt 0 0
vt 0 0
vt 0 0
vt 0 0
vt 0 0
vt 0 0
vt 0 0
vt 0 0
vt 0 0
vt 0 0
vt 0 0
vt 0 0
vt 0 0
vt 0 0
vt 0 0
vt 0 0
vt 0 0
vt 0 0
vt 0 0
vt 0 0
vt 0 0
vt 0 0
vt 0 0
vt 0 0
vt 0 0
vt 0 0
vt 0 0
vt 0 0
vt 0 0
vt 0 0
vt 0 0
vt 0 0
vt 0 0
vt 0 0
vt 0 0
vt 0 0
vt 0 0
vt 0 0
vt 0 0
vt 0 0
vt 0 0
vt 0 0
vt 0 0
vt 0 0
vt 0 0
vt 0 0
vt 0 0
vt 0 0
vt 0 0
vt 0 0
vt 0 0
vt 0 0
vt 0 0
vt 0 0
vt 0 0
vt 0 0
vt 0 0
vt 0 0
vt 0 0
vt 0 0
vt 0 0
vt 0 0
vt 0 0
vt 0 0
vt 0 0
vt 0 0
vt 0 0
vt 0 0
vt 0 0
vt 0 0
vt 0 0
vt 0 0
vt 0 0
vt 0 0
vt 0 0
vt 0 0
vt 0 0
vt 0 0
vt 0 0
vt 0 0
vt 0 0
vt 0 0
vt 0 0
vt 0 0
vt 0 0
vt 0 0
vt 0 0
vt 0 0
vt 0 0
vt 0 0
vt 0 0
vt 0 0
vt 0 0
vt 0 0
vt 0 0
vt 0 0
vt 0 0
vt 0 0
vt 0 0
vt 0 0
vt 0 0
vt 0 0
vt 0 0
vt 0 0
vt 0 0
vt 0 0
vt 0 0
vt 0 0
vt 0 0
vt 0 0
vt 0 0
vt 0 0
vt 0 0
vt 0 0
vt 0 0
vt 0 0
vt 0 0
vt 0 0
vt 0 0
vt 0 0
vt 0 0
vt 0 0
vt 0 0
vt 0 0
vt 0 0
vt 0 0
vt 0 0
vt 0 0
vt 0 0
vt 0 0
vt 0 0
vt 0 0
vt 0 0
vt 0 0
vt 0 0
vt 0 0
vt 0 0
vt 0 0
vt 0 0
vt 0 0
vt 0 0
vt 0 0
vt 0 0
vt 0 0
vt 0 0
vt 0 0
vt 0 0
vt 0 0
vt 0 0
vt 0 0
vt 0 0
vt 0 0
vt 0 0
vt 0 0
vt 0 0
vt 0 0
vt 0 0
vt 0 0
vt 0 0
vt 0 0
vt 0 0
vt 0 0
vt 0 0
vt 0 0
vt 0 0
vt 0 0
vt 0 0
vt 0 0
vt 0 0
vt 0 0
vt 0 0
vt 0 0
vt 0 0
vt 0 0
vt 0 0
vt 0 0
vt 0 0
vt 0 0
vt 0 0
vt 0 0
vt 0 0
vt 0 0
vt 0 0
vt 0 0
vt 0 0
vt 0 0
vt 0 0
vt 0 0
vt 0 0
vt 0 0
vt 0 0
vt 0 0
vt 0 0
vt 0 0
vt 0 0
vt 0 0
vt 0 0
vt 0 0
vt 0 0
vt 0 0
vt 0 0
vt 0 0
vt 0 0
vt 0 0
vt 0 0
vt 0 0
vt 0 0
vt 0 0
vt 0 0
vt 0 0
vt 0 0
vt 0 0
vt 0 0
vt 0 0
vt 0 0
vt 0 0
vt 0 0
vt 0 0
vt 0 0
vt 0 0
vt 0 0
vt 0 0
vt 0 0
vt 0 0
vt 0 0
vt 0 0
vt 0 0
vt 0 0
vt 0 0
vt 0 0
vt 0 0
vt 0 0
vt 0 0
vt 0 0
vt 0 0
vt 0 0
vt 0 0
vt 0 0
vt 0 0
vt 0 0
vt 0 0
vt 0 0
vt 0 0
vt 0 0
vt 0 0
vt 0 0
vt 0 0
vt 0 0
vt 0 0
vt 0 0
vt 0 0
vt 0 0
vt 0 0
vt 0 0
vt 0 0
vt 0 0
vt 0 0
vt 0 0
vt 0 0
vt 0 0
vt 0 0
vt 0 0
vt 0 0
vt 0 0
vt 0 0
vt 0 0
vt 0 0
vt 0 0
vt 0 0
vt 0 0
vt 0 0
vt 0 0
vt 0 0
vt 0 0
vt 0 0
vt 0 0
vt 0 0
vt 0 0
vt 0 0
vt 0 0
vt 0 0
vt 0 0
vt 0 0
vt 0 0
vt 0 0
vt 0 0
vt 0 0
vt 0 0
vt 0 0
vt 0 0
vt 0 0
vt 0 0
vt 0 0
vt 0 0
vt 0 0
vt 0 0
vt 0 0
vt 0 0
vt 0 0
vt 0 0
vt 0 0
vt 0 0
vt 0 0
vt 0 0
vt 0 0
vt 0 0
vt 0 0
vt 0 0
vt 0 0
vt 0 0
vt 0 0
vt 0 0
vt 0 0
vt 0 0
vt 0 0
vt 0 0
vt 0 0
vt 0 0
vt 0 0
vt 0 0
vt 0 0
vt 0 0
vt 0 0
vt 0 0
vt 0 0
vt 0 0
vt 0 0
vt 0 0
vt 0 0
vt 0 0
vt 0 0
vt 0 0
vt 0 0
vt 0 0
vt 0 0
vt 0 0
vt 0 0
vt 0 0
vt 0 0
vt 0 0
vt 0 0
vt 0 0
vt 0 0
vt 0 0
vt 0 0
vt 0 0
vt 0 0
vt 0 0
vt 0 0
vt 0 0
vt 0 0
vt 0 0
vt 0 0
vt 0 0
vt 0 0
vt 0 0
vt 0 0
vt 0 0
vt 0 0
vt 0 0
vt 0 0
vt 0 0
vt 0 0
vt 0 0
vt 0 0
vt 0 0
vt 0 0
vt 0 0
vt 0 0
vt 0 0
vt 0 0
vt 0 0
vt 0 0
vt 0 0
vt 0 0
vt 0 0
vt 0 0
vt 0 0
vt 0 0
vt 0 0
vt 0 0
vt 0 0
vt 0 0
vt 0 0
vt 0 0
vt 0 0
vt 0 0
vt 0 0
vt 0 0
vt 0 0
vt 0 0
vt 0 0
vt 0 0
vt 0 0
vt 0 0
vt 0 0
vt 0 0
vt 0 0
vt 0 0
vt 0 0
vt 0 0
vt 0 0
vt 0 0
vt 0 0
vt 0 0
vt 0 0
vt 0 0
vt 0 0
vt 0 0
vt 0 0
vt 0 0
vt 0 0
vt 0 0
vt 0 0
vt 0 0
vt 0 0
vt 0 0
vt 0 0
vt 0 0
vt 0 0
vt 0 0
vt 0 0
vt 0 0
vt 0 0
vt 0 0
vt 0 0
vt 0 0
vt 0 0
vt 0 0
vt 0 0
vt 0 0
vt 0 0
vt 0 0
vt 0 0
vt 0 0
vt 0 0
vt 0 0
vt 0 0
vt 0 0
vt 0 0
vt 0 0
vt 0 0
vt 0 0
vt 0 0
vt 0 0
vt 0 0
vt 0 0
vt 0 0
vt 0 0
vt 0 0
vt 0 0
vt 0 0
vt 0 0
vt 0 0
vt 0 0
vt 0 0
vt 0 0
vt 0 0
vt 0 0
vt 0 0
vt 0 0
vt 0 0
vt 0 0
vt 0 0
vt 0 0
vt 0 0
vt 0 0
vt 0 0
vt 0 0
vt 0 0
vt 0 0
vt 0 0
vt 0 0
vt 0 0
vt 0 0
vt 0 0
vt 0 0
vt 0 0
vt 0 0
vt 0 0
vt 0 0
vt 0 0
vt 0 0
vt 0 0
vt 0 0
vt 0 0
vt 0 0
vt 0 0
vt 0 0
vt 0 0
vt 0 0
vt 0 0
vt 0 0
vt 0 0
vt 0 0
vt 0 0
vt 0 0
vt 0 0
vt 0 0
vt 0 0
vt 0 0
vt 0 0
vt 0 0
vt 0 0
vt 0 0
vt 0 0
vt 0 0
vt 0 0
vt 0 0
vt 0 0
vt 0 0
vt 0 0
vt 0 0
vt 0 0
vt 0 0
vt 0 0
vt 0 0
vt 0 0
vt 0 0
vt 0 0
vt 0 0
vt 0 0
vt 0 0
vt 0 0
vt 0 0
vt 0 0
vt 0 0
vt 0 0
vt 0 0
vt 0 0
vt 0 0
vt 0 0
vt 0 0
vt 0 0
vt 0 0
vt 0 0
vt 0 0
vt 0 0
vt 0 0
vt 0 0
vt 0 0
vt 0 0
vt 0 0
vt 0 0
vt 0 0
vt 0 0
vt 0 0
vt 0 0
vt 0 0
vt 0 0
vt 0 0
vt 0 0
vt 0 0
vt 0 0
vt 0 0
vt 0 0
vt 0 0
vt 0 0
vt 0 0
vt 0 0
vt 0 0
vt 0 0
vt 0 0
vt 0 0
vt 0 0
vt 0 0
vt 0 0
vt 0 0
vt 0 0
vt 0 0
vt 0 0
vt 0 0
vt 0 0
vt 0 0
vt 0 0
vt 0 0
vt 0 0
vt 0 0
vt 0 0
vt 0 0
vt 0 0
vt 0 0
vt 0 0
vt 0 0
vt 0 0
vt 0 0
vt 0 0
vt 0 0
vt 0 0
vt 0 0
vt 0 0
vt 0 0
vt 0 0
vt 0 0
vt 0 0
vt 0 0
vt 0 0
vt 0 0
vt 0 0
vt 0 0
vt 0 0
vt 0 0
vt 0 0
vt 0 0
vt 0 0
vt 0 0
vt 0 0
vt 0 0
vt 0 0
vt 0 0
vt 0 0
vt 0 0
vt 0 0
vt 0 0
vt 0 0
vt 0 0
vt 0 0
vt 0 0
vt 0 0
vt 0 0
vt 0 0
vt 0 0
vt 0 0
vt 0 0
vt 0 0
vt 0 0
vt 0 0
vt 0 0
vt 0 0
vt 0 0
vt 0 0
vt 0 0
vt 0 0
vt 0 0
vt 0 0
vt 0 0
vt 0 0
vt 0 0
vt 0 0
vt 0 0
vt 0 0
vt 0 0
vt 0 0
vt 0 0
vt 0 0
vt 0 0
vt 0 0
vt 0 0
vt 0 0
vt 0 0
vt 0 0
vt 0 0
vt 0 0
vt 0 0
vt 0 0
vt 0 0
vt 0 0
vt 0 0
vt 0 0
vt 0 0
vt 0 0
vt 0 0
vt 0 0
vt 0 0
vt 0 0
vt 0 0
vt 0 0
vt 0 0
vt 0 0
vt 0 0
vt 0 0
vt 0 0
vt 0 0
vt 0 0
vt 0 0
vt 0 0
vt 0 0
vt 0 0
vt 0 0
vt 0 0
vt 0 0
vt 0 0
vt 0 0
vt 0 0
vt 0 0
vt 0 0
vt 0 0
vt 0 0
vt 0 0
vt 0 0
vt 0 0
vt 0 0
vt 0 0
vt 0 0
vt 0 0
vt 0 0
vt 0 0
vt 0 0
vt 0 0
vt 0 0
vt 0 0
vt 0 0
vt 0 0
vt 0 0
vt 0 0
vt 0 0
vt 0 0
vt 0 0
vt 0 0
vt 0 0
vt 0 0
vt 0 0
vt 0 0
vt 0 0
vt 0 0
vt 0 0
vt 0 0
vt 0 0
vt 0 0
vt 0 0
vt 0 0
vt 0 0
vt 0 0
vt 0 0
vt 0 0
vt 0 0
vt 0 0
vt 0 0
vt 0 0
vt 0 0
vt 0 0
vt 0 0
vt 0 0
vt 0 0
vt 0 0
vt 0 0
vt 0 0
vt 0 0
vt 0 0
vt 0 0
vt 0 0
vt 0 0
vt 0 0
vt 0 0
vt 0 0
vt 0 0
vt 0 0
vt 0 0
vt 0 0
vt 0 0
vt 0 0
vt 0 0
vt 0 0
vt 0 0
vt 0 0
vt 0 0
vt 0 0
vt 0 0
vt 0 0
vt 0 0
vt 0 0
vt 0 0
vt 0 0
vt 0 0
vt 0 0
vt 0 0
vt 0 0
vt 0 0
vt 0 0
vt 0 0
vt 0 0
vt 0 0
vt 0 0
vt 0 0
vt 0 0
vt 0 0
vt 0 0
vt 0 0
vt 0 0
vt 0 0
vt 0 0
vt 0 0
vt 0 0
vt 0 0
vt 0 0
vt 0 0
vt 0 0
vt 0 0
vt 0 0
vt 0 0
vt 0 0
vt 0 0
vt 0 0
vt 0 0
vt 0 0
vt 0 0
vt 0 0
vt 0 0
vt 0 0
vt 0 0
vt 0 0
vt 0 0
vt 0 0
vt 0 0
vt 0 0
vt 0 0
vt 0 0
vt 0 0
vt 0 0
vt 0 0
vt 0 0
vt 0 0
vt 0 0
vt 0 0
vt 0 0
vt 0 0
vt 0 0
vt 0 0
vt 0 0
vt 0 0
vt 0 0
vt 0 0
vt 0 0
vt 0 0
vt 0 0
vt 0 0
vt 0 0
vt 0 0
vt 0 0
vt 0 0
vt 0 0
vt 0 0
vt 0 0
vt 0 0
vt 0 0
vt 0 0
vt 0 0
vt 0 0
vt 0 0
vt 0 0
vt 0 0
vt 0 0
vt 0 0
vt 0 0
vt 0 0
vt 0 0
vt 0 0
vt 0 0
vt 0 0
vt 0 0
vt 0 0
vt 0 0
vt 0 0
vt 0 0
vt 0 0
vt 0 0
vt 0 0
vt 0 0
vt 0 0
vt 0 0
vt 0 0
vt 0 0
vt 0 0
vt 0 0
vt 0 0
vt 0 0
vt 0 0
vt 0 0
vt 0 0
vt 0 0
vt 0 0
vt 0 0
vt 0 0
vt 0 0
vt 0 0
vt 0 0
vt 0 0
vt 0 0
vt 0 0
vt 0 0
vt 0 0
vt 0 0
vt 0 0
vt 0 0
vt 0 0
vt 0 0
vt 0 0
vt 0 0
vt 0 0
vt 0 0
vt 0 0
vt 0 0
vt 0 0
vt 0 0
vt 0 0
vt 0 0
vt 0 0
vt 0 0
vt 0 0
vt 0 0
vt 0 0
vt 0 0
vt 0 0
vt 0 0
vt 0 0
vt 0 0
vt 0 0
vt 0 0
vt 0 0
vt 0 0
vt 0 0
vt 0 0
vt 0 0
vt 0 0
vt 0 0
vt 0 0
vt 0 0
vt 0 0
vt 0 0
vt 0 0
vt 0 0
vt 0 0
vt 0 0
vt 0 0
vt 0 0
vt 0 0
vt 0 0
vt 0 0
vt 0 0
vt 0 0
vt 0 0
vt 0 0
vt 0 0
vt 0 0
vt 0 0
vt 0 0
vt 0 0
vt 0 0
vt 0 0
vt 0 0
vt 0 0
vt 0 0
vt 0 0
vt 0 0
vt 0 0
vt 0 0
vt 0 0
vt 0 0
vt 0 0
vt 0 0
vt 0 0
vt 0 0
vt 0 0
vt 0 0
vt 0 0
vt 0 0
vt 0 0
vt 0 0
vt 0 0
vt 0 0
vt 0 0
vt 0 0
vt 0 0
vt 0 0
vt 0 0
vt 0 0
vt 0 0
vt 0 0
vt 0 0
vt 0 0
vt 0 0
vt 0 0
vt 0 0
vt 0 0
vt 0 0
vt 0 0
vt 0 0
vt 0 0
vt 0 0
vt 0 0
vt 0 0
vt 0 0
vt 0 0
vt 0 0
vt 0 0
vt 0 0
vt 0 0
vt 0 0
vt 0 0
vt 0 0
vt 0 0
vt 0 0
vt 0 0
vt 0 0
vt 0 0
vt 0 0
vt 0 0
vt 0 0
vt 0 0
vt 0 0
vt 0 0
vt 0 0
vt 0 0
vt 0 0
vt 0 0
vt 0 0
vt 0 0
vt 0 0
vt 0 0
vt 0 0
vt 0 0
vt 0 0
vt 0 0
vt 0 0
vt 0 0
vt 0 0
vt 0 0
vt 0 0
vt 0 0
vt 0 0
vt 0 0
vt 0 0
vt 0 0
vt 0 0
vt 0 0
vt 0 0
vt 0 0
vt 0 0
vt 0 0
vt 0 0
vt 0 0
vt 0 0
vt 0 0
vt 0 0
vt 0 0
vt 0 0
vt 0 0
vt 0 0
vt 0 0
vt 0 0
vt 0 0
vt 0 0
vt 0 0
vt 0 0
vt 0 0
vt 0 0
vt 0 0
vt 0 0
vt 0 0
vt 0 0
vt 0 0
vt 0 0
vt 0 0
vt 0 0
vt 0 0
vt 0 0
vt 0 0
vt 0 0
vt 0 0
vt 0 0
vt 0 0
vt 0 0
vt 0 0
vt 0 0
vt 0 0
vt 0 0
vt 0 0
vt 0 0
vt 0 0
vt 0 0
vt 0 0
vt 0 0
vt 0 0
vt 0 0
vt 0 0
vt 0 0
vt 0 0
vt 0 0
vt 0 0
vt 0 0
vt 0 0
vt 0 0
vt 0 0
vt 0 0
vt 0 0
vt 0 0
vt 0 0
vt 0 0
vt 0 0
vt 0 0
vt 0 0
vt 0 0
vt 0 0
vt 0 0
vt 0 0
vt 0 0
vt 0 0
vt 0 0
vt 0 0
vt 0 0
vt 0 0
vt 0 0
vt 0 0
vt 0 0
vt 0 0
vt 0 0
vt 0 0
vt 0 0
vt 0 0
vt 0 0
vt 0 0
vt 0 0
vt 0 0
vt 0 0
vt 0 0
vt 0 0
vt 0 0
vt 0 0
vt 0 0
vt 0 0
vt 0 0
vt 0 0
vt 0 0
vt 0 0
vt 0 0
vt 0 0
vt 0 0
vt 0 0
vt 0 0
vt 0 0
vt 0 0
vt 0 0
vt 0 0
vt 0 0
vt 0 0
vt 0 0
vt 0 0
vt 0 0
vt 0 0
vt 0 0
vt 0 0
vt 0 0
vt 0 0
vt 0 0
vt 0 0
vt 0 0
vt 0 0
vt 0 0
vt 0 0
vt 0 0
vt 0 0
vt 0 0
vt 0 0
vt 0 0
vt 0 0
vt 0 0
vt 0 0
vt 0 0
vt 0 0
vt 0 0
vt 0 0
vt 0 0
vt 0 0
vt 0 0
vt 0 0
vt 0 0
vt 0 0
vt 0 0
vt 0 0
vt 0 0
vt 0 0
vt 0 0
vt 0 0
vt 0 0
vt 0 0
vt 0 0
vt 0 0
vt 0 0
vt 0 0
vt 0 0
vt 0 0
vt 0 0
vt 0 0
vt 0 0
vt 0 0
vt 0 0
vt 0 0
vt 0 0
vt 0 0
vt 0 0
vt 0 0
vt 0 0
vt 0 0
vt 0 0
vt 0 0
vt 0 0
vt 0 0
vt 0 0
vt 0 0
vt 0 0
vt 0 0
vt 0 0
vt 0 0
vt 0 0
vt 0 0
vt 0 0
vt 0 0
vt 0 0
vt 0 0
vt 0 0
vt 0 0
vt 0 0
vt 0 0
vt 0 0
vt 0 0
vt 0 0
vt 0 0
vt 0 0
vt 0 0
vt 0 0
vt 0 0
vt 0 0
vt 0 0
vt 0 0
vt 0 0
vt 0 0
vt 0 0
vt 0 0
vt 0 0
vt 0 0
vt 0 0
vt 0 0
vt 0 0
vt 0 0
vt 0 0
vt 0 0
vt 0 0
vt 0 0
vt 0 0
vt 0 0
vt 0 0
vt 0 0
vt 0 0
vt 0 0
vt 0 0
vt 0 0
vt 0 0
vt 0 0
vt 0 0
vt 0 0
vt 0 0
vt 0 0
vt 0 0
vt 0 0
vt 0 0
vt 0 0
vt 0 0
vt 0 0
vt 0 0
vt 0 0
vt 0 0
vt 0 0
vt 0 0
vt 0 0
vt 0 0
vt 0 0
vt 0 0
vt 0 0
vt 0 0
vt 0 0
vt 0 0
vt 0 0
vt 0 0
vt 0 0
vt 0 0
vt 0 0
vt 0 0
vt 0 0
vt 0 0
vt 0 0
vt 0 0
vt 0 0
vt 0 0
vt 0 0
vt 0 0
vt 0 0
vt 0 0
vt 0 0
vt 0 0
vt 0 0
vt 0 0
vt 0 0
vt 0 0
vt 0 0
vt 0 0
vt 0 0
vt 0 0
vt 0 0
vt 0 0
vt 0 0
vt 0 0
vt 0 0
vt 0 0
vt 0 0
vt 0 0
vt 0 0
vt 0 0
vt 0 0
vt 0 0
vt 0 0
vt 0 0
vt 0 0
vt 0 0
vt 0 0
vt 0 0
vt 0 0
vt 0 0
vt 0 0
vt 0 0
vt 0 0
vt 0 0
vt 0 0
vt 0 0
vt 0 0
vt 0 0
vt 0 0
vt 0 0
vt 0 0
vt 0 0
vt 0 0
vt 0 0
vt 0 0
vt 0 0
vt 0 0
vt 0 0
vt 0 0
vt 0 0
vt 0 0
vt 0 0
vt 0 0
vt 0 0
vt 0 0
vt 0 0
vt 0 0
vt 0 0
vt 0 0
vt 0 0
vt 0 0
vt 0 0
vt 0 0
vt 0 0
vt 0 0
vt 0 0
vt 0 0
vt 0 0
vt 0 0
vt 0 0
vt 0 0
vt 0 0
vt 0 0
vt 0 0
vt 0 0
vt 0 0
vt 0 0
vt 0 0
vt 0 0
vt 0 0
vt 0 0
vt 0 0
vt 0 0
vt 0 0
vt 0 0
vt 0 0
vt 0 0
vt 0 0
vt 0 0
vt 0 0
vt 0 0
vt 0 0
vt 0 0
vt 0 0
vt 0 0
vt 0 0
vt 0 0
vt 0 0
vt 0 0
vt 0 0
vt 0 0
vt 0 0
vt 0 0
vt 0 0
vt 0 0
vt 0 0
vt 0 0
vt 0 0
vt 0 0
vt 0 0
vt 0 0
vt 0 0
vt 0 0
vt 0 0
vt 0 0
vt 0 0
vt 0 0
vt 0 0
vt 0 0
vt 0 0
vt 0 0
vt 0 0
vt 0 0
vt 0 0
vt 0 0
vt 0 0
vt 0 0
vt 0 0
vt 0 0
vt 0 0
vt 0 0
vt 0 0
vt 0 0
vt 0 0
vt 0 0
vt 0 0
vt 0 0
vt 0 0
vt 0 0
vt 0 0
vt 0 0
vt 0 0
vt 0 0
vt 0 0
vt 0 0
vt 0 0
vt 0 0
vt 0 0
vt 0 0
vt 0 0
vt 0 0
vt 0 0
vt 0 0
vt 0 0
vt 0 0
vt 0 0
vt 0 0
vt 0 0
vt 0 0
vt 0 0
vt 0 0
vt 0 0
vt 0 0
vt 0 0
vt 0 0
vt 0 0
vt 0 0
vt 0 0
vt 0 0
vt 0 0
vt 0 0
vt 0 0
vt 0 0
vt 0 0
vt 0 0
vt 0 0
vt 0 0
vt 0 0
vt 0 0
vt 0 0
vt 0 0
vt 0 0
vt 0 0
vt 0 0
vt 0 0
vt 0 0
vt 0 0
vt 0 0
vt 0 0
vt 0 0
vt 0 0
vt 0 0
vt 0 0
vt 0 0
vt 0 0
vt 0 0
vt 0 0
vt 0 0
vt 0 0
vt 0 0
vt 0 0
vt 0 0
vt 0 0
vt 0 0
vt 0 0
vt 0 0
vt 0 0
vt 0 0
vt 0 0
vt 0 0
vt 0 0
vt 0 0
vt 0 0
vt 0 0
vt 0 0
vt 0 0
vt 0 0
vt 0 0
vt 0 0
vt 0 0
vt 0 0
vt 0 0
vt 0 0
vt 0 0
vt 0 0
vt 0 0
vt 0 0
vt 0 0
vt 0 0
vt 0 0
vt 0 0
vt 0 0
vt 0 0
vt 0 0
vt 0 0
vt 0 0
vt 0 0
vt 0 0
vt 0 0
vt 0 0
vt 0 0
vt 0 0
vt 0 0
vt 0 0
vt 0 0
vt 0 0
vt 0 0
vt 0 0
vt 0 0
vt 0 0
vt 0 0
vt 0 0
vt 0 0
vt 0 0
vt 0 0
vt 0 0
vt 0 0
vt 0 0
vt 0 0
vt 0 0
vt 0 0
vt 0 0
vt 0 0
vt 0 0
vt 0 0
vt 0 0
vt 0 0
vt 0 0
vt 0 0
vt 0 0
vt 0 0
vt 0 0
vt 0 0
vt 0 0
vt 0 0
vt 0 0
vt 0 0
vt 0 0
vt 0 0
vt 0 0
vt 0 0
vt 0 0
vt 0 0
vt 0 0
vt 0 0
vt 0 0
vt 0 0
vt 0 0
vt 0 0
vt 0 0
vt 0 0
vt 0 0
vt 0 0
vt 0 0
vt 0 0
vt 0 0
vt 0 0
vt 0 0
vt 0 0
vt 0 0
vt 0 0
vt 0 0
vt 0 0
vt 0 0
vt 0 0
vt 0 0
vt 0 0
vt 0 0
vt 0 0
vt 0 0
vt 0 0
vt 0 0
vt 0 0
vt 0 0
vt 0 0
vt 0 0
vt 0 0
vt 0 0
vt 0 0
vt 0 0
vt 0 0
vt 0 0
vt 0 0
vt 0 0
vt 0 0
vt 0 0
vt 0 0
vt 0 0
vt 0 0
vt 0 0
vt 0 0
vt 0 0
vt 0 0
vt 0 0
vt 0 0
vt 0 0
vt 0 0
vt 0 0
vt 0 0
vt 0 0
vt 0 0
vt 0 0
vt 0 0
vt 0 0
vt 0 0
vt 0 0
vt 0 0
vt 0 0
vt 0 0
vt 0 0
vt 0 0
vt 0 0
vt 0 0
vt 0 0
vt 0 0
vt 0 0
vt 0 0
vt 0 0
vt 0 0
vt 0 0
vt 0 0
vt 0 0
vt 0 0
vt 0 0
vt 0 0
vt 0 0
vt 0 0
vt 0 0
vt 0 0
vt 0 0
vt 0 0
vt 0 0
vt 0 0
vt 0 0
vt 0 0
vt 0 0
vt 0 0
vt 0 0
vt 0 0
vt 0 0
vt 0 0
vt 0 0
vt 0 0
vt 0 0
vt 0 0
vt 0 0
vt 0 0
vt 0 0
vt 0 0
vt 0 0
vt 0 0
vt 0 0
vt 0 0
vt 0 0
vt 0 0
vt 0 0
vt 0 0
vt 0 0
vt 0 0
vt 0 0
vt 0 0
vt 0 0
vt 0 0
vt 0 0
vt 0 0
vt 0 0
vt 0 0
vt 0 0
vt 0 0
vt 0 0
vt 0 0
vt 0 0
vt 0 0
vt 0 0
vt 0 0
vt 0 0
vt 0 0
vt 0 0
vt 0 0
vt 0 0
vt 0 0
vt 0 0
vt 0 0
vt 0 0
vt 0 0
vt 0 0
vt 0 0
vt 0 0
vt 0 0
vt 0 0
vt 0 0
vt 0 0
vt 0 0
vt 0 0
vt 0 0
vt 0 0
vt 0 0
vt 0 0
vt 0 0
vt 0 0
vt 0 0
vt 0 0
vt 0 0
vt 0 0
vt 0 0
vt 0 0
vt 0 0
vt 0 0
vt 0 0
vt 0 0
vt 0 0
vt 0 0
vt 0 0
vt 0 0
vt 0 0
vt 0 0
vt 0 0
vt 0 0
vt 0 0
vt 0 0
vt 0 0
vt 0 0
vt 0 0
vt 0 0
vt 0 0
vt 0 0
vt 0 0
vt 0 0
vt 0 0
vt 0 0
vt 0 0
vt 0 0
vt 0 0
vt 0 0
vt 0 0
vt 0 0
vt 0 0
vt 0 0
vt 0 0
vt 0 0
vt 0 0
vt 0 0
vt 0 0
vt 0 0
vt 0 0
vt 0 0
vt 0 0
vt 0 0
vt 0 0
vt 0 0
vt 0 0
vt 0 0
vt 0 0
vt 0 0
vt 0 0
vt 0 0
vt 0 0
vt 0 0
vt 0 0
vt 0 0
vt 0 0
vt 0 0
vt 0 0
vt 0 0
vt 0 0
vt 0 0
vt 0 0
vt 0 0
vt 0 0
vt 0 0
vt 0 0
vt 0 0
vt 0 0
vt 0 0
vt 0 0
vt 0 0
vt 0 0
vt 0 0
vt 0 0
vt 0 0
vt 0 0
vt 0 0
vt 0 0
vt 0 0
vt 0 0
vt 0 0
vt 0 0
vt 0 0
vt 0 0
vt 0 0
vt 0 0
vt 0 0
vt 0 0
vt 0 0
vt 0 0
vt 0 0
vt 0 0
vt 0 0
vt 0 0
vt 0 0
vt 0 0
vt 0 0
vt 0 0
vt 0 0
vt 0 0
vt 0 0
vt 0 0
vt 0 0
vt 0 0
vt 0 0
vt 0 0
vt 0 0
vt 0 0
vt 0 0
vt 0 0
vt 0 0
vt 0 0
vt 0 0
vt 0 0
vt 0 0
vt 0 0
vt 0 0
vt 0 0
vt 0 0
vt 0 0
vt 0 0
vt 0 0
vt 0 0
vt 0 0
vt 0 0
vt 0 0
vt 0 0
vt 0 0
vt 0 0
vt 0 0
vt 0 0
vt 0 0
vt 0 0
vt 0 0
vt 0 0
vt 0 0
vt 0 0
vt 0 0
vt 0 0
vt 0 0
vt 0 0
vt 0 0
vt 0 0
vt 0 0
vt 0 0
vt 0 0
vt 0 0
vt 0 0
vt 0 0
vt 0 0
vt 0 0
vt 0 0
vt 0 0
vt 0 0
vt 0 0
vt 0 0
vt 0 0
vt 0 0
vt 0 0
vt 0 0
vt 0 0
vt 0 0
vt 0 0
vt 0 0
vt 0 0
vt 0 0
vt 0 0
vt 0 0
vt 0 0
vt 0 0
vt 0 0
vt 0 0
vt 0 0
vt 0 0
vt 0 0
vt 0 0
vt 0 0
vt 0 0
vt 0 0
vt 0 0
vt 0 0
vt 0 0
vt 0 0
vt 0 0
vt 0 0
vt 0 0
vt 0 0
vt 0 0
vt 0 0
vt 0 0
vt 0 0
vt 0 0
vt 0 0
vt 0 0
vt 0 0
vt 0 0
vt 0 0
vt 0 0
vt 0 0
vt 0 0
vt 0 0
vt 0 0
vt 0 0
vt 0 0
vt 0 0
vt 0 0
vt 0 0
vt 0 0
vt 0 0
vt 0 0
vt 0 0
vt 0 0
vt 0 0
vt 0 0
vt 0 0
vt 0 0
vt 0 0
vt 0 0
vt 0 0
vt 0 0
vt 0 0
vt 0 0
vt 0 0
vt 0 0
vt 0 0
vt 0 0
vt 0 0
vt 0 0
vt 0 0
vt 0 0
vt 0 0
vt 0 0
vt 0 0
vt 0 0
vt 0 0
vt 0 0
vt 0 0
vt 0 0
vt 0 0
vt 0 0
vt 0 0
vt 0 0
vt 0 0
vt 0 0
vt 0 0
vt 0 0
vt 0 0
vt 0 0
vt 0 0
vt 0 0
vt 0 0
vt 0 0
vt 0 0
vt 0 0
vt 0 0
vt 0 0
vt 0 0
vt 0 0
vt 0 0
vt 0 0
vt 0 0
vt 0 0
vt 0 0
vt 0 0
vt 0 0
vt 0 0
vt 0 0
vt 0 0
vt 0 0
vt 0 0
vt 0 0
vt 0 0
vt 0 0
vt 0 0
vt 0 0
vt 0 0
vt 0 0
vt 0 0
vt 0 0
vt 0 0
vt 0 0
vt 0 0
vt 0 0
vt 0 0
vt 0 0
vt 0 0
vt 0 0
vt 0 0
vt 0 0
vt 0 0
vt 0 0
vt 0 0
vt 0 0
vt 0 0
vt 0 0
vt 0 0
vt 0 0
vt 0 0
vt 0 0
vt 0 0
vt 0 0
vt 0 0
vt 0 0
vt 0 0
vt 0 0
vt 0 0
vt 0 0
vt 0 0
vt 0 0
vt 0 0
vt 0 0
vt 0 0
vt 0 0
vt 0 0
vt 0 0
vt 0 0
vt 0 0
vt 0 0
vt 0 0
vt 0 0
vt 0 0
vt 0 0
vt 0 0
vt 0 0
vt 0 0
vt 0 0
vt 0 0
vt 0 0
vt 0 0
vt 0 0
vt 0 0
vt 0 0
vt 0 0
vt 0 0
vt 0 0
vt 0 0
vt 0 0
vt 0 0
vt 0 0
vt 0 0
vt 0 0
vt 0 0
vt 0 0
vt 0 0
vt 0 0
vt 0 0
vt 0 0
vt 0 0
vt 0 0
vt 0 0
vt 0 0
vt 0 0
vt 0 0
vt 0 0
vt 0 0
vt 0 0
vt 0 0
vt 0 0
vt 0 0
vt 0 0
vt 0 0
vt 0 0
vt 0 0
vt 0 0
vt 0 0
vt 0 0
vt 0 0
vt 0 0
vt 0 0
vt 0 0
vt 0 0
vt 0 0
vt 0 0
vt 0 0
vt 0 0
vt 0 0
vt 0 0
vt 0 0
vt 0 0
vt 0 0
vt 0 0
vt 0 0
vt 0 0
vt 0 0
vt 0 0
vt 0 0
vt 0 0
vt 0 0
vt 0 0
vt 0 0
vt 0 0
vt 0 0
vt 0 0
vt 0 0
vt 0 0
vt 0 0
vt 0 0
vt 0 0
vt 0 0
vt 0 0
vt 0 0
vt 0 0
vt 0 0
vt 0 0
vt 0 0
vt 0 0
vt 0 0
vt 0 0
vt 0 0
vt 0 0
vt 0 0
vt 0 0
vt 0 0
vt 0 0
vt 0 0
vt 0 0
vt 0 0
vt 0 0
vt 0 0
vt 0 0
vt 0 0
vt 0 0
vt 0 0
vt 0 0
vt 0 0
vt 0 0
vt 0 0
vt 0 0
vt 0 0
vt 0 0
vt 0 0
vt 0 0
vt 0 0
vt 0 0
vt 0 0
vt 0 0
vt 0 0
vt 0 0
vt 0 0
vt 0 0
vt 0 0
vt 0 0
vt 0 0
vt 0 0
vt 0 0
vt 0 0
vt 0 0
vt 0 0
vt 0 0
vt 0 0
vt 0 0
vt 0 0
vt 0 0
vt 0 0
vt 0 0
vt 0 0
vt 0 0
vt 0 0
vt 0 0
vt 0 0
vt 0 0
vt 0 0
vt 0 0
vt 0 0
vt 0 0
vt 0 0
vt 0 0
vt 0 0
vt 0 0
vt 0 0
vt 0 0
vt 0 0
vt 0 0
vt 0 0
vt 0 0
vt 0 0
vt 0 0
vt 0 0
vt 0 0
vt 0 0
vt 0 0
vt 0 0
vt 0 0
vt 0 0
vt 0 0
vt 0 0
vt 0 0
vt 0 0
vt 0 0
vt 0 0
vt 0 0
vt 0 0
vt 0 0
vt 0 0
vt 0 0
vt 0 0
vt 0 0
vt 0 0
vt 0 0
vt 0 0
vt 0 0
vt 0 0
vt 0 0
vt 0 0
vt 0 0
vt 0 0
vt 0 0
vt 0 0
vt 0 0
vt 0 0
vt 0 0
vt 0 0
vt 0 0
vt 0 0
vt 0 0
vt 0 0
vt 0 0
vt 0 0
vt 0 0
vt 0 0
vt 0 0
vt 0 0
vt 0 0
vt 0 0
vt 0 0
vt 0 0
vt 0 0
vt 0 0
vt 0 0
vt 0 0
vt 0 0
vt 0 0
vt 0 0
vt 0 0
vt 0 0
vt 0 0
vt 0 0
vt 0 0
vt 0 0
vt 0 0
vt 0 0
vt 0 0
vt 0 0
vt 0 0
vt 0 0
vt 0 0
vt 0 0
vt 0 0
vt 0 0
vt 0 0
vt 0 0
vt 0 0
vt 0 0
vt 0 0
vt 0 0
vt 0 0
vt 0 0
vt 0 0
vt 0 0
vt 0 0
vt 0 0
vt 0 0
vt 0 0
vt 0 0
vt 0 0
vt 0 0
vt 0 0
vt 0 0
vt 0 0
vt 0 0
vt 0 0
vt 0 0
vt 0 0
vt 0 0
vt 0 0
vt 0 0
vt 0 0
vt 0 0
vt 0 0
vt 0 0
vt 0 0
vt 0 0
vt 0 0
vt 0 0
vt 0 0
vt 0 0
vt 0 0
vt 0 0
vt 0 0
vt 0 0
vt 0 0
vt 0 0
vt 0 0
vt 0 0
vt 0 0
vt 0 0
vt 0 0
vt 0 0
vt 0 0
vt 0 0
vt 0 0
vt 0 0
vt 0 0
vt 0 0
vt 0 0
vt 0 0
vt 0 0
vt 0 0
vt 0 0
vt 0 0
vt 0 0
vt 0 0
vt 0 0
vt 0 0
vt 0 0
vt 0 0
vt 0 0
vt 0 0
vt 0 0
vt 0 0
vt 0 0
vt 0 0
vt 0 0
vt 0 0
vt 0 0
vt 0 0
vt 0 0
vt 0 0
vt 0 0
vt 0 0
vt 0 0
vt 0 0
vt 0 0
vt 0 0
vt 0 0
vt 0 0
vt 0 0
vt 0 0
vt 0 0
vt 0 0
vt 0 0
vt 0 0
vt 0 0
vt 0 0
vt 0 0
vt 0 0
vt 0 0
vt 0 0
vt 0 0
vt 0 0
vt 0 0
vt 0 0
vt 0 0
vt 0 0
vt 0 0
vt 0 0
vt 0 0
vt 0 0
vt 0 0
vt 0 0
vt 0 0
vt 0 0
vt 0 0
vt 0 0
vt 0 0
vt 0 0
vt 0 0
vt 0 0
vt 0 0
vt 0 0
vt 0 0
vt 0 0
vt 0 0
vt 0 0
vt 0 0
vt 0 0
vt 0 0
vt 0 0
vt 0 0
vt 0 0
vt 0 0
vt 0 0
vt 0 0
vt 0 0
vt 0 0
vt 0 0
vt 0 0
vt 0 0
vt 0 0
vt 0 0
vt 0 0
vt 0 0
vt 0 0
vt 0 0
vt 0 0
vt 0 0
vt 0 0
vt 0 0
vt 0 0
vt 0 0
vt 0 0
vt 0 0
vt 0 0
vt 0 0
vt 0 0
vt 0 0
vt 0 0
vt 0 0
vt 0 0
vt 0 0
vt 0 0
vt 0 0
vt 0 0
vt 0 0
vt 0 0
vt 0 0
vt 0 0
vt 0 0
vt 0 0
vt 0 0
vt 0 0
vt 0 0
vt 0 0
vt 0 0
vt 0 0
vt 0 0
vt 0 0
vt 0 0
vt 0 0
vt 0 0
vt 0 0
vt 0 0
vt 0 0
vt 0 0
vt 0 0
vt 0 0
vt 0 0
vt 0 0
vt 0 0
vt 0 0
vt 0 0
vt 0 0
vt 0 0
vt 0 0
vt 0 0
vt 0 0
vt 0 0
vt 0 0
vt 0 0
vt 0 0
vt 0 0
vt 0 0
vt 0 0
vt 0 0
vt 0 0
vt 0 0
vt 0 0
vt 0 0
vt 0 0
vt 0 0
vt 0 0
vt 0 0
vt 0 0
vt 0 0
vt 0 0
vt 0 0
vt 0 0
vt 0 0
vt 0 0
vt 0 0
vt 0 0
vt 0 0
vt 0 0
vt 0 0
vt 0 0
vt 0 0
vt 0 0
vt 0 0
vt 0 0
vt 0 0
vt 0 0
vt 0 0
vt 0 0
vt 0 0
vt 0 0
vt 0 0
vt 0 0
vt 0 0
vt 0 0
vt 0 0
vt 0 0
vt 0 0
vt 0 0
vt 0 0
vt 0 0
vt 0 0
vt 0 0
vt 0 0
vt 0 0
vt 0 0
vt 0 0
vt 0 0
vt 0 0
vt 0 0
vt 0 0
vt 0 0
vt 0 0
vt 0 0
vt 0 0
vt 0 0
vt 0 0
vt 0 0
vt 0 0
vt 0 0
vt 0 0
vt 0 0
vt 0 0
vt 0 0
vt 0 0
vt 0 0
vt 0 0
vt 0 0
vt 0 0
vt 0 0
vt 0 0
vt 0 0
vt 0 0
vt 0 0
vt 0 0
vt 0 0
vt 0 0
vt 0 0
vt 0 0
vt 0 0
vt 0 0
vt 0 0
vt 0 0
vt 0 0
vt 0 0
vt 0 0
vt 0 0
vt 0 0
vt 0 0
vt 0 0
vt 0 0
vt 0 0
vt 0 0
vt 0 0
vt 0 0
vt 0 0
vt 0 0
vt 0 0
vt 0 0
vt 0 0
vt 0 0
vt 0 0
vt 0 0
vt 0 0
vt 0 0
vt 0 0
vt 0 0
vt 0 0
vt 0 0
vt 0 0
vt 0 0
vt 0 0
vt 0 0
vt 0 0
vt 0 0
vt 0 0
vt 0 0
vt 0 0
vt 0 0
vt 0 0
vt 0 0
vt 0 0
vt 0 0
vt 0 0
vt 0 0
vt 0 0
vt 0 0
vt 0 0
vt 0 0
vt 0 0
vt 0 0
vt 0 0
vt 0 0
vt 0 0
vt 0 0
vt 0 0
vt 0 0
vt 0 0
vt 0 0
vt 0 0
vt 0 0
vt 0 0
vt 0 0
vt 0 0
vt 0 0
vt 0 0
vt 0 0
vt 0 0
vt 0 0
vt 0 0
vt 0 0
vt 0 0
vt 0 0
vt 0 0
vt 0 0
vt 0 0
vt 0 0
vt 0 0
vt 0 0
vt 0 0
vt 0 0
vt 0 0
vt 0 0
vt 0 0
vt 0 0
vt 0 0
vt 0 0
vt 0 0
vt 0 0
vt 0 0
vt 0 0
vt 0 0
vt 0 0
vt 0 0
vt 0 0
vt 0 0
vt 0 0
vt 0 0
vt 0 0
vt 0 0
vt 0 0
vt 0 0
vt 0 0
vt 0 0
vt 0 0
vt 0 0
vt 0 0
vt 0 0
vt 0 0
vt 0 0
vt 0 0
vt 0 0
vt 0 0
vt 0 0
vt 0 0
vt 0 0
vt 0 0
vt 0 0
vt 0 0
vt 0 0
vt 0 0
vt 0 0
vt 0 0
vt 0 0
vt 0 0
vt 0 0
vt 0 0
vt 0 0
vt 0 0
vt 0 0
vt 0 0
vt 0 0
vt 0 0
vt 0 0
vt 0 0
vt 0 0
vt 0 0
vt 0 0
vt 0 0
vt 0 0
vt 0 0
vt 0 0
vt 0 0
vt 0 0
vt 0 0
vt 0 0
vt 0 0
vt 0 0
vt 0 0
vt 0 0
vt 0 0
vt 0 0
vt 0 0
vt 0 0
vt 0 0
vt 0 0
vt 0 0
vt 0 0
vt 0 0
vt 0 0
vt 0 0
vt 0 0
vt 0 0
vt 0 0
vt 0 0
vt 0 0
vt 0 0
vt 0 0
vt 0 0
vt 0 0
vt 0 0
vt 0 0
vt 0 0
vt 0 0
vt 0 0
vt 0 0
vt 0 0
vt 0 0
vt 0 0
vt 0 0
vt 0 0
vt 0 0
vt 0 0
vt 0 0
vt 0 0
vt 0 0
vt 0 0
vt 0 0
vt 0 0
vt 0 0
vt 0 0
vt 0 0
vt 0 0
vt 0 0
vt 0 0
vt 0 0
vt 0 0
vt 0 0
vt 0 0
vt 0 0
vt 0 0
vt 0 0
vt 0 0
vt 0 0
vt 0 0
vt 0 0
vt 0 0
vt 0 0
vt 0 0
vt 0 0
vt 0 0
vt 0 0
vt 0 0
vt 0 0
vt 0 0
vt 0 0
vt 0 0
vt 0 0
vt 0 0
vt 0 0
vt 0 0
vt 0 0
vt 0 0
vt 0 0
vt 0 0
vt 0 0
vt 0 0
vt 0 0
vt 0 0
vt 0 0
vt 0 0
vt 0 0
vt 0 0
vt 0 0
vt 0 0
vt 0 0
vt 0 0
vt 0 0
vt 0 0
vt 0 0
vt 0 0
vt 0 0
vt 0 0
vt 0 0
vt 0 0
vt 0 0
vt 0 0
vt 0 0
vt 0 0
vt 0 0
vt 0 0
vt 0 0
vt 0 0
vt 0 0
vt 0 0
vt 0 0
vt 0 0
vt 0 0
vt 0 0
vt 0 0
vt 0 0
vt 0 0
vt 0 0
vt 0 0
vt 0 0
vt 0 0
vt 0 0
vt 0 0
vt 0 0
vt 0 0
vt 0 0
vt 0 0
vt 0 0
vt 0 0
vt 0 0
vt 0 0
vt 0 0
vt 0 0
vt 0 0
vt 0 0
vt 0 0
vt 0 0
vt 0 0
vt 0 0
vt 0 0
vt 0 0
vt 0 0
vt 0 0
vt 0 0
vt 0 0
vt 0 0
vt 0 0
vt 0 0
vt 0 0
vt 0 0
vt 0 0
vt 0 0
vt 0 0
vt 0 0
vt 0 0
vt 0 0
vt 0 0
vt 0 0
vt 0 0
vt 0 0
vt 0 0
vt 0 0
vt 0 0
vt 0 0
vt 0 0
vt 0 0
vt 0 0
vt 0 0
vt 0 0
vt 0 0
vt 0 0
vt 0 0
vt 0 0
vt 0 0
vt 0 0
vt 0 0
vt 0 0
vt 0 0
vt 0 0
vt 0 0
vt 0 0
vt 0 0
vt 0 0
vt 0 0
vt 0 0
vt 0 0
vt 0 0
vt 0 0
vt 0 0
vt 0 0
vt 0 0
vt 0 0
vt 0 0
vt 0 0
vt 0 0
vt 0 0
vt 0 0
vt 0 0
vt 0 0
vt 0 0
vt 0 0
vt 0 0
vt 0 0
vt 0 0
vt 0 0
vt 0 0
vt 0 0
vt 0 0
vt 0 0
vt 0 0
vt 0 0
vt 0 0
vt 0 0
vt 0 0
vt 0 0
vt 0 0
vt 0 0
vt 0 0
vt 0 0
vt 0 0
vt 0 0
vt 0 0
vt 0 0
vt 0 0
vt 0 0
vt 0 0
vt 0 0
vt 0 0
vt 0 0
vt 0 0
vt 0 0
vt 0 0
vt 0 0
vt 0 0
vt 0 0
vt 0 0
vt 0 0
vt 0 0
vt 0 0
vt 0 0
vt 0 0
vt 0 0
vt 0 0
vt 0 0
vt 0 0
vt 0 0
vt 0 0
vt 0 0
vt 0 0
vt 0 0
vt 0 0
vt 0 0
vt 0 0
vt 0 0
vt 0 0
vt 0 0
vt 0 0
vt 0 0
vt 0 0
vt 0 0
vt 0 0
vt 0 0
vt 0 0
vt 0 0
vt 0 0
vt 0 0
vt 0 0
vt 0 0
vt 0 0
vt 0 0
vt 0 0
vt 0 0
vt 0 0
vt 0 0
vt 0 0
vt 0 0
vt 0 0
vt 0 0
vt 0 0
vt 0 0
vt 0 0
vt 0 0
vt 0 0
vt 0 0
vt 0 0
vt 0 0
vt 0 0
vt 0 0
vt 0 0
vt 0 0
vt 0 0
vt 0 0
vt 0 0
vt 0 0
vt 0 0
vt 0 0
vt 0 0
vt 0 0
vt 0 0
vt 0 0
vt 0 0
vt 0 0
vt 0 0
vt 0 0
vt 0 0
vt 0 0
vt 0 0
vt 0 0
vt 0 0
vt 0 0
vt 0 0
vt 0 0
vt 0 0
vt 0 0
vt 0 0
vt 0 0
vt 0 0
vt 0 0
vt 0 0
vt 0 0
vt 0 0
vt 0 0
vt 0 0
vt 0 0
vt 0 0
vt 0 0
vt 0 0
vt 0 0
vt 0 0
vt 0 0
vt 0 0
vt 0 0
vt 0 0
vt 0 0
vt 0 0
vt 0 0
vt 0 0
vt 0 0
vt 0 0
vt 0 0
vt 0 0
vt 0 0
vt 0 0
vt 0 0
vt 0 0
vt 0 0
vt 0 0
vt 0 0
vt 0 0
vt 0 0
vt 0 0
vt 0 0
vt 0 0
vt 0 0
vt 0 0
vt 0 0
vt 0 0
vt 0 0
vt 0 0
vt 0 0
vt 0 0
vt 0 0
vt 0 0
vt 0 0
vt 0 0
vt 0 0
vt 0 0
vt 0 0
vt 0 0
vt 0 0
vt 0 0
vt 0 0
vt 0 0
vt 0 0
vt 0 0
vt 0 0
vt 0 0
vt 0 0
vt 0 0
vt 0 0
vt 0 0
vt 0 0
vt 0 0
vt 0 0
vt 0 0
vt 0 0
vt 0 0
vt 0 0
vt 0 0
vt 0 0
vt 0 0
vt 0 0
vt 0 0
vt 0 0
vt 0 0
vt 0 0
vt 0 0
vt 0 0
vt 0 0
vt 0 0
vt 0 0
vt 0 0
vt 0 0
vt 0 0
vt 0 0
vt 0 0
vt 0 0
vt 0 0
vt 0 0
vt 0 0
vt 0 0
vt 0 0
vt 0 0
vt 0 0
vt 0 0
vt 0 0
vt 0 0
vt 0 0
vt 0 0
vt 0 0
vt 0 0
vt 0 0
vt 0 0
vt 0 0
vt 0 0
vt 0 0
vt 0 0
vt 0 0
vt 0 0
vt 0 0
vt 0 0
vt 0 0
vt 0 0
vt 0 0
vt 0 0
vt 0 0
vt 0 0
vt 0 0
vt 0 0
vt 0 0
vt 0 0
vt 0 0
vt 0 0
vt 0 0
vt 0 0
vt 0 0
vt 0 0
vt 0 0
vt 0 0
vt 0 0
vt 0 0
vt 0 0
vt 0 0
vt 0 0
vt 0 0
vt 0 0
vt 0 0
vt 0 0
vt 0 0
vt 0 0
vt 0 0
vt 0 0
vt 0 0
vt 0 0
vt 0 0
vt 0 0
vt 0 0
vt 0 0
vt 0 0
vt 0 0
vt 0 0
vt 0 0
vt 0 0
vt 0 0
vt 0 0
vt 0 0
vt 0 0
vt 0 0
vt 0 0
vt 0 0
vt 0 0
vt 0 0
vt 0 0
vt 0 0
vt 0 0
vt 0 0
vt 0 0
vt 0 0
vt 0 0
vt 0 0
vt 0 0
vt 0 0
vt 0 0
vt 0 0
vt 0 0
vt 0 0
vt 0 0
vt 0 0
vt 0 0
vt 0 0
vt 0 0
vt 0 0
vt 0 0
vt 0 0
vt 0 0
vt 0 0
vt 0 0
vt 0 0
vt 0 0
vt 0 0
vt 0 0
vt 0 0
vt 0 0
vt 0 0
vt 0 0
vt 0 0
vt 0 0
vt 0 0
vt 0 0
vt 0 0
vt 0 0
vt 0 0
vt 0 0
vt 0 0
vt 0 0
vt 0 0
vt 0 0
vt 0 0
vt 0 0
vt 0 0
vt 0 0
vt 0 0
vt 0 0
vt 0 0
vt 0 0
vt 0 0
vt 0 0
vt 0 0
vt 0 0
vt 0 0
vt 0 0
vt 0 0
vt 0 0
vt 0 0
vt 0 0
vt 0 0
vt 0 0
vt 0 0
vt 0 0
vt 0 0
vt 0 0
vt 0 0
vt 0 0
vt 0 0
vt 0 0
vt 0 0
vt 0 0
vt 0 0
vt 0 0
vt 0 0
vt 0 0
vt 0 0
vt 0 0
vt 0 0
vt 0 0
vt 0 0
vt 0 0
vt 0 0
vt 0 0
vt 0 0
vt 0 0
vt 0 0
vt 0 0
vt 0 0
vt 0 0
vt 0 0
vt 0 0
vt 0 0
vt 0 0
vt 0 0
vt 0 0
vt 0 0
vt 0 0
vt 0 0
vt 0 0
vt 0 0
vt 0 0
vt 0 0
vt 0 0
vt 0 0
vt 0 0
vt 0 0
vt 0 0
vt 0 0
vt 0 0
vt 0 0
vt 0 0
vt 0 0
vt 0 0
vt 0 0
vt 0 0
vt 0 0
vt 0 0
vt 0 0
vt 0 0
vt 0 0
vt 0 0
vt 0 0
vt 0 0
vt 0 0
vt 0 0
vt 0 0
vt 0 0
vt 0 0
vt 0 0
vt 0 0
vt 0 0
vt 0 0
vt 0 0
vt 0 0
vt 0 0
vt 0 0
vt 0 0
vt 0 0
vt 0 0
vt 0 0
vt 0 0
vt 0 0
vt 0 0
vt 0 0
vt 0 0
vt 0 0
vt 0 0
vt 0 0
vt 0 0
vt 0 0
vt 0 0
vt 0 0
vt 0 0
vt 0 0
vt 0 0
vt 0 0
vt 0 0
vt 0 0
vt 0 0
vt 0 0
vt 0 0
vt 0 0
vt 0 0
vt 0 0
vt 0 0
vt 0 0
vt 0 0
vt 0 0
vt 0 0
vt 0 0
vt 0 0
vt 0 0
vt 0 0
vt 0 0
vt 0 0
vt 0 0
vt 0 0
vt 0 0
vt 0 0
vt 0 0
vt 0 0
vt 0 0
vt 0 0
vt 0 0
vt 0 0
vt 0 0
vt 0 0
vt 0 0
vt 0 0
vt 0 0
vt 0 0
vt 0 0
vt 0 0
vt 0 0
vt 0 0
vt 0 0
vt 0 0
vt 0 0
vt 0 0
vt 0 0
vt 0 0
vt 0 0
vt 0 0
vt 0 0
vt 0 0
vt 0 0
vt 0 0
vt 0 0
vt 0 0
vt 0 0
vt 0 0
vt 0 0
vt 0 0
vt 0 0
vt 0 0
vt 0 0
vt 0 0
vt 0 0
vt 0 0
vt 0 0
vt 0 0
vt 0 0
vt 0 0
vt 0 0
vt 0 0
vt 0 0
vt 0 0
vt 0 0
vt 0 0
vt 0 0
vt 0 0
vt 0 0
vt 0 0
vt 0 0
vt 0 0
vt 0 0
vt 0 0
vt 0 0
vt 0 0
vt 0 0
vt 0 0
vt 0 0
vt 0 0
vt 0 0
vt 0 0
vt 0 0
vt 0 0
vt 0 0
vt 0 0
vt 0 0
vt 0 0
vt 0 0
vt 0 0
vt 0 0
vt 0 0
vt 0 0
vt 0 0
vt 0 0
vt 0 0
vt 0 0
vt 0 0
vt 0 0
vt 0 0
vt 0 0
vt 0 0
vt 0 0
vt 0 0
vt 0 0
vt 0 0
vt 0 0
vt 0 0
vt 0 0
vt 0 0
vt 0 0
vt 0 0
vt 0 0
vt 0 0
vt 0 0
vt 0 0
vt 0 0
vt 0 0
vt 0 0
vt 0 0
vt 0 0
vt 0 0
vt 0 0
vt 0 0
vt 0 0
vt 0 0
vt 0 0
vt 0 0
vt 0 0
vt 0 0
vt 0 0
vt 0 0
vt 0 0
vt 0 0
vt 0 0
vt 0 0
vt 0 0
vt 0 0
vt 0 0
vt 0 0
vt 0 0
vt 0 0
vt 0 0
vt 0 0
vt 0 0
vt 0 0
vt 0 0
vt 0 0
vt 0 0
vt 0 0
vt 0 0
vt 0 0
vt 0 0
vt 0 0
vt 0 0
vt 0 0
vt 0 0
vt 0 0
vt 0 0
vt 0 0
vt 0 0
vt 0 0
vt 0 0
vt 0 0
vt 0 0
vt 0 0
vt 0 0
vt 0 0
vt 0 0
vt 0 0
vt 0 0
vt 0 0
vt 0 0
vt 0 0
vt 0 0
vt 0 0
vt 0 0
vt 0 0
vt 0 0
vt 0 0
vt 0 0
vt 0 0
vt 0 0
vt 0 0
vt 0 0
vt 0 0
vt 0 0
vt 0 0
vt 0 0
vt 0 0
vt 0 0
vt 0 0
vt 0 0
vt 0 0
vt 0 0
vt 0 0
vt 0 0
vt 0 0
vt 0 0
vt 0 0
vt 0 0
vt 0 0
vt 0 0
vt 0 0
vt 0 0
vt 0 0
vt 0 0
vt 0 0
vt 0 0
vt 0 0
vt 0 0
vt 0 0
vt 0 0
vt 0 0
vt 0 0
vt 0 0
vt 0 0
vt 0 0
vt 0 0
vt 0 0
vt 0 0
vt 0 0
vt 0 0
vt 0 0
vt 0 0
vt 0 0
vt 0 0
vt 0 0
vt 0 0
vt 0 0
vt 0 0
vt 0 0
vt 0 0
vt 0 0
vt 0 0
vt 0 0
vt 0 0
vt 0 0
vt 0 0
vt 0 0
vt 0 0
vt 0 0
vt 0 0
vt 0 0
vt 0 0
vt 0 0
vt 0 0
vt 0 0
vt 0 0
vt 0 0
vt 0 0
vt 0 0
vt 0 0
vt 0 0
vt 0 0
vt 0 0
vt 0 0
vt 0 0
vt 0 0
vt 0 0
vt 0 0
vt 0 0
vt 0 0
vt 0 0
vt 0 0
vt 0 0
vt 0 0
vt 0 0
vt 0 0
vt 0 0
vt 0 0
vt 0 0
vt 0 0
vt 0 0
vt 0 0
vt 0 0
vt 0 0
vt 0 0
vt 0 0
vt 0 0
vt 0 0
vt 0 0
vt 0 0
vt 0 0
vt 0 0
vt 0 0
vt 0 0
vt 0 0
vt 0 0
vt 0 0
vt 0 0
vt 0 0
vt 0 0
vt 0 0
vt 0 0
vt 0 0
vt 0 0
vt 0 0
vt 0 0
vt 0 0
vt 0 0
vt 0 0
vt 0 0
vt 0 0
vt 0 0
vt 0 0
vt 0 0
vt 0 0
vt 0 0
vt 0 0
vt 0 0
vt 0 0
vt 0 0
vt 0 0
vt 0 0
vt 0 0
vt 0 0
vt 0 0
vt 0 0
vt 0 0
vt 0 0
vt 0 0
vt 0 0
vt 0 0
vt 0 0
vt 0 0
vt 0 0
vt 0 0
vt 0 0
vt 0 0
vt 0 0
vt 0 0
vt 0 0
vt 0 0
vt 0 0
vt 0 0
vt 0 0
vt 0 0
vt 0 0
vt 0 0
vt 0 0
vt 0 0
vt 0 0
vt 0 0
vt 0 0
vt 0 0
vt 0 0
vt 0 0
vt 0 0
vt 0 0
vt 0 0
vt 0 0
vt 0 0
vt 0 0
vt 0 0
vt 0 0
vt 0 0
vt 0 0
vt 0 0
vt 0 0
vt 0 0
vt 0 0
vt 0 0
vt 0 0
vt 0 0
vt 0 0
vt 0 0
vt 0 0
vt 0 0
vt 0 0
vt 0 0
vt 0 0
vt 0 0
vt 0 0
vt 0 0
vt 0 0
vt 0 0
vt 0 0
vt 0 0
vt 0 0
vt 0 0
vt 0 0
vt 0 0
vt 0 0
vt 0 0
vt 0 0
vt 0 0
vt 0 0
vt 0 0
vt 0 0
vt 0 0
vt 0 0
vt 0 0
vt 0 0
vt 0 0
vt 0 0
vt 0 0
vt 0 0
vt 0 0
vt 0 0
vt 0 0
vt 0 0
vt 0 0
vt 0 0
vt 0 0
vt 0 0
vt 0 0
vt 0 0
vt 0 0
vt 0 0
vt 0 0
vt 0 0
vt 0 0
vt 0 0
vt 0 0
vt 0 0
vt 0 0
vt 0 0
vt 0 0
vt 0 0
vt 0 0
vt 0 0
vt 0 0
vt 0 0
vt 0 0
vt 0 0
vt 0 0
vt 0 0
vt 0 0
vt 0 0
vt 0 0
vt 0 0
vt 0 0
vt 0 0
vt 0 0
vt 0 0
vt 0 0
vt 0 0
vt 0 0
vt 0 0
vt 0 0
vt 0 0
vt 0 0
vt 0 0
vt 0 0
vt 0 0
vt 0 0
vt 0 0
vt 0 0
vt 0 0
vt 0 0
vt 0 0
vt 0 0
vt 0 0
vt 0 0
vt 0 0
vt 0 0
vt 0 0
vt 0 0
vt 0 0
vt 0 0
vt 0 0
vt 0 0
vt 0 0
vt 0 0
vt 0 0
vt 0 0
vt 0 0
vt 0 0
vt 0 0
vt 0 0
vt 0 0
vt 0 0
vt 0 0
vt 0 0
vt 0 0
vt 0 0
vt 0 0
vt 0 0
vt 0 0
vt 0 0
vt 0 0
vt 0 0
vt 0 0
vt 0 0
vt 0 0
vt 0 0
vt 0 0
vt 0 0
vt 0 0
vt 0 0
vt 0 0
vt 0 0
vt 0 0
vt 0 0
vt 0 0
vt 0 0
vt 0 0
vt 0 0
vt 0 0
vt 0 0
vt 0 0
vt 0 0
vt 0 0
vt 0 0
vt 0 0
vt 0 0
vt 0 0
vt 0 0
vt 0 0
vt 0 0
vt 0 0
vt 0 0
vt 0 0
vt 0 0
vt 0 0
vt 0 0
vt 0 0
vt 0 0
vt 0 0
vt 0 0
vt 0 0
vt 0 0
vt 0 0
vt 0 0
vt 0 0
vt 0 0
vt 0 0
vt 0 0
vt 0 0
vt 0 0
vt 0 0
vt 0 0
vt 0 0
vt 0 0
vt 0 0
vt 0 0
vt 0 0
vt 0 0
vt 0 0
vt 0 0
vt 0 0
vt 0 0
vt 0 0
vt 0 0
vt 0 0
vt 0 0
vt 0 0
vt 0 0
vt 0 0
vt 0 0
vt 0 0
vt 0 0
vt 0 0
vt 0 0
vt 0 0
vt 0 0
vt 0 0
vt 0 0
vt 0 0
vt 0 0
vt 0 0
vt 0 0
vt 0 0
vt 0 0
vt 0 0
vt 0 0
vt 0 0
vt 0 0
vt 0 0
vt 0 0
vt 0 0
vt 0 0
vt 0 0
vt 0 0
vt 0 0
vt 0 0
vt 0 0
vt 0 0
vt 0 0
vt 0 0
vt 0 0
vt 0 0
vt 0 0
vt 0 0
vt 0 0
vt 0 0
vt 0 0
vt 0 0
vt 0 0
vt 0 0
vt 0 0
vt 0 0
vt 0 0
vt 0 0
vt 0 0
vt 0 0
vt 0 0
vt 0 0
vt 0 0
vt 0 0
vt 0 0
vt 0 0
vt 0 0
vt 0 0
vt 0 0
vt 0 0
vt 0 0
vt 0 0
vt 0 0
vt 0 0
vt 0 0
vt 0 0
vt 0 0
vt 0 0
vt 0 0
vt 0 0
vt 0 0
vt 0 0
vt 0 0
vt 0 0
vt 0 0
vt 0 0
vt 0 0
vt 0 0
vt 0 0
vt 0 0
vt 0 0
vt 0 0
vt 0 0
vt 0 0
vt 0 0
vt 0 0
vt 0 0
vt 0 0
vt 0 0
vt 0 0
vt 0 0
vt 0 0
vt 0 0
vt 0 0
vt 0 0
vt 0 0
vt 0 0
vt 0 0
vt 0 0
vt 0 0
vt 0 0
vt 0 0
vt 0 0
vt 0 0
vt 0 0
vt 0 0
vt 0 0
vt 0 0
vt 0 0
vt 0 0
vt 0 0
vt 0 0
vt 0 0
vt 0 0
vt 0 0
vt 0 0
vt 0 0
vt 0 0
vt 0 0
vt 0 0
vt 0 0
vt 0 0
vt 0 0
vt 0 0
vt 0 0
vt 0 0
vt 0 0
vt 0 0
vt 0 0
vt 0 0
vt 0 0
vt 0 0
vt 0 0
vt 0 0
vt 0 0
vt 0 0
vt 0 0
vt 0 0
vt 0 0
vt 0 0
vt 0 0
vt 0 0
vt 0 0
vt 0 0
vt 0 0
vt 0 0
vt 0 0
vt 0 0
vt 0 0
vt 0 0
vt 0 0
vt 0 0
vt 0 0
vt 0 0
vt 0 0
vt 0 0
vt 0 0
vt 0 0
vt 0 0
vt 0 0
vt 0 0
vt 0 0
vt 0 0
vt 0 0
vt 0 0
vt 0 0
vt 0 0
vt 0 0
vt 0 0
vt 0 0
vt 0 0
vt 0 0
vt 0 0
vt 0 0
vt 0 0
vt 0 0
vt 0 0
vt 0 0
vt 0 0
vt 0 0
vt 0 0
vt 0 0
vt 0 0
vt 0 0
vt 0 0
vt 0 0
vt 0 0
vt 0 0
vt 0 0
vt 0 0
vt 0 0
vt 0 0
vt 0 0
vt 0 0
vt 0 0
vt 0 0
vt 0 0
vt 0 0
vt 0 0
vt 0 0
vt 0 0
vt 0 0
vt 0 0
vt 0 0
vt 0 0
vt 0 0
vt 0 0
vt 0 0
vt 0 0
vt 0 0
vt 0 0
vt 0 0
vt 0 0
vt 0 0
vt 0 0
vt 0 0
vt 0 0
vt 0 0
vt 0 0
vt 0 0
vt 0 0
vt 0 0
vt 0 0
vt 0 0
vt 0 0
vt 0 0
vt 0 0
vt 0 0
vt 0 0
vt 0 0
vt 0 0
vt 0 0
vt 0 0
vt 0 0
vt 0 0
vt 0 0
vt 0 0
vt 0 0
vt 0 0
vt 0 0
vt 0 0
vt 0 0
vt 0 0
vt 0 0
vt 0 0
vt 0 0
vt 0 0
vt 0 0
vt 0 0
vt 0 0
vt 0 0
vt 0 0
vt 0 0
vt 0 0
vt 0 0
vt 0 0
vt 0 0
vt 0 0
vt 0 0
vt 0 0
vt 0 0
vt 0 0
vt 0 0
vt 0 0
vt 0 0
vt 0 0
vt 0 0
vt 0 0
vt 0 0
vt 0 0
vt 0 0
vt 0 0
vt 0 0
vt 0 0
vt 0 0
vt 0 0
vt 0 0
vt 0 0
vt 0 0
vt 0 0
vt 0 0
vt 0 0
vt 0 0
vt 0 0
vt 0 0
vt 0 0
vt 0 0
vt 0 0
vt 0 0
vt 0 0
vt 0 0
vt 0 0
vt 0 0
vt 0 0
vt 0 0
vt 0 0
vt 0 0
vt 0 0
vt 0 0
vt 0 0
vt 0 0
vt 0 0
vt 0 0
vt 0 0
vt 0 0
vt 0 0
vt 0 0
vt 0 0
vt 0 0
vt 0 0
vt 0 0
vt 0 0
vt 0 0
vt 0 0
vt 0 0
vt 0 0
vt 0 0
vt 0 0
vt 0 0
vt 0 0
vt 0 0
vt 0 0
vt 0 0
vt 0 0
vt 0 0
vt 0 0
vt 0 0
vt 0 0
vt 0 0
vt 0 0
vt 0 0
vt 0 0
vt 0 0
vt 0 0
vt 0 0
vt 0 0
vt 0 0
vt 0 0
vt 0 0
vt 0 0
vt 0 0
vt 0 0
vt 0 0
vt 0 0
vt 0 0
vt 0 0
vt 0 0
vt 0 0
vt 0 0
vt 0 0
vt 0 0
vt 0 0
vt 0 0
vt 0 0
vt 0 0
vt 0 0
vt 0 0
vt 0 0
vt 0 0
vt 0 0
vt 0 0
vt 0 0
vt 0 0
vt 0 0
vt 0 0
vt 0 0
vt 0 0
vt 0 0
vt 0 0
vt 0 0
vt 0 0
vt 0 0
vt 0 0
vt 0 0
vt 0 0
vt 0 0
vt 0 0
vt 0 0
vt 0 0
vt 0 0
vt 0 0
vt 0 0
vt 0 0
vt 0 0
vt 0 0
vt 0 0
vt 0 0
vt 0 0
vt 0 0
vt 0 0
vt 0 0
vt 0 0
vt 0 0
vt 0 0
vt 0 0
vt 0 0
vt 0 0
vt 0 0
vt 0 0
vt 0 0
vt 0 0
vt 0 0
vt 0 0
vt 0 0
vt 0 0
vt 0 0
vt 0 0
vt 0 0
vt 0 0
vt 0 0
vt 0 0
vt 0 0
vt 0 0
vt 0 0
vt 0 0
vt 0 0
vt 0 0
vt 0 0
vt 0 0
vt 0 0
vt 0 0
vt 0 0
vt 0 0
vt 0 0
vt 0 0
vt 0 0
vt 0 0
vt 0 0
vt 0 0
vt 0 0
vt 0 0
vt 0 0
vt 0 0
vt 0 0
vt 0 0
vt 0 0
vt 0 0
vt 0 0
vt 0 0
vt 0 0
vt 0 0
vt 0 0
vt 0 0
vt 0 0
vt 0 0
vt 0 0
vt 0 0
vt 0 0
vt 0 0
vt 0 0
vt 0 0
vt 0 0
vt 0 0
vt 0 0
vt 0 0
vt 0 0
vt 0 0
vt 0 0
vt 0 0
vt 0 0
vt 0 0
vt 0 0
vt 0 0
vt 0 0
vt 0 0
vt 0 0
vt 0 0
vt 0 0
vt 0 0
vt 0 0
vt 0 0
vt 0 0
vt 0 0
vt 0 0
vt 0 0
vt 0 0
vt 0 0
vt 0 0
vt 0 0
vt 0 0
vt 0 0
vt 0 0
vt 0 0
vt 0 0
vt 0 0
vt 0 0
vt 0 0
vt 0 0
vt 0 0
vt 0 0
vt 0 0
vt 0 0
vt 0 0
vt 0 0
vt 0 0
vt 0 0
vt 0 0
vt 0 0
vt 0 0
vt 0 0
vt 0 0
vt 0 0
vt 0 0
vt 0 0
vt 0 0
vt 0 0
vt 0 0
vt 0 0
vt 0 0
vt 0 0
vt 0 0
vt 0 0
vt 0 0
vt 0 0
vt 0 0
vt 0 0
vt 0 0
vt 0 0
vt 0 0
vt 0 0
vt 0 0
vt 0 0
vt 0 0
vt 0 0
vt 0 0
vt 0 0
vt 0 0
vt 0 0
vt 0 0
vt 0 0
vt 0 0
vt 0 0
vt 0 0
vt 0 0
vt 0 0
vt 0 0
vt 0 0
vt 0 0
vt 0 0
vt 0 0
vt 0 0
vt 0 0
vt 0 0
vt 0 0
vt 0 0
vt 0 0
vt 0 0
vt 0 0
vt 0 0
vt 0 0
vt 0 0
vt 0 0
vt 0 0
vt 0 0
vt 0 0
vt 0 0
vt 0 0
vt 0 0
vt 0 0
vt 0 0
vt 0 0
vt 0 0
vt 0 0
vt 0 0
vt 0 0
vt 0 0
vt 0 0
vt 0 0
vt 0 0
vt 0 0
vt 0 0
vt 0 0
vt 0 0
vt 0 0
vt 0 0
vt 0 0
vt 0 0
vt 0 0
vt 0 0
vt 0 0
vt 0 0
vt 0 0
vt 0 0
vt 0 0
vt 0 0
vt 0 0
vt 0 0
vt 0 0
vt 0 0
vt 0 0
vt 0 0
vt 0 0
vt 0 0
vt 0 0
vt 0 0
vt 0 0
vt 0 0
vt 0 0
vt 0 0
vt 0 0
vt 0 0
vt 0 0
vt 0 0
vt 0 0
vt 0 0
vt 0 0
vt 0 0
vt 0 0
vt 0 0
vt 0 0
vt 0 0
vt 0 0
vt 0 0
vt 0 0
vt 0 0
vt 0 0
vt 0 0
vt 0 0
vt 0 0
vt 0 0
vt 0 0
vt 0 0
vt 0 0
vt 0 0
vt 0 0
vt 0 0
vt 0 0
vt 0 0
vt 0 0
vt 0 0
vt 0 0
vt 0 0
vt 0 0
vt 0 0
vt 0 0
vt 0 0
vt 0 0
vt 0 0
vt 0 0
vt 0 0
vt 0 0
vt 0 0
vt 0 0
vt 0 0
vt 0 0
vt 0 0
vt 0 0
vt 0 0
vt 0 0
vt 0 0
vt 0 0
vt 0 0
vt 0 0
vt 0 0
vt 0 0
vt 0 0
vt 0 0
vt 0 0
vt 0 0
vt 0 0
vt 0 0
vt 0 0
vt 0 0
vt 0 0
vt 0 0
vt 0 0
vt 0 0
vt 0 0
vt 0 0
vt 0 0
vt 0 0
vt 0 0
vt 0 0
vt 0 0
vt 0 0
vt 0 0
vt 0 0
vt 0 0
vt 0 0
vt 0 0
vt 0 0
vt 0 0
vt 0 0
vt 0 0
vt 0 0
vt 0 0
vt 0 0
vt 0 0
vt 0 0
vt 0 0
vt 0 0
vt 0 0
vt 0 0
vt 0 0
vt 0 0
vt 0 0
vt 0 0
vt 0 0
vt 0 0
vt 0 0
vt 0 0
vt 0 0
vt 0 0
vt 0 0
vt 0 0
vt 0 0
vt 0 0
vt 0 0
vt 0 0
vt 0 0
vt 0 0
vt 0 0
vt 0 0
vt 0 0
vt 0 0
vt 0 0
vt 0 0
vt 0 0
vt 0 0
vt 0 0
vt 0 0
vt 0 0
vt 0 0
vt 0 0
vt 0 0
vt 0 0
vt 0 0
vt 0 0
vt 0 0
vt 0 0
vt 0 0
vt 0 0
vt 0 0
vt 0 0
vt 0 0
vt 0 0
vt 0 0
vt 0 0
vt 0 0
vt 0 0
vt 0 0
vt 0 0
vt 0 0
vt 0 0
vt 0 0
vt 0 0
vt 0 0
vt 0 0
vt 0 0
vt 0 0
vt 0 0
vt 0 0
vt 0 0
vt 0 0
vt 0 0
vt 0 0
vt 0 0
vt 0 0
vt 0 0
vt 0 0
vt 0 0
vt 0 0
vt 0 0
vt 0 0
vt 0 0
vt 0 0
vt 0 0
vt 0 0
vt 0 0
vt 0 0
vt 0 0
vt 0 0
vt 0 0
vt 0 0
vt 0 0
vt 0 0
vt 0 0
vt 0 0
vt 0 0
vt 0 0
vt 0 0
vt 0 0
vt 0 0
vt 0 0
vt 0 0
vt 0 0
vt 0 0
vt 0 0
vt 0 0
vt 0 0
vt 0 0
vt 0 0
vt 0 0
vt 0 0
vt 0 0
vt 0 0
vt 0 0
vt 0 0
vt 0 0
vt 0 0
vt 0 0
vt 0 0
vt 0 0
vt 0 0
vt 0 0
vt 0 0
vt 0 0
vt 0 0
vt 0 0
vt 0 0
vt 0 0
vt 0 0
vt 0 0
vt 0 0
vt 0 0
vt 0 0
vt 0 0
vt 0 0
vt 0 0
vt 0 0
vt 0 0
vt 0 0
vt 0 0
vt 0 0
vt 0 0
vt 0 0
vt 0 0
vt 0 0
vt 0 0
vt 0 0
vt 0 0
vt 0 0
vt 0 0
vt 0 0
vt 0 0
vt 0 0
vt 0 0
vt 0 0
vt 0 0
vt 0 0
vt 0 0
vt 0 0
vt 0 0
vt 0 0
vt 0 0
vt 0 0
vt 0 0
vt 0 0
vt 0 0
vt 0 0
vt 0 0
vt 0 0
vt 0 0
vt 0 0
vt 0 0
vt 0 0
vt 0 0
vt 0 0
vt 0 0
vt 0 0
vt 0 0
vt 0 0
vt 0 0
vt 0 0
vt 0 0
vt 0 0
vt 0 0
vt 0 0
vt 0 0
vt 0 0
vt 0 0
vt 0 0
vt 0 0
vt 0 0
vt 0 0
vt 0 0
vt 0 0
vt 0 0
vt 0 0
vt 0 0
vt 0 0
vt 0 0
vt 0 0
vt 0 0
vt 0 0
vt 0 0
vt 0 0
vt 0 0
vt 0 0
vt 0 0
vt 0 0
vt 0 0
vt 0 0
vt 0 0
vt 0 0
vt 0 0
vt 0 0
vt 0 0
vt 0 0
vt 0 0
vt 0 0
vt 0 0
vt 0 0
vt 0 0
vt 0 0
vt 0 0
vt 0 0
vt 0 0
vt 0 0
vt 0 0
vt 0 0
vt 0 0
vt 0 0
vt 0 0
vt 0 0
vt 0 0
vt 0 0
vt 0 0
vt 0 0
vt 0 0
vt 0 0
vt 0 0
vt 0 0
vt 0 0
vt 0 0
vt 0 0
vt 0 0
vt 0 0
vt 0 0
vt 0 0
vt 0 0
vt 0 0
vt 0 0
vt 0 0
vt 0 0
vt 0 0
vt 0 0
vt 0 0
vt 0 0
vt 0 0
vt 0 0
vt 0 0
vt 0 0
vt 0 0
vt 0 0
vt 0 0
vt 0 0
vt 0 0
vt 0 0
vt 0 0
vt 0 0
vt 0 0
vt 0 0
vt 0 0
vt 0 0
vt 0 0
vt 0 0
vt 0 0
vt 0 0
vt 0 0
vt 0 0
vt 0 0
vt 0 0
vt 0 0
vt 0 0
vt 0 0
vt 0 0
vt 0 0
vt 0 0
vt 0 0
vt 0 0
vt 0 0
vt 0 0
vt 0 0
vt 0 0
vt 0 0
vt 0 0
vt 0 0
vt 0 0
vt 0 0
vt 0 0
vt 0 0
vt 0 0
vt 0 0
vt 0 0
vt 0 0
vt 0 0
vt 0 0
vt 0 0
vt 0 0
vt 0 0
vt 0 0
vt 0 0
vt 0 0
vt 0 0
vt 0 0
vt 0 0
vt 0 0
vt 0 0
vt 0 0
vt 0 0
vt 0 0
vt 0 0
vt 0 0
vt 0 0
vt 0 0
vt 0 0
vt 0 0
vt 0 0
vt 0 0
vt 0 0
vt 0 0
vt 0 0
vt 0 0
vt 0 0
vt 0 0
vt 0 0
vt 0 0
vt 0 0
vt 0 0
vt 0 0
vt 0 0
vt 0 0
vt 0 0
vt 0 0
vt 0 0
vt 0 0
vt 0 0
vt 0 0
vt 0 0
vt 0 0
vt 0 0
vt 0 0
vt 0 0
vt 0 0
vt 0 0
vt 0 0
vt 0 0
vt 0 0
vt 0 0
vt 0 0
vt 0 0
vt 0 0
vt 0 0
vt 0 0
vt 0 0
vt 0 0
vt 0 0
vt 0 0
vt 0 0
vt 0 0
vt 0 0
vt 0 0
vt 0 0
vt 0 0
vt 0 0
vt 0 0
vt 0 0
vt 0 0
vt 0 0
vt 0 0
vt 0 0
vt 0 0
vt 0 0
vt 0 0
vt 0 0
vt 0 0
vt 0 0
vt 0 0
vt 0 0
vt 0 0
vt 0 0
vt 0 0
vt 0 0
vt 0 0
vt 0 0
vt 0 0
vt 0 0
vt 0 0
vt 0 0
vt 0 0
vt 0 0
vt 0 0
vt 0 0
vt 0 0
vt 0 0
vt 0 0
vt 0 0
vt 0 0
vt 0 0
vt 0 0
vt 0 0
vt 0 0
vt 0 0
vt 0 0
vt 0 0
vt 0 0
vt 0 0
vt 0 0
vt 0 0
vt 0 0
vt 0 0
vt 0 0
vt 0 0
vt 0 0
vt 0 0
vt 0 0
vt 0 0
vt 0 0
vt 0 0
vt 0 0
vt 0 0
vt 0 0
vt 0 0
vt 0 0
vt 0 0
vt 0 0
vt 0 0
vt 0 0
vt 0 0
vt 0 0
vt 0 0
vt 0 0
vt 0 0
vt 0 0
vt 0 0
vt 0 0
vt 0 0
vt 0 0
vt 0 0
vt 0 0
vt 0 0
vt 0 0
vt 0 0
vt 0 0
vt 0 0
vt 0 0
vt 0 0
vt 0 0
vt 0 0
vt 0 0
vt 0 0
vt 0 0
vt 0 0
vt 0 0
vt 0 0
vt 0 0
vt 0 0
vt 0 0
vt 0 0
vt 0 0
vt 0 0
vt 0 0
vt 0 0
vt 0 0
vt 0 0
vt 0 0
vt 0 0
vt 0 0
vt 0 0
vt 0 0
vt 0 0
vt 0 0
vt 0 0
vt 0 0
vt 0 0
vt 0 0
vt 0 0
vt 0 0
vt 0 0
vt 0 0
vt 0 0
vt 0 0
vt 0 0
vt 0 0
vt 0 0
vt 0 0
vt 0 0
vt 0 0
vt 0 0
vt 0 0
vt 0 0
vt 0 0
vt 0 0
vt 0 0
vt 0 0
vt 0 0
vt 0 0
vt 0 0
vt 0 0
vt 0 0
vt 0 0
vt 0 0
vt 0 0
vt 0 0
vt 0 0
vt 0 0
vt 0 0
vt 0 0
vt 0 0
vt 0 0
vt 0 0
vt 0 0
vt 0 0
vt 0 0
vt 0 0
vt 0 0
vt 0 0
vt 0 0
vt 0 0
vt 0 0
vt 0 0
vt 0 0
vt 0 0
vt 0 0
vt 0 0
vt 0 0
vt 0 0
vt 0 0
vt 0 0
vt 0 0
vt 0 0
vt 0 0
vt 0 0
vt 0 0
vt 0 0
vt 0 0
vt 0 0
vt 0 0
vt 0 0
vt 0 0
vt 0 0
vt 0 0
vt 0 0
vt 0 0
vt 0 0
vt 0 0
vt 0 0
vt 0 0
vt 0 0
vt 0 0
vt 0 0
vt 0 0
vt 0 0
vt 0 0
vt 0 0
vt 0 0
vt 0 0
vt 0 0
vt 0 0
vt 0 0
vt 0 0
vt 0 0
vt 0 0
vt 0 0
vt 0 0
vt 0 0
vt 0 0
vt 0 0
vt 0 0
vt 0 0
vt 0 0
vt 0 0
vt 0 0
vt 0 0
vt 0 0
vt 0 0
vt 0 0
vt 0 0
vt 0 0
vt 0 0
vt 0 0
vt 0 0
vt 0 0
vt 0 0
vt 0 0
vt 0 0
vt 0 0
vt 0 0
vt 0 0
vt 0 0
vt 0 0
vt 0 0
vt 0 0
vt 0 0
vt 0 0
vt 0 0
vt 0 0
vt 0 0
vt 0 0
vt 0 0
vt 0 0
vt 0 0
vt 0 0
vt 0 0
vt 0 0
vt 0 0
vt 0 0
vt 0 0
vt 0 0
vt 0 0
vt 0 0
vt 0 0
vt 0 0
vt 0 0
vt 0 0
vt 0 0
vt 0 0
vt 0 0
vt 0 0
vt 0 0
vt 0 0
vt 0 0
vt 0 0
vt 0 0
vt 0 0
vt 0 0
vt 0 0
vt 0 0
vt 0 0
vt 0 0
vt 0 0
vt 0 0
vt 0 0
vt 0 0
vt 0 0
vt 0 0
vt 0 0
vt 0 0
vt 0 0
vt 0 0
vt 0 0
vt 0 0
vt 0 0
vt 0 0
vt 0 0
vt 0 0
vt 0 0
vt 0 0
vt 0 0
vt 0 0
vt 0 0
vt 0 0
vt 0 0
vt 0 0
vt 0 0
vt 0 0
vt 0 0
vt 0 0
vt 0 0
vt 0 0
vt 0 0
vt 0 0
vt 0 0
vt 0 0
vt 0 0
vt 0 0
vt 0 0
vt 0 0
vt 0 0
vt 0 0
vt 0 0
vt 0 0
vt 0 0
vt 0 0
vt 0 0
vt 0 0
vt 0 0
vt 0 0
vt 0 0
vt 0 0
vt 0 0
vt 0 0
vt 0 0
vt 0 0
vt 0 0
vt 0 0
vt 0 0
vt 0 0
vt 0 0
vt 0 0
vt 0 0
vt 0 0
vt 0 0
vt 0 0
vt 0 0
vt 0 0
vt 0 0
vt 0 0
vt 0 0
vt 0 0
vt 0 0
vt 0 0
vt 0 0
vt 0 0
vt 0 0
vt 0 0
vt 0 0
vt 0 0
vt 0 0
vt 0 0
vt 0 0
vt 0 0
vt 0 0
vt 0 0
vt 0 0
vt 0 0
vt 0 0
vt 0 0
vt 0 0
vt 0 0
vt 0 0
vt 0 0
vt 0 0
vt 0 0
vt 0 0
vt 0 0
vt 0 0
vt 0 0
vt 0 0
vt 0 0
vt 0 0
vt 0 0
vt 0 0
vt 0 0
vt 0 0
vt 0 0
vt 0 0
vt 0 0
vt 0 0
vt 0 0
vt 0 0
vt 0 0
vt 0 0
vt 0 0
vt 0 0
vt 0 0
vt 0 0
vt 0 0
vt 0 0
vt 0 0
vt 0 0
vt 0 0
vt 0 0
vt 0 0
vt 0 0
vt 0 0
vt 0 0
vt 0 0
vt 0 0
vt 0 0
vt 0 0
vt 0 0
vt 0 0
vt 0 0
vt 0 0
vt 0 0
vt 0 0
vt 0 0
vt 0 0
vt 0 0
vt 0 0
vt 0 0
vt 0 0
vt 0 0
vt 0 0
vt 0 0
vt 0 0
vt 0 0
vt 0 0
vt 0 0
vt 0 0
vt 0 0
vt 0 0
vt 0 0
vt 0 0
vt 0 0
vt 0 0
vt 0 0
vt 0 0
vt 0 0
vt 0 0
vt 0 0
vt 0 0
vt 0 0
vt 0 0
vt 0 0
vt 0 0
vt 0 0
vt 0 0
vt 0 0
vt 0 0
vt 0 0
vt 0 0
vt 0 0
vt 0 0
vt 0 0
vt 0 0
vt 0 0
vt 0 0
vt 0 0
vt 0 0
vt 0 0
vt 0 0
vt 0 0
vt 0 0
vt 0 0
vt 0 0
vt 0 0
vt 0 0
vt 0 0
vt 0 0
vt 0 0
vt 0 0
vt 0 0
vt 0 0
vt 0 0
vt 0 0
vt 0 0
vt 0 0
vt 0 0
vt 0 0
vt 0 0
vt 0 0
vt 0 0
vt 0 0
vt 0 0
vt 0 0
vt 0 0
vt 0 0
vt 0 0
vt 0 0
vt 0 0
vt 0 0
vt 0 0
vt 0 0
vt 0 0
vt 0 0
vt 0 0
vt 0 0
vt 0 0
vt 0 0
vt 0 0
vt 0 0
vt 0 0
vt 0 0
vt 0 0
vt 0 0
vt 0 0
vt 0 0
vt 0 0
vt 0 0
vt 0 0
vt 0 0
vt 0 0
vt 0 0
vt 0 0
vt 0 0
vt 0 0
vt 0 0
vt 0 0
vt 0 0
vt 0 0
vt 0 0
vt 0 0
vt 0 0
vt 0 0
vt 0 0
vt 0 0
vt 0 0
vt 0 0
vt 0 0
vt 0 0
vt 0 0
vt 0 0
vt 0 0
vt 0 0
vt 0 0
vt 0 0
vt 0 0
vt 0 0
vt 0 0
vt 0 0
vt 0 0
vt 0 0
vt 0 0
vt 0 0
vt 0 0
vt 0 0
vt 0 0
vt 0 0
vt 0 0
vt 0 0
vt 0 0
vt 0 0
vt 0 0
vt 0 0
vt 0 0
vt 0 0
vt 0 0
vt 0 0
vt 0 0
vt 0 0
vt 0 0
vt 0 0
vt 0 0
vt 0 0
vt 0 0
vt 0 0
vt 0 0
vt 0 0
vt 0 0
vt 0 0
vt 0 0
vt 0 0
vt 0 0
vt 0 0
vt 0 0
vt 0 0
vt 0 0
vt 0 0
vt 0 0
vt 0 0
vt 0 0
vt 0 0
vt 0 0
vt 0 0
vt 0 0
vt 0 0
vt 0 0
vt 0 0
vt 0 0
vt 0 0
vt 0 0
vt 0 0
vt 0 0
vt 0 0
vt 0 0
vt 0 0
vt 0 0
vt 0 0
vt 0 0
vt 0 0
vt 0 0
vt 0 0
vt 0 0
vt 0 0
vt 0 0
vt 0 0
vt 0 0
vt 0 0
vt 0 0
vt 0 0
vt 0 0
vt 0 0
vt 0 0
vt 0 0
vt 0 0
vt 0 0
vt 0 0
vt 0 0
vt 0 0
vt 0 0
vt 0 0
vt 0 0
vt 0 0
vt 0 0
vt 0 0
vt 0 0
vt 0 0
vt 0 0
vt 0 0
vt 0 0
vt 0 0
vt 0 0
vt 0 0
vt 0 0
vt 0 0
vt 0 0
vt 0 0
vt 0 0
vt 0 0
vt 0 0
vt 0 0
vt 0 0
vt 0 0
vt 0 0
vt 0 0
vt 0 0
vt 0 0
vt 0 0
vt 0 0
vt 0 0
vt 0 0
vt 0 0
vt 0 0
vt 0 0
vt 0 0
vt 0 0
vt 0 0
vt 0 0
vt 0 0
vt 0 0
vt 0 0
vt 0 0
vt 0 0
vt 0 0
vt 0 0
vt 0 0
vt 0 0
vt 0 0
vt 0 0
vt 0 0
vt 0 0
vt 0 0
vt 0 0
vt 0 0
vt 0 0
vt 0 0
vt 0 0
vt 0 0
vt 0 0
vt 0 0
vt 0 0
vt 0 0
vt 0 0
vt 0 0
vt 0 0
vt 0 0
vt 0 0
vt 0 0
vt 0 0
vt 0 0
vt 0 0
vt 0 0
vt 0 0
vt 0 0
vt 0 0
vt 0 0
vt 0 0
vt 0 0
vt 0 0
vt 0 0
vt 0 0
vt 0 0
vt 0 0
vt 0 0
vt 0 0
vt 0 0
vt 0 0
vt 0 0
vt 0 0
vt 0 0
vt 0 0
vt 0 0
vt 0 0
vt 0 0
vt 0 0
vt 0 0
vt 0 0
vt 0 0
vt 0 0
vt 0 0
vt 0 0
vt 0 0
vt 0 0
vt 0 0
vt 0 0
vt 0 0
vt 0 0
vt 0 0
vt 0 0
vt 0 0
vt 0 0
vt 0 0
vt 0 0
vt 0 0
vt 0 0
vt 0 0
vt 0 0
vt 0 0
vt 0 0
vt 0 0
vt 0 0
vt 0 0
vt 0 0
vt 0 0
vt 0 0
vt 0 0
vt 0 0
vt 0 0
vt 0 0
vt 0 0
vt 0 0
vt 0 0
vt 0 0
vt 0 0
vt 0 0
vt 0 0
vt 0 0
vt 0 0
vt 0 0
vt 0 0
vt 0 0
vt 0 0
vt 0 0
vt 0 0
vt 0 0
vt 0 0
vt 0 0
vt 0 0
vt 0 0
vt 0 0
vt 0 0
vt 0 0
vt 0 0
vt 0 0
vt 0 0
vt 0 0
vt 0 0
vt 0 0
vt 0 0
vt 0 0
vt 0 0
vt 0 0
vt 0 0
vt 0 0
vt 0 0
vt 0 0
vt 0 0
vt 0 0
vt 0 0
vt 0 0
vt 0 0
vt 0 0
vt 0 0
vt 0 0
vt 0 0
vt 0 0
vt 0 0
vt 0 0
vt 0 0
vt 0 0
vt 0 0
vt 0 0
vt 0 0
vt 0 0
vt 0 0
vt 0 0
vt 0 0
vt 0 0
vt 0 0
vt 0 0
vt 0 0
vt 0 0
vt 0 0
vt 0 0
vt 0 0
vt 0 0
vt 0 0
vt 0 0
vt 0 0
vt 0 0
vt 0 0
vt 0 0
vt 0 0
vt 0 0
vt 0 0
vt 0 0
vt 0 0
vt 0 0
vt 0 0
vt 0 0
vt 0 0
vt 0 0
vt 0 0
vt 0 0
vt 0 0
vt 0 0
vt 0 0
vt 0 0
vt 0 0
vt 0 0
vt 0 0
vt 0 0
vt 0 0
vt 0 0
vt 0 0
vt 0 0
vt 0 0
vt 0 0
vt 0 0
vt 0 0
vt 0 0
vt 0 0
vt 0 0
vt 0 0
vt 0 0
vt 0 0
vt 0 0
vt 0 0
vt 0 0
vt 0 0
vt 0 0
vt 0 0
vt 0 0
vt 0 0
vt 0 0
vt 0 0
vt 0 0
vt 0 0
vt 0 0
vt 0 0
vt 0 0
vt 0 0
vt 0 0
vt 0 0
vt 0 0
vt 0 0
vt 0 0
vt 0 0
vt 0 0
vt 0 0
vt 0 0
vt 0 0
vt 0 0
vt 0 0
vt 0 0
vt 0 0
vt 0 0
vt 0 0
vt 0 0
vt 0 0
vt 0 0
vt 0 0
vt 0 0
vt 0 0
vt 0 0
vt 0 0
vt 0 0
vt 0 0
vt 0 0
vt 0 0
vt 0 0
vt 0 0
vt 0 0
vt 0 0
vt 0 0
vt 0 0
vt 0 0
vt 0 0
vt 0 0
vt 0 0
vt 0 0
vt 0 0
vt 0 0
vt 0 0
vt 0 0
vt 0 0
vt 0 0
vt 0 0
vt 0 0
vt 0 0
vt 0 0
vt 0 0
vt 0 0
vt 0 0
vt 0 0
vt 0 0
vt 0 0
vt 0 0
vt 0 0
vt 0 0
vt 0 0
vt 0 0
vt 0 0
vt 0 0
vt 0 0
vt 0 0
vt 0 0
vt 0 0
vt 0 0
vt 0 0
vt 0 0
vt 0 0
vt 0 0
vt 0 0
vt 0 0
vt 0 0
vt 0 0
vt 0 0
vt 0 0
vt 0 0
vt 0 0
vt 0 0
vt 0 0
vt 0 0
vt 0 0
vt 0 0
vt 0 0
vt 0 0
vt 0 0
vt 0 0
vt 0 0
vt 0 0
vt 0 0
vt 0 0
vt 0 0
vt 0 0
vt 0 0
vt 0 0
vt 0 0
vt 0 0
vt 0 0
vt 0 0
vt 0 0
vt 0 0
vt 0 0
vt 0 0
vt 0 0
vt 0 0
vt 0 0
vt 0 0
vt 0 0
vt 0 0
vt 0 0
vt 0 0
vt 0 0
vt 0 0
vt 0 0
vt 0 0
vt 0 0
vt 0 0
vt 0 0
vt 0 0
vt 0 0
vt 0 0
vt 0 0
vt 0 0
vt 0 0
vt 0 0
vt 0 0
vt 0 0
vt 0 0
vt 0 0
vt 0 0
vt 0 0
vt 0 0
vt 0 0
vt 0 0
vt 0 0
vt 0 0
vt 0 0
vt 0 0
vt 0 0
vt 0 0
vt 0 0
vt 0 0
vt 0 0
vt 0 0
vt 0 0
vt 0 0
vt 0 0
vt 0 0
vt 0 0
vt 0 0
vt 0 0
vt 0 0
vt 0 0
vt 0 0
vt 0 0
vt 0 0
vt 0 0
vt 0 0
vt 0 0
vt 0 0
vt 0 0
vt 0 0
vt 0 0
vt 0 0
vt 0 0
vt 0 0
vt 0 0
vt 0 0
vt 0 0
vt 0 0
vt 0 0
vt 0 0
vt 0 0
vt 0 0
vt 0 0
vt 0 0
vt 0 0
vt 0 0
vt 0 0
vt 0 0
vt 0 0
vt 0 0
vt 0 0
vt 0 0
vt 0 0
vt 0 0
vt 0 0
vt 0 0
vt 0 0
vt 0 0
vt 0 0
vt 0 0
vt 0 0
vt 0 0
vt 0 0
vt 0 0
vt 0 0
vt 0 0
vt 0 0
vt 0 0
vt 0 0
vt 0 0
vt 0 0
vt 0 0
vt 0 0
vt 0 0
vt 0 0
vt 0 0
vt 0 0
vt 0 0
vt 0 0
vt 0 0
vt 0 0
vt 0 0
vt 0 0
vt 0 0
vt 0 0
vt 0 0
vt 0 0
vt 0 0
vt 0 0
vt 0 0
vt 0 0
vt 0 0
vt 0 0
vt 0 0
vt 0 0
vt 0 0
vt 0 0
vt 0 0
vt 0 0
vt 0 0
vt 0 0
vt 0 0
vt 0 0
vt 0 0
vt 0 0
vt 0 0
vt 0 0
vt 0 0
vt 0 0
vt 0 0
vt 0 0
vt 0 0
vt 0 0
vt 0 0
vt 0 0
vt 0 0
vt 0 0
vt 0 0
vt 0 0
vt 0 0
vt 0 0
vt 0 0
vt 0 0
vt 0 0
vt 0 0
vt 0 0
vt 0 0
vt 0 0
vt 0 0
vt 0 0
vt 0 0
vt 0 0
vt 0 0
vt 0 0
vt 0 0
vt 0 0
vt 0 0
vt 0 0
vt 0 0
vt 0 0
vt 0 0
vt 0 0
vt 0 0
vt 0 0
vt 0 0
vt 0 0
vt 0 0
vt 0 0
vt 0 0
vt 0 0
vt 0 0
vt 0 0
vt 0 0
vt 0 0
vt 0 0
vt 0 0
vt 0 0
vt 0 0
vt 0 0
vt 0 0
vt 0 0
vt 0 0
vt 0 0
vt 0 0
vt 0 0
vt 0 0
vt 0 0
vt 0 0
vt 0 0
vt 0 0
vt 0 0
vt 0 0
vt 0 0
vt 0 0
vt 0 0
vt 0 0
vt 0 0
vt 0 0
vt 0 0
vt 0 0
vt 0 0
vt 0 0
vt 0 0
vt 0 0
vt 0 0
vt 0 0
vt 0 0
vt 0 0
vt 0 0
vt 0 0
vt 0 0
vt 0 0
vt 0 0
vt 0 0
vt 0 0
vt 0 0
vt 0 0
vt 0 0
vt 0 0
vt 0 0
vt 0 0
vt 0 0
vt 0 0
vt 0 0
vt 0 0
vt 0 0
vt 0 0
vt 0 0
vt 0 0
vt 0 0
vt 0 0
vt 0 0
vt 0 0
vt 0 0
vt 0 0
vt 0 0
vt 0 0
vt 0 0
vt 0 0
vt 0 0
vt 0 0
vt 0 0
vt 0 0
vt 0 0
vt 0 0
vt 0 0
vt 0 0
vt 0 0
vt 0 0
vt 0 0
vt 0 0
vt 0 0
vt 0 0
vt 0 0
vt 0 0
vt 0 0
vt 0 0
vt 0 0
vt 0 0
vt 0 0
vt 0 0
vt 0 0
vt 0 0
vt 0 0
vt 0 0
vt 0 0
vt 0 0
vt 0 0
vt 0 0
vt 0 0
vt 0 0
vt 0 0
vt 0 0
vt 0 0
vt 0 0
vt 0 0
vt 0 0
vt 0 0
vt 0 0
vt 0 0
vt 0 0
vt 0 0
vt 0 0
vt 0 0
vt 0 0
vt 0 0
vt 0 0
vt 0 0
vt 0 0
vt 0 0
vt 0 0
vt 0 0
vt 0 0
vt 0 0
vt 0 0
vt 0 0
vt 0 0
vt 0 0
vt 0 0
vt 0 0
vt 0 0
vt 0 0
vt 0 0
vt 0 0
vt 0 0
vt 0 0
vt 0 0
vt 0 0
vt 0 0
vt 0 0
vt 0 0
vt 0 0
vt 0 0
vt 0 0
vt 0 0
vt 0 0
vt 0 0
vt 0 0
vt 0 0
vt 0 0
vt 0 0
vt 0 0
vt 0 0
vt 0 0
vt 0 0
vt 0 0
vt 0 0
vt 0 0
vt 0 0
vt 0 0
vt 0 0
vt 0 0
vt 0 0
vt 0 0
vt 0 0
vt 0 0
vt 0 0
vt 0 0
vt 0 0
vt 0 0
vt 0 0
vt 0 0
vt 0 0
vt 0 0
vt 0 0
vt 0 0
vt 0 0
vt 0 0
vt 0 0
vt 0 0
vt 0 0
vt 0 0
vt 0 0
vt 0 0
vt 0 0
vt 0 0
vt 0 0
vt 0 0
vt 0 0
vt 0 0
vt 0 0
vt 0 0
vt 0 0
vt 0 0
vt 0 0
vt 0 0
vt 0 0
vt 0 0
vt 0 0
vt 0 0
vt 0 0
vt 0 0
vt 0 0
vt 0 0
vt 0 0
vt 0 0
vt 0 0
vt 0 0
vt 0 0
vt 0 0
vt 0 0
vt 0 0
vt 0 0
vt 0 0
vt 0 0
vt 0 0
vt 0 0
vt 0 0
vt 0 0
vt 0 0
vt 0 0
vt 0 0
vt 0 0
vt 0 0
vt 0 0
vt 0 0
vt 0 0
vt 0 0
vt 0 0
vt 0 0
vt 0 0
vt 0 0
vt 0 0
vt 0 0
vt 0 0
vt 0 0
vt 0 0
vt 0 0
vt 0 0
vt 0 0
vt 0 0
vt 0 0
vt 0 0
vt 0 0
vt 0 0
vt 0 0
vt 0 0
vt 0 0
vt 0 0
vt 0 0
vt 0 0
vt 0 0
vt 0 0
vt 0 0
vt 0 0
vt 0 0
vt 0 0
vt 0 0
vt 0 0
vt 0 0
vt 0 0
vt 0 0
vt 0 0
vt 0 0
vt 0 0
vt 0 0
vt 0 0
vt 0 0
vt 0 0
vt 0 0
vt 0 0
vt 0 0
vt 0 0
vt 0 0
vt 0 0
vt 0 0
vt 0 0
# 8748 elements written
f 1/1/ 2/2/ 3/3/ 
f 4/4/ 5/5/ 6/6/ 
f 7/7/ 8/8/ 9/9/ 
f 10/10/ 11/11/ 12/12/ 
f 13/13/ 14/14/ 15/15/ 
f 16/16/ 17/17/ 18/18/ 
f 19/19/ 20/20/ 21/21/ 
f 22/22/ 23/23/ 24/24/ 
f 25/25/ 26/26/ 27/27/ 
f 28/28/ 29/29/ 30/30/ 
f 31/31/ 32/32/ 33/33/ 
f 34/34/ 35/35/ 36/36/ 
f 37/37/ 38/38/ 39/39/ 
f 40/40/ 41/41/ 42/42/ 
f 43/43/ 44/44/ 45/45/ 
f 46/46/ 47/47/ 48/48/ 
f 49/49/ 50/50/ 51/51/ 
f 52/52/ 53/53/ 54/54/ 
f 55/55/ 56/56/ 57/57/ 
f 58/58/ 59/59/ 60/60/ 
f 61/61/ 62/62/ 63/63/ 
f 64/64/ 65/65/ 66/66/ 
f 67/67/ 68/68/ 69/69/ 
f 70/70/ 71/71/ 72/72/ 
f 73/73/ 74/74/ 75/75/ 
f 76/76/ 77/77/ 78/78/ 
f 79/79/ 80/80/ 81/81/ 
f 82/82/ 83/83/ 84/84/ 
f 85/85/ 86/86/ 87/87/ 
f 88/88/ 89/89/ 90/90/ 
f 91/91/ 92/92/ 93/93/ 
f 94/94/ 95/95/ 96/96/ 
f 97/97/ 98/98/ 99/99/ 
f 100/100/ 101/101/ 102/102/ 
f 103/103/ 104/104/ 105/105/ 
f 106/106/ 107/107/ 108/108/ 
f 109/109/ 110/110/ 111/111/ 
f 112/112/ 113/113/ 114/114/ 
f 115/115/ 116/116/ 117/117/ 
f 118/118/ 119/119/ 120/120/ 
f 121/121/ 122/122/ 123/123/ 
f 124/124/ 125/125/ 126/126/ 
f 127/127/ 128/128/ 129/129/ 
f 130/130/ 131/131/ 132/132/ 
f 133/133/ 134/134/ 135/135/ 
f 136/136/ 137/137/ 138/138/ 
f 139/139/ 140/140/ 141/141/ 
f 142/142/ 143/143/ 144/144/ 
f 145/145/ 146/146/ 147/147/ 
f 148/148/ 149/149/ 150/150/ 
f 151/151/ 152/152/ 153/153/ 
f 154/154/ 155/155/ 156/156/ 
f 157/157/ 158/158/ 159/159/ 
f 160/160/ 161/161/ 162/162/ 
f 163/163/ 164/164/ 165/165/ 
f 166/166/ 167/167/ 168/168/ 
f 169/169/ 170/170/ 171/171/ 
f 172/172/ 173/173/ 174/174/ 
f 175/175/ 176/176/ 177/177/ 
f 178/178/ 179/179/ 180/180/ 
f 181/181/ 182/182/ 183/183/ 
f 184/184/ 185/185/ 186/186/ 
f 187/187/ 188/188/ 189/189/ 
f 190/190/ 191/191/ 192/192/ 
f 193/193/ 194/194/ 195/195/ 
f 196/196/ 197/197/ 198/198/ 
f 199/199/ 200/200/ 201/201/ 
f 202/202/ 203/203/ 204/204/ 
f 205/205/ 206/206/ 207/207/ 
f 208/208/ 209/209/ 210/210/ 
f 211/211/ 212/212/ 213/213/ 
f 214/214/ 215/215/ 216/216/ 
f 217/217/ 218/218/ 219/219/ 
f 220/220/ 221/221/ 222/222/ 
f 223/223/ 224/224/ 225/225/ 
f 226/226/ 227/227/ 228/228/ 
f 229/229/ 230/230/ 231/231/ 
f 232/232/ 233/233/ 234/234/ 
f 235/235/ 236/236/ 237/237/ 
f 238/238/ 239/239/ 240/240/ 
f 241/241/ 242/242/ 243/243/ 
f 244/244/ 245/245/ 246/246/ 
f 247/247/ 248/248/ 249/249/ 
f 250/250/ 251/251/ 252/252/ 
f 253/253/ 254/254/ 255/255/ 
f 256/256/ 257/257/ 258/258/ 
f 259/259/ 260/260/ 261/261/ 
f 262/262/ 263/263/ 264/264/ 
f 265/265/ 266/266/ 267/267/ 
f 268/268/ 269/269/ 270/270/ 
f 271/271/ 272/272/ 273/273/ 
f 274/274/ 275/275/ 276/276/ 
f 277/277/ 278/278/ 279/279/ 
f 280/280/ 281/281/ 282/282/ 
f 283/283/ 284/284/ 285/285/ 
f 286/286/ 287/287/ 288/288/ 
f 289/289/ 290/290/ 291/291/ 
f 292/292/ 293/293/ 294/294/ 
f 295/295/ 296/296/ 297/297/ 
f 298/298/ 299/299/ 300/300/ 
f 301/301/ 302/302/ 303/303/ 
f 304/304/ 305/305/ 306/306/ 
f 307/307/ 308/308/ 309/309/ 
f 310/310/ 311/311/ 312/312/ 
f 313/313/ 314/314/ 315/315/ 
f 316/316/ 317/317/ 318/318/ 
f 319/319/ 320/320/ 321/321/ 
f 322/322/ 323/323/ 324/324/ 
f 325/325/ 326/326/ 327/327/ 
f 328/328/ 329/329/ 330/330/ 
f 331/331/ 332/332/ 333/333/ 
f 334/334/ 335/335/ 336/336/ 
f 337/337/ 338/338/ 339/339/ 
f 340/340/ 341/341/ 342/342/ 
f 343/343/ 344/344/ 345/345/ 
f 346/346/ 347/347/ 348/348/ 
f 349/349/ 350/350/ 351/351/ 
f 352/352/ 353/353/ 354/354/ 
f 355/355/ 356/356/ 357/357/ 
f 358/358/ 359/359/ 360/360/ 
f 361/361/ 362/362/ 363/363/ 
f 364/364/ 365/365/ 366/366/ 
f 367/367/ 368/368/ 369/369/ 
f 370/370/ 371/371/ 372/372/ 
f 373/373/ 374/374/ 375/375/ 
f 376/376/ 377/377/ 378/378/ 
f 379/379/ 380/380/ 381/381/ 
f 382/382/ 383/383/ 384/384/ 
f 385/385/ 386/386/ 387/387/ 
f 388/388/ 389/389/ 390/390/ 
f 391/391/ 392/392/ 393/393/ 
f 394/394/ 395/395/ 396/396/ 
f 397/397/ 398/398/ 399/399/ 
f 400/400/ 401/401/ 402/402/ 
f 403/403/ 404/404/ 405/405/ 
f 406/406/ 407/407/ 408/408/ 
f 409/409/ 410/410/ 411/411/ 
f 412/412/ 413/413/ 414/414/ 
f 415/415/ 416/416/ 417/417/ 
f 418/418/ 419/419/ 420/420/ 
f 421/421/ 422/422/ 423/423/ 
f 424/424/ 425/425/ 426/426/ 
f 427/427/ 428/428/ 429/429/ 
f 430/430/ 431/431/ 432/432/ 
f 433/433/ 434/434/ 435/435/ 
f 436/436/ 437/437/ 438/438/ 
f 439/439/ 440/440/ 441/441/ 
f 442/442/ 443/443/ 444/444/ 
f 445/445/ 446/446/ 447/447/ 
f 448/448/ 449/449/ 450/450/ 
f 451/451/ 452/452/ 453/453/ 
f 454/454/ 455/455/ 456/456/ 
f 457/457/ 458/458/ 459/459/ 
f 460/460/ 461/461/ 462/462/ 
f 463/463/ 464/464/ 465/465/ 
f 466/466/ 467/467/ 468/468/ 
f 469/469/ 470/470/ 471/471/ 
f 472/472/ 473/473/ 474/474/ 
f 475/475/ 476/476/ 477/477/ 
f 478/478/ 479/479/ 480/480/ 
f 481/481/ 482/482/ 483/483/ 
f 484/484/ 485/485/ 486/486/ 
f 487/487/ 488/488/ 489/489/ 
f 490/490/ 491/491/ 492/492/ 
f 493/493/ 494/494/ 495/495/ 
f 496/496/ 497/497/ 498/498/ 
f 499/499/ 500/500/ 501/501/ 
f 502/502/ 503/503/ 504/504/ 
f 505/505/ 506/506/ 507/507/ 
f 508/508/ 509/509/ 510/510/ 
f 511/511/ 512/512/ 513/513/ 
f 514/514/ 515/515/ 516/516/ 
f 517/517/ 518/518/ 519/519/ 
f 520/520/ 521/521/ 522/522/ 
f 523/523/ 524/524/ 525/525/ 
f 526/526/ 527/527/ 528/528/ 
f 529/529/ 530/530/ 531/531/ 
f 532/532/ 533/533/ 534/534/ 
f 535/535/ 536/536/ 537/537/ 
f 538/538/ 539/539/ 540/540/ 
f 541/541/ 542/542/ 543/543/ 
f 544/544/ 545/545/ 546/546/ 
f 547/547/ 548/548/ 549/549/ 
f 550/550/ 551/551/ 552/552/ 
f 553/553/ 554/554/ 555/555/ 
f 556/556/ 557/557/ 558/558/ 
f 559/559/ 560/560/ 561/561/ 
f 562/562/ 563/563/ 564/564/ 
f 565/565/ 566/566/ 567/567/ 
f 568/568/ 569/569/ 570/570/ 
f 571/571/ 572/572/ 573/573/ 
f 574/574/ 575/575/ 576/576/ 
f 577/577/ 578/578/ 579/579/ 
f 580/580/ 581/581/ 582/582/ 
f 583/583/ 584/584/ 585/585/ 
f 586/586/ 587/587/ 588/588/ 
f 589/589/ 590/590/ 591/591/ 
f 592/592/ 593/593/ 594/594/ 
f 595/595/ 596/596/ 597/597/ 
f 598/598/ 599/599/ 600/600/ 
f 601/601/ 602/602/ 603/603/ 
f 604/604/ 605/605/ 606/606/ 
f 607/607/ 608/608/ 609/609/ 
f 610/610/ 611/611/ 612/612/ 
f 613/613/ 614/614/ 615/615/ 
f 616/616/ 617/617/ 618/618/ 
f 619/619/ 620/620/ 621/621/ 
f 622/622/ 623/623/ 624/624/ 
f 625/625/ 626/626/ 627/627/ 
f 628/628/ 629/629/ 630/630/ 
f 631/631/ 632/632/ 633/633/ 
f 634/634/ 635/635/ 636/636/ 
f 637/637/ 638/638/ 639/639/ 
f 640/640/ 641/641/ 642/642/ 
f 643/643/ 644/644/ 645/645/ 
f 646/646/ 647/647/ 648/648/ 
f 649/649/ 650/650/ 651/651/ 
f 652/652/ 653/653/ 654/654/ 
f 655/655/ 656/656/ 657/657/ 
f 658/658/ 659/659/ 660/660/ 
f 661/661/ 662/662/ 663/663/ 
f 664/664/ 665/665/ 666/666/ 
f 667/667/ 668/668/ 669/669/ 
f 670/670/ 671/671/ 672/672/ 
f 673/673/ 674/674/ 675/675/ 
f 676/676/ 677/677/ 678/678/ 
f 679/679/ 680/680/ 681/681/ 
f 682/682/ 683/683/ 684/684/ 
f 685/685/ 686/686/ 687/687/ 
f 688/688/ 689/689/ 690/690/ 
f 691/691/ 692/692/ 693/693/ 
f 694/694/ 695/695/ 696/696/ 
f 697/697/ 698/698/ 699/699/ 
f 700/700/ 701/701/ 702/702/ 
f 703/703/ 704/704/ 705/705/ 
f 706/706/ 707/707/ 708/708/ 
f 709/709/ 710/710/ 711/711/ 
f 712/712/ 713/713/ 714/714/ 
f 715/715/ 716/716/ 717/717/ 
f 718/718/ 719/719/ 720/720/ 
f 721/721/ 722/722/ 723/723/ 
f 724/724/ 725/725/ 726/726/ 
f 727/727/ 728/728/ 729/729/ 
f 730/730/ 731/731/ 732/732/ 
f 733/733/ 734/734/ 735/735/ 
f 736/736/ 737/737/ 738/738/ 
f 739/739/ 740/740/ 741/741/ 
f 742/742/ 743/743/ 744/744/ 
f 745/745/ 746/746/ 747/747/ 
f 748/748/ 749/749/ 750/750/ 
f 751/751/ 752/752/ 753/753/ 
f 754/754/ 755/755/ 756/756/ 
f 757/757/ 758/758/ 759/759/ 
f 760/760/ 761/761/ 762/762/ 
f 763/763/ 764/764/ 765/765/ 
f 766/766/ 767/767/ 768/768/ 
f 769/769/ 770/770/ 771/771/ 
f 772/772/ 773/773/ 774/774/ 
f 775/775/ 776/776/ 777/777/ 
f 778/778/ 779/779/ 780/780/ 
f 781/781/ 782/782/ 783/783/ 
f 784/784/ 785/785/ 786/786/ 
f 787/787/ 788/788/ 789/789/ 
f 790/790/ 791/791/ 792/792/ 
f 793/793/ 794/794/ 795/795/ 
f 796/796/ 797/797/ 798/798/ 
f 799/799/ 800/800/ 801/801/ 
f 802/802/ 803/803/ 804/804/ 
f 805/805/ 806/806/ 807/807/ 
f 808/808/ 809/809/ 810/810/ 
f 811/811/ 812/812/ 813/813/ 
f 814/814/ 815/815/ 816/816/ 
f 817/817/ 818/818/ 819/819/ 
f 820/820/ 821/821/ 822/822/ 
f 823/823/ 824/824/ 825/825/ 
f 826/826/ 827/827/ 828/828/ 
f 829/829/ 830/830/ 831/831/ 
f 832/832/ 833/833/ 834/834/ 
f 835/835/ 836/836/ 837/837/ 
f 838/838/ 839/839/ 840/840/ 
f 841/841/ 842/842/ 843/843/ 
f 844/844/ 845/845/ 846/846/ 
f 847/847/ 848/848/ 849/849/ 
f 850/850/ 851/851/ 852/852/ 
f 853/853/ 854/854/ 855/855/ 
f 856/856/ 857/857/ 858/858/ 
f 859/859/ 860/860/ 861/861/ 
f 862/862/ 863/863/ 864/864/ 
f 865/865/ 866/866/ 867/867/ 
f 868/868/ 869/869/ 870/870/ 
f 871/871/ 872/872/ 873/873/ 
f 874/874/ 875/875/ 876/876/ 
f 877/877/ 878/878/ 879/879/ 
f 880/880/ 881/881/ 882/882/ 
f 883/883/ 884/884/ 885/885/ 
f 886/886/ 887/887/ 888/888/ 
f 889/889/ 890/890/ 891/891/ 
f 892/892/ 893/893/ 894/894/ 
f 895/895/ 896/896/ 897/897/ 
f 898/898/ 899/899/ 900/900/ 
f 901/901/ 902/902/ 903/903/ 
f 904/904/ 905/905/ 906/906/ 
f 907/907/ 908/908/ 909/909/ 
f 910/910/ 911/911/ 912/912/ 
f 913/913/ 914/914/ 915/915/ 
f 916/916/ 917/917/ 918/918/ 
f 919/919/ 920/920/ 921/921/ 
f 922/922/ 923/923/ 924/924/ 
f 925/925/ 926/926/ 927/927/ 
f 928/928/ 929/929/ 930/930/ 
f 931/931/ 932/932/ 933/933/ 
f 934/934/ 935/935/ 936/936/ 
f 937/937/ 938/938/ 939/939/ 
f 940/940/ 941/941/ 942/942/ 
f 943/943/ 944/944/ 945/945/ 
f 946/946/ 947/947/ 948/948/ 
f 949/949/ 950/950/ 951/951/ 
f 952/952/ 953/953/ 954/954/ 
f 955/955/ 956/956/ 957/957/ 
f 958/958/ 959/959/ 960/960/ 
f 961/961/ 962/962/ 963/963/ 
f 964/964/ 965/965/ 966/966/ 
f 967/967/ 968/968/ 969/969/ 
f 970/970/ 971/971/ 972/972/ 
f 973/973/ 974/974/ 975/975/ 
f 976/976/ 977/977/ 978/978/ 
f 979/979/ 980/980/ 981/981/ 
f 982/982/ 983/983/ 984/984/ 
f 985/985/ 986/986/ 987/987/ 
f 988/988/ 989/989/ 990/990/ 
f 991/991/ 992/992/ 993/993/ 
f 994/994/ 995/995/ 996/996/ 
f 997/997/ 998/998/ 999/999/ 
f 1000/1000/ 1001/1001/ 1002/1002/ 
f 1003/1003/ 1004/1004/ 1005/1005/ 
f 1006/1006/ 1007/1007/ 1008/1008/ 
f 1009/1009/ 1010/1010/ 1011/1011/ 
f 1012/1012/ 1013/1013/ 1014/1014/ 
f 1015/1015/ 1016/1016/ 1017/1017/ 
f 1018/1018/ 1019/1019/ 1020/1020/ 
f 1021/1021/ 1022/1022/ 1023/1023/ 
f 1024/1024/ 1025/1025/ 1026/1026/ 
f 1027/1027/ 1028/1028/ 1029/1029/ 
f 1030/1030/ 1031/1031/ 1032/1032/ 
f 1033/1033/ 1034/1034/ 1035/1035/ 
f 1036/1036/ 1037/1037/ 1038/1038/ 
f 1039/1039/ 1040/1040/ 1041/1041/ 
f 1042/1042/ 1043/1043/ 1044/1044/ 
f 1045/1045/ 1046/1046/ 1047/1047/ 
f 1048/1048/ 1049/1049/ 1050/1050/ 
f 1051/1051/ 1052/1052/ 1053/1053/ 
f 1054/1054/ 1055/1055/ 1056/1056/ 
f 1057/1057/ 1058/1058/ 1059/1059/ 
f 1060/1060/ 1061/1061/ 1062/1062/ 
f 1063/1063/ 1064/1064/ 1065/1065/ 
f 1066/1066/ 1067/1067/ 1068/1068/ 
f 1069/1069/ 1070/1070/ 1071/1071/ 
f 1072/1072/ 1073/1073/ 1074/1074/ 
f 1075/1075/ 1076/1076/ 1077/1077/ 
f 1078/1078/ 1079/1079/ 1080/1080/ 
f 1081/1081/ 1082/1082/ 1083/1083/ 
f 1084/1084/ 1085/1085/ 1086/1086/ 
f 1087/1087/ 1088/1088/ 1089/1089/ 
f 1090/1090/ 1091/1091/ 1092/1092/ 
f 1093/1093/ 1094/1094/ 1095/1095/ 
f 1096/1096/ 1097/1097/ 1098/1098/ 
f 1099/1099/ 1100/1100/ 1101/1101/ 
f 1102/1102/ 1103/1103/ 1104/1104/ 
f 1105/1105/ 1106/1106/ 1107/1107/ 
f 1108/1108/ 1109/1109/ 1110/1110/ 
f 1111/1111/ 1112/1112/ 1113/1113/ 
f 1114/1114/ 1115/1115/ 1116/1116/ 
f 1117/1117/ 1118/1118/ 1119/1119/ 
f 1120/1120/ 1121/1121/ 1122/1122/ 
f 1123/1123/ 1124/1124/ 1125/1125/ 
f 1126/1126/ 1127/1127/ 1128/1128/ 
f 1129/1129/ 1130/1130/ 1131/1131/ 
f 1132/1132/ 1133/1133/ 1134/1134/ 
f 1135/1135/ 1136/1136/ 1137/1137/ 
f 1138/1138/ 1139/1139/ 1140/1140/ 
f 1141/1141/ 1142/1142/ 1143/1143/ 
f 1144/1144/ 1145/1145/ 1146/1146/ 
f 1147/1147/ 1148/1148/ 1149/1149/ 
f 1150/1150/ 1151/1151/ 1152/1152/ 
f 1153/1153/ 1154/1154/ 1155/1155/ 
f 1156/1156/ 1157/1157/ 1158/1158/ 
f 1159/1159/ 1160/1160/ 1161/1161/ 
f 1162/1162/ 1163/1163/ 1164/1164/ 
f 1165/1165/ 1166/1166/ 1167/1167/ 
f 1168/1168/ 1169/1169/ 1170/1170/ 
f 1171/1171/ 1172/1172/ 1173/1173/ 
f 1174/1174/ 1175/1175/ 1176/1176/ 
f 1177/1177/ 1178/1178/ 1179/1179/ 
f 1180/1180/ 1181/1181/ 1182/1182/ 
f 1183/1183/ 1184/1184/ 1185/1185/ 
f 1186/1186/ 1187/1187/ 1188/1188/ 
f 1189/1189/ 1190/1190/ 1191/1191/ 
f 1192/1192/ 1193/1193/ 1194/1194/ 
f 1195/1195/ 1196/1196/ 1197/1197/ 
f 1198/1198/ 1199/1199/ 1200/1200/ 
f 1201/1201/ 1202/1202/ 1203/1203/ 
f 1204/1204/ 1205/1205/ 1206/1206/ 
f 1207/1207/ 1208/1208/ 1209/1209/ 
f 1210/1210/ 1211/1211/ 1212/1212/ 
f 1213/1213/ 1214/1214/ 1215/1215/ 
f 1216/1216/ 1217/1217/ 1218/1218/ 
f 1219/1219/ 1220/1220/ 1221/1221/ 
f 1222/1222/ 1223/1223/ 1224/1224/ 
f 1225/1225/ 1226/1226/ 1227/1227/ 
f 1228/1228/ 1229/1229/ 1230/1230/ 
f 1231/1231/ 1232/1232/ 1233/1233/ 
f 1234/1234/ 1235/1235/ 1236/1236/ 
f 1237/1237/ 1238/1238/ 1239/1239/ 
f 1240/1240/ 1241/1241/ 1242/1242/ 
f 1243/1243/ 1244/1244/ 1245/1245/ 
f 1246/1246/ 1247/1247/ 1248/1248/ 
f 1249/1249/ 1250/1250/ 1251/1251/ 
f 1252/1252/ 1253/1253/ 1254/1254/ 
f 1255/1255/ 1256/1256/ 1257/1257/ 
f 1258/1258/ 1259/1259/ 1260/1260/ 
f 1261/1261/ 1262/1262/ 1263/1263/ 
f 1264/1264/ 1265/1265/ 1266/1266/ 
f 1267/1267/ 1268/1268/ 1269/1269/ 
f 1270/1270/ 1271/1271/ 1272/1272/ 
f 1273/1273/ 1274/1274/ 1275/1275/ 
f 1276/1276/ 1277/1277/ 1278/1278/ 
f 1279/1279/ 1280/1280/ 1281/1281/ 
f 1282/1282/ 1283/1283/ 1284/1284/ 
f 1285/1285/ 1286/1286/ 1287/1287/ 
f 1288/1288/ 1289/1289/ 1290/1290/ 
f 1291/1291/ 1292/1292/ 1293/1293/ 
f 1294/1294/ 1295/1295/ 1296/1296/ 
f 1297/1297/ 1298/1298/ 1299/1299/ 
f 1300/1300/ 1301/1301/ 1302/1302/ 
f 1303/1303/ 1304/1304/ 1305/1305/ 
f 1306/1306/ 1307/1307/ 1308/1308/ 
f 1309/1309/ 1310/1310/ 1311/1311/ 
f 1312/1312/ 1313/1313/ 1314/1314/ 
f 1315/1315/ 1316/1316/ 1317/1317/ 
f 1318/1318/ 1319/1319/ 1320/1320/ 
f 1321/1321/ 1322/1322/ 1323/1323/ 
f 1324/1324/ 1325/1325/ 1326/1326/ 
f 1327/1327/ 1328/1328/ 1329/1329/ 
f 1330/1330/ 1331/1331/ 1332/1332/ 
f 1333/1333/ 1334/1334/ 1335/1335/ 
f 1336/1336/ 1337/1337/ 1338/1338/ 
f 1339/1339/ 1340/1340/ 1341/1341/ 
f 1342/1342/ 1343/1343/ 1344/1344/ 
f 1345/1345/ 1346/1346/ 1347/1347/ 
f 1348/1348/ 1349/1349/ 1350/1350/ 
f 1351/1351/ 1352/1352/ 1353/1353/ 
f 1354/1354/ 1355/1355/ 1356/1356/ 
f 1357/1357/ 1358/1358/ 1359/1359/ 
f 1360/1360/ 1361/1361/ 1362/1362/ 
f 1363/1363/ 1364/1364/ 1365/1365/ 
f 1366/1366/ 1367/1367/ 1368/1368/ 
f 1369/1369/ 1370/1370/ 1371/1371/ 
f 1372/1372/ 1373/1373/ 1374/1374/ 
f 1375/1375/ 1376/1376/ 1377/1377/ 
f 1378/1378/ 1379/1379/ 1380/1380/ 
f 1381/1381/ 1382/1382/ 1383/1383/ 
f 1384/1384/ 1385/1385/ 1386/1386/ 
f 1387/1387/ 1388/1388/ 1389/1389/ 
f 1390/1390/ 1391/1391/ 1392/1392/ 
f 1393/1393/ 1394/1394/ 1395/1395/ 
f 1396/1396/ 1397/1397/ 1398/1398/ 
f 1399/1399/ 1400/1400/ 1401/1401/ 
f 1402/1402/ 1403/1403/ 1404/1404/ 
f 1405/1405/ 1406/1406/ 1407/1407/ 
f 1408/1408/ 1409/1409/ 1410/1410/ 
f 1411/1411/ 1412/1412/ 1413/1413/ 
f 1414/1414/ 1415/1415/ 1416/1416/ 
f 1417/1417/ 1418/1418/ 1419/1419/ 
f 1420/1420/ 1421/1421/ 1422/1422/ 
f 1423/1423/ 1424/1424/ 1425/1425/ 
f 1426/1426/ 1427/1427/ 1428/1428/ 
f 1429/1429/ 1430/1430/ 1431/1431/ 
f 1432/1432/ 1433/1433/ 1434/1434/ 
f 1435/1435/ 1436/1436/ 1437/1437/ 
f 1438/1438/ 1439/1439/ 1440/1440/ 
f 1441/1441/ 1442/1442/ 1443/1443/ 
f 1444/1444/ 1445/1445/ 1446/1446/ 
f 1447/1447/ 1448/1448/ 1449/1449/ 
f 1450/1450/ 1451/1451/ 1452/1452/ 
f 1453/1453/ 1454/1454/ 1455/1455/ 
f 1456/1456/ 1457/1457/ 1458/1458/ 
f 1459/1459/ 1460/1460/ 1461/1461/ 
f 1462/1462/ 1463/1463/ 1464/1464/ 
f 1465/1465/ 1466/1466/ 1467/1467/ 
f 1468/1468/ 1469/1469/ 1470/1470/ 
f 1471/1471/ 1472/1472/ 1473/1473/ 
f 1474/1474/ 1475/1475/ 1476/1476/ 
f 1477/1477/ 1478/1478/ 1479/1479/ 
f 1480/1480/ 1481/1481/ 1482/1482/ 
f 1483/1483/ 1484/1484/ 1485/1485/ 
f 1486/1486/ 1487/1487/ 1488/1488/ 
f 1489/1489/ 1490/1490/ 1491/1491/ 
f 1492/1492/ 1493/1493/ 1494/1494/ 
f 1495/1495/ 1496/1496/ 1497/1497/ 
f 1498/1498/ 1499/1499/ 1500/1500/ 
f 1501/1501/ 1502/1502/ 1503/1503/ 
f 1504/1504/ 1505/1505/ 1506/1506/ 
f 1507/1507/ 1508/1508/ 1509/1509/ 
f 1510/1510/ 1511/1511/ 1512/1512/ 
f 1513/1513/ 1514/1514/ 1515/1515/ 
f 1516/1516/ 1517/1517/ 1518/1518/ 
f 1519/1519/ 1520/1520/ 1521/1521/ 
f 1522/1522/ 1523/1523/ 1524/1524/ 
f 1525/1525/ 1526/1526/ 1527/1527/ 
f 1528/1528/ 1529/1529/ 1530/1530/ 
f 1531/1531/ 1532/1532/ 1533/1533/ 
f 1534/1534/ 1535/1535/ 1536/1536/ 
f 1537/1537/ 1538/1538/ 1539/1539/ 
f 1540/1540/ 1541/1541/ 1542/1542/ 
f 1543/1543/ 1544/1544/ 1545/1545/ 
f 1546/1546/ 1547/1547/ 1548/1548/ 
f 1549/1549/ 1550/1550/ 1551/1551/ 
f 1552/1552/ 1553/1553/ 1554/1554/ 
f 1555/1555/ 1556/1556/ 1557/1557/ 
f 1558/1558/ 1559/1559/ 1560/1560/ 
f 1561/1561/ 1562/1562/ 1563/1563/ 
f 1564/1564/ 1565/1565/ 1566/1566/ 
f 1567/1567/ 1568/1568/ 1569/1569/ 
f 1570/1570/ 1571/1571/ 1572/1572/ 
f 1573/1573/ 1574/1574/ 1575/1575/ 
f 1576/1576/ 1577/1577/ 1578/1578/ 
f 1579/1579/ 1580/1580/ 1581/1581/ 
f 1582/1582/ 1583/1583/ 1584/1584/ 
f 1585/1585/ 1586/1586/ 1587/1587/ 
f 1588/1588/ 1589/1589/ 1590/1590/ 
f 1591/1591/ 1592/1592/ 1593/1593/ 
f 1594/1594/ 1595/1595/ 1596/1596/ 
f 1597/1597/ 1598/1598/ 1599/1599/ 
f 1600/1600/ 1601/1601/ 1602/1602/ 
f 1603/1603/ 1604/1604/ 1605/1605/ 
f 1606/1606/ 1607/1607/ 1608/1608/ 
f 1609/1609/ 1610/1610/ 1611/1611/ 
f 1612/1612/ 1613/1613/ 1614/1614/ 
f 1615/1615/ 1616/1616/ 1617/1617/ 
f 1618/1618/ 1619/1619/ 1620/1620/ 
f 1621/1621/ 1622/1622/ 1623/1623/ 
f 1624/1624/ 1625/1625/ 1626/1626/ 
f 1627/1627/ 1628/1628/ 1629/1629/ 
f 1630/1630/ 1631/1631/ 1632/1632/ 
f 1633/1633/ 1634/1634/ 1635/1635/ 
f 1636/1636/ 1637/1637/ 1638/1638/ 
f 1639/1639/ 1640/1640/ 1641/1641/ 
f 1642/1642/ 1643/1643/ 1644/1644/ 
f 1645/1645/ 1646/1646/ 1647/1647/ 
f 1648/1648/ 1649/1649/ 1650/1650/ 
f 1651/1651/ 1652/1652/ 1653/1653/ 
f 1654/1654/ 1655/1655/ 1656/1656/ 
f 1657/1657/ 1658/1658/ 1659/1659/ 
f 1660/1660/ 1661/1661/ 1662/1662/ 
f 1663/1663/ 1664/1664/ 1665/1665/ 
f 1666/1666/ 1667/1667/ 1668/1668/ 
f 1669/1669/ 1670/1670/ 1671/1671/ 
f 1672/1672/ 1673/1673/ 1674/1674/ 
f 1675/1675/ 1676/1676/ 1677/1677/ 
f 1678/1678/ 1679/1679/ 1680/1680/ 
f 1681/1681/ 1682/1682/ 1683/1683/ 
f 1684/1684/ 1685/1685/ 1686/1686/ 
f 1687/1687/ 1688/1688/ 1689/1689/ 
f 1690/1690/ 1691/1691/ 1692/1692/ 
f 1693/1693/ 1694/1694/ 1695/1695/ 
f 1696/1696/ 1697/1697/ 1698/1698/ 
f 1699/1699/ 1700/1700/ 1701/1701/ 
f 1702/1702/ 1703/1703/ 1704/1704/ 
f 1705/1705/ 1706/1706/ 1707/1707/ 
f 1708/1708/ 1709/1709/ 1710/1710/ 
f 1711/1711/ 1712/1712/ 1713/1713/ 
f 1714/1714/ 1715/1715/ 1716/1716/ 
f 1717/1717/ 1718/1718/ 1719/1719/ 
f 1720/1720/ 1721/1721/ 1722/1722/ 
f 1723/1723/ 1724/1724/ 1725/1725/ 
f 1726/1726/ 1727/1727/ 1728/1728/ 
f 1729/1729/ 1730/1730/ 1731/1731/ 
f 1732/1732/ 1733/1733/ 1734/1734/ 
f 1735/1735/ 1736/1736/ 1737/1737/ 
f 1738/1738/ 1739/1739/ 1740/1740/ 
f 1741/1741/ 1742/1742/ 1743/1743/ 
f 1744/1744/ 1745/1745/ 1746/1746/ 
f 1747/1747/ 1748/1748/ 1749/1749/ 
f 1750/1750/ 1751/1751/ 1752/1752/ 
f 1753/1753/ 1754/1754/ 1755/1755/ 
f 1756/1756/ 1757/1757/ 1758/1758/ 
f 1759/1759/ 1760/1760/ 1761/1761/ 
f 1762/1762/ 1763/1763/ 1764/1764/ 
f 1765/1765/ 1766/1766/ 1767/1767/ 
f 1768/1768/ 1769/1769/ 1770/1770/ 
f 1771/1771/ 1772/1772/ 1773/1773/ 
f 1774/1774/ 1775/1775/ 1776/1776/ 
f 1777/1777/ 1778/1778/ 1779/1779/ 
f 1780/1780/ 1781/1781/ 1782/1782/ 
f 1783/1783/ 1784/1784/ 1785/1785/ 
f 1786/1786/ 1787/1787/ 1788/1788/ 
f 1789/1789/ 1790/1790/ 1791/1791/ 
f 1792/1792/ 1793/1793/ 1794/1794/ 
f 1795/1795/ 1796/1796/ 1797/1797/ 
f 1798/1798/ 1799/1799/ 1800/1800/ 
f 1801/1801/ 1802/1802/ 1803/1803/ 
f 1804/1804/ 1805/1805/ 1806/1806/ 
f 1807/1807/ 1808/1808/ 1809/1809/ 
f 1810/1810/ 1811/1811/ 1812/1812/ 
f 1813/1813/ 1814/1814/ 1815/1815/ 
f 1816/1816/ 1817/1817/ 1818/1818/ 
f 1819/1819/ 1820/1820/ 1821/1821/ 
f 1822/1822/ 1823/1823/ 1824/1824/ 
f 1825/1825/ 1826/1826/ 1827/1827/ 
f 1828/1828/ 1829/1829/ 1830/1830/ 
f 1831/1831/ 1832/1832/ 1833/1833/ 
f 1834/1834/ 1835/1835/ 1836/1836/ 
f 1837/1837/ 1838/1838/ 1839/1839/ 
f 1840/1840/ 1841/1841/ 1842/1842/ 
f 1843/1843/ 1844/1844/ 1845/1845/ 
f 1846/1846/ 1847/1847/ 1848/1848/ 
f 1849/1849/ 1850/1850/ 1851/1851/ 
f 1852/1852/ 1853/1853/ 1854/1854/ 
f 1855/1855/ 1856/1856/ 1857/1857/ 
f 1858/1858/ 1859/1859/ 1860/1860/ 
f 1861/1861/ 1862/1862/ 1863/1863/ 
f 1864/1864/ 1865/1865/ 1866/1866/ 
f 1867/1867/ 1868/1868/ 1869/1869/ 
f 1870/1870/ 1871/1871/ 1872/1872/ 
f 1873/1873/ 1874/1874/ 1875/1875/ 
f 1876/1876/ 1877/1877/ 1878/1878/ 
f 1879/1879/ 1880/1880/ 1881/1881/ 
f 1882/1882/ 1883/1883/ 1884/1884/ 
f 1885/1885/ 1886/1886/ 1887/1887/ 
f 1888/1888/ 1889/1889/ 1890/1890/ 
f 1891/1891/ 1892/1892/ 1893/1893/ 
f 1894/1894/ 1895/1895/ 1896/1896/ 
f 1897/1897/ 1898/1898/ 1899/1899/ 
f 1900/1900/ 1901/1901/ 1902/1902/ 
f 1903/1903/ 1904/1904/ 1905/1905/ 
f 1906/1906/ 1907/1907/ 1908/1908/ 
f 1909/1909/ 1910/1910/ 1911/1911/ 
f 1912/1912/ 1913/1913/ 1914/1914/ 
f 1915/1915/ 1916/1916/ 1917/1917/ 
f 1918/1918/ 1919/1919/ 1920/1920/ 
f 1921/1921/ 1922/1922/ 1923/1923/ 
f 1924/1924/ 1925/1925/ 1926/1926/ 
f 1927/1927/ 1928/1928/ 1929/1929/ 
f 1930/1930/ 1931/1931/ 1932/1932/ 
f 1933/1933/ 1934/1934/ 1935/1935/ 
f 1936/1936/ 1937/1937/ 1938/1938/ 
f 1939/1939/ 1940/1940/ 1941/1941/ 
f 1942/1942/ 1943/1943/ 1944/1944/ 
f 1945/1945/ 1946/1946/ 1947/1947/ 
f 1948/1948/ 1949/1949/ 1950/1950/ 
f 1951/1951/ 1952/1952/ 1953/1953/ 
f 1954/1954/ 1955/1955/ 1956/1956/ 
f 1957/1957/ 1958/1958/ 1959/1959/ 
f 1960/1960/ 1961/1961/ 1962/1962/ 
f 1963/1963/ 1964/1964/ 1965/1965/ 
f 1966/1966/ 1967/1967/ 1968/1968/ 
f 1969/1969/ 1970/1970/ 1971/1971/ 
f 1972/1972/ 1973/1973/ 1974/1974/ 
f 1975/1975/ 1976/1976/ 1977/1977/ 
f 1978/1978/ 1979/1979/ 1980/1980/ 
f 1981/1981/ 1982/1982/ 1983/1983/ 
f 1984/1984/ 1985/1985/ 1986/1986/ 
f 1987/1987/ 1988/1988/ 1989/1989/ 
f 1990/1990/ 1991/1991/ 1992/1992/ 
f 1993/1993/ 1994/1994/ 1995/1995/ 
f 1996/1996/ 1997/1997/ 1998/1998/ 
f 1999/1999/ 2000/2000/ 2001/2001/ 
f 2002/2002/ 2003/2003/ 2004/2004/ 
f 2005/2005/ 2006/2006/ 2007/2007/ 
f 2008/2008/ 2009/2009/ 2010/2010/ 
f 2011/2011/ 2012/2012/ 2013/2013/ 
f 2014/2014/ 2015/2015/ 2016/2016/ 
f 2017/2017/ 2018/2018/ 2019/2019/ 
f 2020/2020/ 2021/2021/ 2022/2022/ 
f 2023/2023/ 2024/2024/ 2025/2025/ 
f 2026/2026/ 2027/2027/ 2028/2028/ 
f 2029/2029/ 2030/2030/ 2031/2031/ 
f 2032/2032/ 2033/2033/ 2034/2034/ 
f 2035/2035/ 2036/2036/ 2037/2037/ 
f 2038/2038/ 2039/2039/ 2040/2040/ 
f 2041/2041/ 2042/2042/ 2043/2043/ 
f 2044/2044/ 2045/2045/ 2046/2046/ 
f 2047/2047/ 2048/2048/ 2049/2049/ 
f 2050/2050/ 2051/2051/ 2052/2052/ 
f 2053/2053/ 2054/2054/ 2055/2055/ 
f 2056/2056/ 2057/2057/ 2058/2058/ 
f 2059/2059/ 2060/2060/ 2061/2061/ 
f 2062/2062/ 2063/2063/ 2064/2064/ 
f 2065/2065/ 2066/2066/ 2067/2067/ 
f 2068/2068/ 2069/2069/ 2070/2070/ 
f 2071/2071/ 2072/2072/ 2073/2073/ 
f 2074/2074/ 2075/2075/ 2076/2076/ 
f 2077/2077/ 2078/2078/ 2079/2079/ 
f 2080/2080/ 2081/2081/ 2082/2082/ 
f 2083/2083/ 2084/2084/ 2085/2085/ 
f 2086/2086/ 2087/2087/ 2088/2088/ 
f 2089/2089/ 2090/2090/ 2091/2091/ 
f 2092/2092/ 2093/2093/ 2094/2094/ 
f 2095/2095/ 2096/2096/ 2097/2097/ 
f 2098/2098/ 2099/2099/ 2100/2100/ 
f 2101/2101/ 2102/2102/ 2103/2103/ 
f 2104/2104/ 2105/2105/ 2106/2106/ 
f 2107/2107/ 2108/2108/ 2109/2109/ 
f 2110/2110/ 2111/2111/ 2112/2112/ 
f 2113/2113/ 2114/2114/ 2115/2115/ 
f 2116/2116/ 2117/2117/ 2118/2118/ 
f 2119/2119/ 2120/2120/ 2121/2121/ 
f 2122/2122/ 2123/2123/ 2124/2124/ 
f 2125/2125/ 2126/2126/ 2127/2127/ 
f 2128/2128/ 2129/2129/ 2130/2130/ 
f 2131/2131/ 2132/2132/ 2133/2133/ 
f 2134/2134/ 2135/2135/ 2136/2136/ 
f 2137/2137/ 2138/2138/ 2139/2139/ 
f 2140/2140/ 2141/2141/ 2142/2142/ 
f 2143/2143/ 2144/2144/ 2145/2145/ 
f 2146/2146/ 2147/2147/ 2148/2148/ 
f 2149/2149/ 2150/2150/ 2151/2151/ 
f 2152/2152/ 2153/2153/ 2154/2154/ 
f 2155/2155/ 2156/2156/ 2157/2157/ 
f 2158/2158/ 2159/2159/ 2160/2160/ 
f 2161/2161/ 2162/2162/ 2163/2163/ 
f 2164/2164/ 2165/2165/ 2166/2166/ 
f 2167/2167/ 2168/2168/ 2169/2169/ 
f 2170/2170/ 2171/2171/ 2172/2172/ 
f 2173/2173/ 2174/2174/ 2175/2175/ 
f 2176/2176/ 2177/2177/ 2178/2178/ 
f 2179/2179/ 2180/2180/ 2181/2181/ 
f 2182/2182/ 2183/2183/ 2184/2184/ 
f 2185/2185/ 2186/2186/ 2187/2187/ 
f 2188/2188/ 2189/2189/ 2190/2190/ 
f 2191/2191/ 2192/2192/ 2193/2193/ 
f 2194/2194/ 2195/2195/ 2196/2196/ 
f 2197/2197/ 2198/2198/ 2199/2199/ 
f 2200/2200/ 2201/2201/ 2202/2202/ 
f 2203/2203/ 2204/2204/ 2205/2205/ 
f 2206/2206/ 2207/2207/ 2208/2208/ 
f 2209/2209/ 2210/2210/ 2211/2211/ 
f 2212/2212/ 2213/2213/ 2214/2214/ 
f 2215/2215/ 2216/2216/ 2217/2217/ 
f 2218/2218/ 2219/2219/ 2220/2220/ 
f 2221/2221/ 2222/2222/ 2223/2223/ 
f 2224/2224/ 2225/2225/ 2226/2226/ 
f 2227/2227/ 2228/2228/ 2229/2229/ 
f 2230/2230/ 2231/2231/ 2232/2232/ 
f 2233/2233/ 2234/2234/ 2235/2235/ 
f 2236/2236/ 2237/2237/ 2238/2238/ 
f 2239/2239/ 2240/2240/ 2241/2241/ 
f 2242/2242/ 2243/2243/ 2244/2244/ 
f 2245/2245/ 2246/2246/ 2247/2247/ 
f 2248/2248/ 2249/2249/ 2250/2250/ 
f 2251/2251/ 2252/2252/ 2253/2253/ 
f 2254/2254/ 2255/2255/ 2256/2256/ 
f 2257/2257/ 2258/2258/ 2259/2259/ 
f 2260/2260/ 2261/2261/ 2262/2262/ 
f 2263/2263/ 2264/2264/ 2265/2265/ 
f 2266/2266/ 2267/2267/ 2268/2268/ 
f 2269/2269/ 2270/2270/ 2271/2271/ 
f 2272/2272/ 2273/2273/ 2274/2274/ 
f 2275/2275/ 2276/2276/ 2277/2277/ 
f 2278/2278/ 2279/2279/ 2280/2280/ 
f 2281/2281/ 2282/2282/ 2283/2283/ 
f 2284/2284/ 2285/2285/ 2286/2286/ 
f 2287/2287/ 2288/2288/ 2289/2289/ 
f 2290/2290/ 2291/2291/ 2292/2292/ 
f 2293/2293/ 2294/2294/ 2295/2295/ 
f 2296/2296/ 2297/2297/ 2298/2298/ 
f 2299/2299/ 2300/2300/ 2301/2301/ 
f 2302/2302/ 2303/2303/ 2304/2304/ 
f 2305/2305/ 2306/2306/ 2307/2307/ 
f 2308/2308/ 2309/2309/ 2310/2310/ 
f 2311/2311/ 2312/2312/ 2313/2313/ 
f 2314/2314/ 2315/2315/ 2316/2316/ 
f 2317/2317/ 2318/2318/ 2319/2319/ 
f 2320/2320/ 2321/2321/ 2322/2322/ 
f 2323/2323/ 2324/2324/ 2325/2325/ 
f 2326/2326/ 2327/2327/ 2328/2328/ 
f 2329/2329/ 2330/2330/ 2331/2331/ 
f 2332/2332/ 2333/2333/ 2334/2334/ 
f 2335/2335/ 2336/2336/ 2337/2337/ 
f 2338/2338/ 2339/2339/ 2340/2340/ 
f 2341/2341/ 2342/2342/ 2343/2343/ 
f 2344/2344/ 2345/2345/ 2346/2346/ 
f 2347/2347/ 2348/2348/ 2349/2349/ 
f 2350/2350/ 2351/2351/ 2352/2352/ 
f 2353/2353/ 2354/2354/ 2355/2355/ 
f 2356/2356/ 2357/2357/ 2358/2358/ 
f 2359/2359/ 2360/2360/ 2361/2361/ 
f 2362/2362/ 2363/2363/ 2364/2364/ 
f 2365/2365/ 2366/2366/ 2367/2367/ 
f 2368/2368/ 2369/2369/ 2370/2370/ 
f 2371/2371/ 2372/2372/ 2373/2373/ 
f 2374/2374/ 2375/2375/ 2376/2376/ 
f 2377/2377/ 2378/2378/ 2379/2379/ 
f 2380/2380/ 2381/2381/ 2382/2382/ 
f 2383/2383/ 2384/2384/ 2385/2385/ 
f 2386/2386/ 2387/2387/ 2388/2388/ 
f 2389/2389/ 2390/2390/ 2391/2391/ 
f 2392/2392/ 2393/2393/ 2394/2394/ 
f 2395/2395/ 2396/2396/ 2397/2397/ 
f 2398/2398/ 2399/2399/ 2400/2400/ 
f 2401/2401/ 2402/2402/ 2403/2403/ 
f 2404/2404/ 2405/2405/ 2406/2406/ 
f 2407/2407/ 2408/2408/ 2409/2409/ 
f 2410/2410/ 2411/2411/ 2412/2412/ 
f 2413/2413/ 2414/2414/ 2415/2415/ 
f 2416/2416/ 2417/2417/ 2418/2418/ 
f 2419/2419/ 2420/2420/ 2421/2421/ 
f 2422/2422/ 2423/2423/ 2424/2424/ 
f 2425/2425/ 2426/2426/ 2427/2427/ 
f 2428/2428/ 2429/2429/ 2430/2430/ 
f 2431/2431/ 2432/2432/ 2433/2433/ 
f 2434/2434/ 2435/2435/ 2436/2436/ 
f 2437/2437/ 2438/2438/ 2439/2439/ 
f 2440/2440/ 2441/2441/ 2442/2442/ 
f 2443/2443/ 2444/2444/ 2445/2445/ 
f 2446/2446/ 2447/2447/ 2448/2448/ 
f 2449/2449/ 2450/2450/ 2451/2451/ 
f 2452/2452/ 2453/2453/ 2454/2454/ 
f 2455/2455/ 2456/2456/ 2457/2457/ 
f 2458/2458/ 2459/2459/ 2460/2460/ 
f 2461/2461/ 2462/2462/ 2463/2463/ 
f 2464/2464/ 2465/2465/ 2466/2466/ 
f 2467/2467/ 2468/2468/ 2469/2469/ 
f 2470/2470/ 2471/2471/ 2472/2472/ 
f 2473/2473/ 2474/2474/ 2475/2475/ 
f 2476/2476/ 2477/2477/ 2478/2478/ 
f 2479/2479/ 2480/2480/ 2481/2481/ 
f 2482/2482/ 2483/2483/ 2484/2484/ 
f 2485/2485/ 2486/2486/ 2487/2487/ 
f 2488/2488/ 2489/2489/ 2490/2490/ 
f 2491/2491/ 2492/2492/ 2493/2493/ 
f 2494/2494/ 2495/2495/ 2496/2496/ 
f 2497/2497/ 2498/2498/ 2499/2499/ 
f 2500/2500/ 2501/2501/ 2502/2502/ 
f 2503/2503/ 2504/2504/ 2505/2505/ 
f 2506/2506/ 2507/2507/ 2508/2508/ 
f 2509/2509/ 2510/2510/ 2511/2511/ 
f 2512/2512/ 2513/2513/ 2514/2514/ 
f 2515/2515/ 2516/2516/ 2517/2517/ 
f 2518/2518/ 2519/2519/ 2520/2520/ 
f 2521/2521/ 2522/2522/ 2523/2523/ 
f 2524/2524/ 2525/2525/ 2526/2526/ 
f 2527/2527/ 2528/2528/ 2529/2529/ 
f 2530/2530/ 2531/2531/ 2532/2532/ 
f 2533/2533/ 2534/2534/ 2535/2535/ 
f 2536/2536/ 2537/2537/ 2538/2538/ 
f 2539/2539/ 2540/2540/ 2541/2541/ 
f 2542/2542/ 2543/2543/ 2544/2544/ 
f 2545/2545/ 2546/2546/ 2547/2547/ 
f 2548/2548/ 2549/2549/ 2550/2550/ 
f 2551/2551/ 2552/2552/ 2553/2553/ 
f 2554/2554/ 2555/2555/ 2556/2556/ 
f 2557/2557/ 2558/2558/ 2559/2559/ 
f 2560/2560/ 2561/2561/ 2562/2562/ 
f 2563/2563/ 2564/2564/ 2565/2565/ 
f 2566/2566/ 2567/2567/ 2568/2568/ 
f 2569/2569/ 2570/2570/ 2571/2571/ 
f 2572/2572/ 2573/2573/ 2574/2574/ 
f 2575/2575/ 2576/2576/ 2577/2577/ 
f 2578/2578/ 2579/2579/ 2580/2580/ 
f 2581/2581/ 2582/2582/ 2583/2583/ 
f 2584/2584/ 2585/2585/ 2586/2586/ 
f 2587/2587/ 2588/2588/ 2589/2589/ 
f 2590/2590/ 2591/2591/ 2592/2592/ 
f 2593/2593/ 2594/2594/ 2595/2595/ 
f 2596/2596/ 2597/2597/ 2598/2598/ 
f 2599/2599/ 2600/2600/ 2601/2601/ 
f 2602/2602/ 2603/2603/ 2604/2604/ 
f 2605/2605/ 2606/2606/ 2607/2607/ 
f 2608/2608/ 2609/2609/ 2610/2610/ 
f 2611/2611/ 2612/2612/ 2613/2613/ 
f 2614/2614/ 2615/2615/ 2616/2616/ 
f 2617/2617/ 2618/2618/ 2619/2619/ 
f 2620/2620/ 2621/2621/ 2622/2622/ 
f 2623/2623/ 2624/2624/ 2625/2625/ 
f 2626/2626/ 2627/2627/ 2628/2628/ 
f 2629/2629/ 2630/2630/ 2631/2631/ 
f 2632/2632/ 2633/2633/ 2634/2634/ 
f 2635/2635/ 2636/2636/ 2637/2637/ 
f 2638/2638/ 2639/2639/ 2640/2640/ 
f 2641/2641/ 2642/2642/ 2643/2643/ 
f 2644/2644/ 2645/2645/ 2646/2646/ 
f 2647/2647/ 2648/2648/ 2649/2649/ 
f 2650/2650/ 2651/2651/ 2652/2652/ 
f 2653/2653/ 2654/2654/ 2655/2655/ 
f 2656/2656/ 2657/2657/ 2658/2658/ 
f 2659/2659/ 2660/2660/ 2661/2661/ 
f 2662/2662/ 2663/2663/ 2664/2664/ 
f 2665/2665/ 2666/2666/ 2667/2667/ 
f 2668/2668/ 2669/2669/ 2670/2670/ 
f 2671/2671/ 2672/2672/ 2673/2673/ 
f 2674/2674/ 2675/2675/ 2676/2676/ 
f 2677/2677/ 2678/2678/ 2679/2679/ 
f 2680/2680/ 2681/2681/ 2682/2682/ 
f 2683/2683/ 2684/2684/ 2685/2685/ 
f 2686/2686/ 2687/2687/ 2688/2688/ 
f 2689/2689/ 2690/2690/ 2691/2691/ 
f 2692/2692/ 2693/2693/ 2694/2694/ 
f 2695/2695/ 2696/2696/ 2697/2697/ 
f 2698/2698/ 2699/2699/ 2700/2700/ 
f 2701/2701/ 2702/2702/ 2703/2703/ 
f 2704/2704/ 2705/2705/ 2706/2706/ 
f 2707/2707/ 2708/2708/ 2709/2709/ 
f 2710/2710/ 2711/2711/ 2712/2712/ 
f 2713/2713/ 2714/2714/ 2715/2715/ 
f 2716/2716/ 2717/2717/ 2718/2718/ 
f 2719/2719/ 2720/2720/ 2721/2721/ 
f 2722/2722/ 2723/2723/ 2724/2724/ 
f 2725/2725/ 2726/2726/ 2727/2727/ 
f 2728/2728/ 2729/2729/ 2730/2730/ 
f 2731/2731/ 2732/2732/ 2733/2733/ 
f 2734/2734/ 2735/2735/ 2736/2736/ 
f 2737/2737/ 2738/2738/ 2739/2739/ 
f 2740/2740/ 2741/2741/ 2742/2742/ 
f 2743/2743/ 2744/2744/ 2745/2745/ 
f 2746/2746/ 2747/2747/ 2748/2748/ 
f 2749/2749/ 2750/2750/ 2751/2751/ 
f 2752/2752/ 2753/2753/ 2754/2754/ 
f 2755/2755/ 2756/2756/ 2757/2757/ 
f 2758/2758/ 2759/2759/ 2760/2760/ 
f 2761/2761/ 2762/2762/ 2763/2763/ 
f 2764/2764/ 2765/2765/ 2766/2766/ 
f 2767/2767/ 2768/2768/ 2769/2769/ 
f 2770/2770/ 2771/2771/ 2772/2772/ 
f 2773/2773/ 2774/2774/ 2775/2775/ 
f 2776/2776/ 2777/2777/ 2778/2778/ 
f 2779/2779/ 2780/2780/ 2781/2781/ 
f 2782/2782/ 2783/2783/ 2784/2784/ 
f 2785/2785/ 2786/2786/ 2787/2787/ 
f 2788/2788/ 2789/2789/ 2790/2790/ 
f 2791/2791/ 2792/2792/ 2793/2793/ 
f 2794/2794/ 2795/2795/ 2796/2796/ 
f 2797/2797/ 2798/2798/ 2799/2799/ 
f 2800/2800/ 2801/2801/ 2802/2802/ 
f 2803/2803/ 2804/2804/ 2805/2805/ 
f 2806/2806/ 2807/2807/ 2808/2808/ 
f 2809/2809/ 2810/2810/ 2811/2811/ 
f 2812/2812/ 2813/2813/ 2814/2814/ 
f 2815/2815/ 2816/2816/ 2817/2817/ 
f 2818/2818/ 2819/2819/ 2820/2820/ 
f 2821/2821/ 2822/2822/ 2823/2823/ 
f 2824/2824/ 2825/2825/ 2826/2826/ 
f 2827/2827/ 2828/2828/ 2829/2829/ 
f 2830/2830/ 2831/2831/ 2832/2832/ 
f 2833/2833/ 2834/2834/ 2835/2835/ 
f 2836/2836/ 2837/2837/ 2838/2838/ 
f 2839/2839/ 2840/2840/ 2841/2841/ 
f 2842/2842/ 2843/2843/ 2844/2844/ 
f 2845/2845/ 2846/2846/ 2847/2847/ 
f 2848/2848/ 2849/2849/ 2850/2850/ 
f 2851/2851/ 2852/2852/ 2853/2853/ 
f 2854/2854/ 2855/2855/ 2856/2856/ 
f 2857/2857/ 2858/2858/ 2859/2859/ 
f 2860/2860/ 2861/2861/ 2862/2862/ 
f 2863/2863/ 2864/2864/ 2865/2865/ 
f 2866/2866/ 2867/2867/ 2868/2868/ 
f 2869/2869/ 2870/2870/ 2871/2871/ 
f 2872/2872/ 2873/2873/ 2874/2874/ 
f 2875/2875/ 2876/2876/ 2877/2877/ 
f 2878/2878/ 2879/2879/ 2880/2880/ 
f 2881/2881/ 2882/2882/ 2883/2883/ 
f 2884/2884/ 2885/2885/ 2886/2886/ 
f 2887/2887/ 2888/2888/ 2889/2889/ 
f 2890/2890/ 2891/2891/ 2892/2892/ 
f 2893/2893/ 2894/2894/ 2895/2895/ 
f 2896/2896/ 2897/2897/ 2898/2898/ 
f 2899/2899/ 2900/2900/ 2901/2901/ 
f 2902/2902/ 2903/2903/ 2904/2904/ 
f 2905/2905/ 2906/2906/ 2907/2907/ 
f 2908/2908/ 2909/2909/ 2910/2910/ 
f 2911/2911/ 2912/2912/ 2913/2913/ 
f 2914/2914/ 2915/2915/ 2916/2916/ 
f 2917/2917/ 2918/2918/ 2919/2919/ 
f 2920/2920/ 2921/2921/ 2922/2922/ 
f 2923/2923/ 2924/2924/ 2925/2925/ 
f 2926/2926/ 2927/2927/ 2928/2928/ 
f 2929/2929/ 2930/2930/ 2931/2931/ 
f 2932/2932/ 2933/2933/ 2934/2934/ 
f 2935/2935/ 2936/2936/ 2937/2937/ 
f 2938/2938/ 2939/2939/ 2940/2940/ 
f 2941/2941/ 2942/2942/ 2943/2943/ 
f 2944/2944/ 2945/2945/ 2946/2946/ 
f 2947/2947/ 2948/2948/ 2949/2949/ 
f 2950/2950/ 2951/2951/ 2952/2952/ 
f 2953/2953/ 2954/2954/ 2955/2955/ 
f 2956/2956/ 2957/2957/ 2958/2958/ 
f 2959/2959/ 2960/2960/ 2961/2961/ 
f 2962/2962/ 2963/2963/ 2964/2964/ 
f 2965/2965/ 2966/2966/ 2967/2967/ 
f 2968/2968/ 2969/2969/ 2970/2970/ 
f 2971/2971/ 2972/2972/ 2973/2973/ 
f 2974/2974/ 2975/2975/ 2976/2976/ 
f 2977/2977/ 2978/2978/ 2979/2979/ 
f 2980/2980/ 2981/2981/ 2982/2982/ 
f 2983/2983/ 2984/2984/ 2985/2985/ 
f 2986/2986/ 2987/2987/ 2988/2988/ 
f 2989/2989/ 2990/2990/ 2991/2991/ 
f 2992/2992/ 2993/2993/ 2994/2994/ 
f 2995/2995/ 2996/2996/ 2997/2997/ 
f 2998/2998/ 2999/2999/ 3000/3000/ 
f 3001/3001/ 3002/3002/ 3003/3003/ 
f 3004/3004/ 3005/3005/ 3006/3006/ 
f 3007/3007/ 3008/3008/ 3009/3009/ 
f 3010/3010/ 3011/3011/ 3012/3012/ 
f 3013/3013/ 3014/3014/ 3015/3015/ 
f 3016/3016/ 3017/3017/ 3018/3018/ 
f 3019/3019/ 3020/3020/ 3021/3021/ 
f 3022/3022/ 3023/3023/ 3024/3024/ 
f 3025/3025/ 3026/3026/ 3027/3027/ 
f 3028/3028/ 3029/3029/ 3030/3030/ 
f 3031/3031/ 3032/3032/ 3033/3033/ 
f 3034/3034/ 3035/3035/ 3036/3036/ 
f 3037/3037/ 3038/3038/ 3039/3039/ 
f 3040/3040/ 3041/3041/ 3042/3042/ 
f 3043/3043/ 3044/3044/ 3045/3045/ 
f 3046/3046/ 3047/3047/ 3048/3048/ 
f 3049/3049/ 3050/3050/ 3051/3051/ 
f 3052/3052/ 3053/3053/ 3054/3054/ 
f 3055/3055/ 3056/3056/ 3057/3057/ 
f 3058/3058/ 3059/3059/ 3060/3060/ 
f 3061/3061/ 3062/3062/ 3063/3063/ 
f 3064/3064/ 3065/3065/ 3066/3066/ 
f 3067/3067/ 3068/3068/ 3069/3069/ 
f 3070/3070/ 3071/3071/ 3072/3072/ 
f 3073/3073/ 3074/3074/ 3075/3075/ 
f 3076/3076/ 3077/3077/ 3078/3078/ 
f 3079/3079/ 3080/3080/ 3081/3081/ 
f 3082/3082/ 3083/3083/ 3084/3084/ 
f 3085/3085/ 3086/3086/ 3087/3087/ 
f 3088/3088/ 3089/3089/ 3090/3090/ 
f 3091/3091/ 3092/3092/ 3093/3093/ 
f 3094/3094/ 3095/3095/ 3096/3096/ 
f 3097/3097/ 3098/3098/ 3099/3099/ 
f 3100/3100/ 3101/3101/ 3102/3102/ 
f 3103/3103/ 3104/3104/ 3105/3105/ 
f 3106/3106/ 3107/3107/ 3108/3108/ 
f 3109/3109/ 3110/3110/ 3111/3111/ 
f 3112/3112/ 3113/3113/ 3114/3114/ 
f 3115/3115/ 3116/3116/ 3117/3117/ 
f 3118/3118/ 3119/3119/ 3120/3120/ 
f 3121/3121/ 3122/3122/ 3123/3123/ 
f 3124/3124/ 3125/3125/ 3126/3126/ 
f 3127/3127/ 3128/3128/ 3129/3129/ 
f 3130/3130/ 3131/3131/ 3132/3132/ 
f 3133/3133/ 3134/3134/ 3135/3135/ 
f 3136/3136/ 3137/3137/ 3138/3138/ 
f 3139/3139/ 3140/3140/ 3141/3141/ 
f 3142/3142/ 3143/3143/ 3144/3144/ 
f 3145/3145/ 3146/3146/ 3147/3147/ 
f 3148/3148/ 3149/3149/ 3150/3150/ 
f 3151/3151/ 3152/3152/ 3153/3153/ 
f 3154/3154/ 3155/3155/ 3156/3156/ 
f 3157/3157/ 3158/3158/ 3159/3159/ 
f 3160/3160/ 3161/3161/ 3162/3162/ 
f 3163/3163/ 3164/3164/ 3165/3165/ 
f 3166/3166/ 3167/3167/ 3168/3168/ 
f 3169/3169/ 3170/3170/ 3171/3171/ 
f 3172/3172/ 3173/3173/ 3174/3174/ 
f 3175/3175/ 3176/3176/ 3177/3177/ 
f 3178/3178/ 3179/3179/ 3180/3180/ 
f 3181/3181/ 3182/3182/ 3183/3183/ 
f 3184/3184/ 3185/3185/ 3186/3186/ 
f 3187/3187/ 3188/3188/ 3189/3189/ 
f 3190/3190/ 3191/3191/ 3192/3192/ 
f 3193/3193/ 3194/3194/ 3195/3195/ 
f 3196/3196/ 3197/3197/ 3198/3198/ 
f 3199/3199/ 3200/3200/ 3201/3201/ 
f 3202/3202/ 3203/3203/ 3204/3204/ 
f 3205/3205/ 3206/3206/ 3207/3207/ 
f 3208/3208/ 3209/3209/ 3210/3210/ 
f 3211/3211/ 3212/3212/ 3213/3213/ 
f 3214/3214/ 3215/3215/ 3216/3216/ 
f 3217/3217/ 3218/3218/ 3219/3219/ 
f 3220/3220/ 3221/3221/ 3222/3222/ 
f 3223/3223/ 3224/3224/ 3225/3225/ 
f 3226/3226/ 3227/3227/ 3228/3228/ 
f 3229/3229/ 3230/3230/ 3231/3231/ 
f 3232/3232/ 3233/3233/ 3234/3234/ 
f 3235/3235/ 3236/3236/ 3237/3237/ 
f 3238/3238/ 3239/3239/ 3240/3240/ 
f 3241/3241/ 3242/3242/ 3243/3243/ 
f 3244/3244/ 3245/3245/ 3246/3246/ 
f 3247/3247/ 3248/3248/ 3249/3249/ 
f 3250/3250/ 3251/3251/ 3252/3252/ 
f 3253/3253/ 3254/3254/ 3255/3255/ 
f 3256/3256/ 3257/3257/ 3258/3258/ 
f 3259/3259/ 3260/3260/ 3261/3261/ 
f 3262/3262/ 3263/3263/ 3264/3264/ 
f 3265/3265/ 3266/3266/ 3267/3267/ 
f 3268/3268/ 3269/3269/ 3270/3270/ 
f 3271/3271/ 3272/3272/ 3273/3273/ 
f 3274/3274/ 3275/3275/ 3276/3276/ 
f 3277/3277/ 3278/3278/ 3279/3279/ 
f 3280/3280/ 3281/3281/ 3282/3282/ 
f 3283/3283/ 3284/3284/ 3285/3285/ 
f 3286/3286/ 3287/3287/ 3288/3288/ 
f 3289/3289/ 3290/3290/ 3291/3291/ 
f 3292/3292/ 3293/3293/ 3294/3294/ 
f 3295/3295/ 3296/3296/ 3297/3297/ 
f 3298/3298/ 3299/3299/ 3300/3300/ 
f 3301/3301/ 3302/3302/ 3303/3303/ 
f 3304/3304/ 3305/3305/ 3306/3306/ 
f 3307/3307/ 3308/3308/ 3309/3309/ 
f 3310/3310/ 3311/3311/ 3312/3312/ 
f 3313/3313/ 3314/3314/ 3315/3315/ 
f 3316/3316/ 3317/3317/ 3318/3318/ 
f 3319/3319/ 3320/3320/ 3321/3321/ 
f 3322/3322/ 3323/3323/ 3324/3324/ 
f 3325/3325/ 3326/3326/ 3327/3327/ 
f 3328/3328/ 3329/3329/ 3330/3330/ 
f 3331/3331/ 3332/3332/ 3333/3333/ 
f 3334/3334/ 3335/3335/ 3336/3336/ 
f 3337/3337/ 3338/3338/ 3339/3339/ 
f 3340/3340/ 3341/3341/ 3342/3342/ 
f 3343/3343/ 3344/3344/ 3345/3345/ 
f 3346/3346/ 3347/3347/ 3348/3348/ 
f 3349/3349/ 3350/3350/ 3351/3351/ 
f 3352/3352/ 3353/3353/ 3354/3354/ 
f 3355/3355/ 3356/3356/ 3357/3357/ 
f 3358/3358/ 3359/3359/ 3360/3360/ 
f 3361/3361/ 3362/3362/ 3363/3363/ 
f 3364/3364/ 3365/3365/ 3366/3366/ 
f 3367/3367/ 3368/3368/ 3369/3369/ 
f 3370/3370/ 3371/3371/ 3372/3372/ 
f 3373/3373/ 3374/3374/ 3375/3375/ 
f 3376/3376/ 3377/3377/ 3378/3378/ 
f 3379/3379/ 3380/3380/ 3381/3381/ 
f 3382/3382/ 3383/3383/ 3384/3384/ 
f 3385/3385/ 3386/3386/ 3387/3387/ 
f 3388/3388/ 3389/3389/ 3390/3390/ 
f 3391/3391/ 3392/3392/ 3393/3393/ 
f 3394/3394/ 3395/3395/ 3396/3396/ 
f 3397/3397/ 3398/3398/ 3399/3399/ 
f 3400/3400/ 3401/3401/ 3402/3402/ 
f 3403/3403/ 3404/3404/ 3405/3405/ 
f 3406/3406/ 3407/3407/ 3408/3408/ 
f 3409/3409/ 3410/3410/ 3411/3411/ 
f 3412/3412/ 3413/3413/ 3414/3414/ 
f 3415/3415/ 3416/3416/ 3417/3417/ 
f 3418/3418/ 3419/3419/ 3420/3420/ 
f 3421/3421/ 3422/3422/ 3423/3423/ 
f 3424/3424/ 3425/3425/ 3426/3426/ 
f 3427/3427/ 3428/3428/ 3429/3429/ 
f 3430/3430/ 3431/3431/ 3432/3432/ 
f 3433/3433/ 3434/3434/ 3435/3435/ 
f 3436/3436/ 3437/3437/ 3438/3438/ 
f 3439/3439/ 3440/3440/ 3441/3441/ 
f 3442/3442/ 3443/3443/ 3444/3444/ 
f 3445/3445/ 3446/3446/ 3447/3447/ 
f 3448/3448/ 3449/3449/ 3450/3450/ 
f 3451/3451/ 3452/3452/ 3453/3453/ 
f 3454/3454/ 3455/3455/ 3456/3456/ 
f 3457/3457/ 3458/3458/ 3459/3459/ 
f 3460/3460/ 3461/3461/ 3462/3462/ 
f 3463/3463/ 3464/3464/ 3465/3465/ 
f 3466/3466/ 3467/3467/ 3468/3468/ 
f 3469/3469/ 3470/3470/ 3471/3471/ 
f 3472/3472/ 3473/3473/ 3474/3474/ 
f 3475/3475/ 3476/3476/ 3477/3477/ 
f 3478/3478/ 3479/3479/ 3480/3480/ 
f 3481/3481/ 3482/3482/ 3483/3483/ 
f 3484/3484/ 3485/3485/ 3486/3486/ 
f 3487/3487/ 3488/3488/ 3489/3489/ 
f 3490/3490/ 3491/3491/ 3492/3492/ 
f 3493/3493/ 3494/3494/ 3495/3495/ 
f 3496/3496/ 3497/3497/ 3498/3498/ 
f 3499/3499/ 3500/3500/ 3501/3501/ 
f 3502/3502/ 3503/3503/ 3504/3504/ 
f 3505/3505/ 3506/3506/ 3507/3507/ 
f 3508/3508/ 3509/3509/ 3510/3510/ 
f 3511/3511/ 3512/3512/ 3513/3513/ 
f 3514/3514/ 3515/3515/ 3516/3516/ 
f 3517/3517/ 3518/3518/ 3519/3519/ 
f 3520/3520/ 3521/3521/ 3522/3522/ 
f 3523/3523/ 3524/3524/ 3525/3525/ 
f 3526/3526/ 3527/3527/ 3528/3528/ 
f 3529/3529/ 3530/3530/ 3531/3531/ 
f 3532/3532/ 3533/3533/ 3534/3534/ 
f 3535/3535/ 3536/3536/ 3537/3537/ 
f 3538/3538/ 3539/3539/ 3540/3540/ 
f 3541/3541/ 3542/3542/ 3543/3543/ 
f 3544/3544/ 3545/3545/ 3546/3546/ 
f 3547/3547/ 3548/3548/ 3549/3549/ 
f 3550/3550/ 3551/3551/ 3552/3552/ 
f 3553/3553/ 3554/3554/ 3555/3555/ 
f 3556/3556/ 3557/3557/ 3558/3558/ 
f 3559/3559/ 3560/3560/ 3561/3561/ 
f 3562/3562/ 3563/3563/ 3564/3564/ 
f 3565/3565/ 3566/3566/ 3567/3567/ 
f 3568/3568/ 3569/3569/ 3570/3570/ 
f 3571/3571/ 3572/3572/ 3573/3573/ 
f 3574/3574/ 3575/3575/ 3576/3576/ 
f 3577/3577/ 3578/3578/ 3579/3579/ 
f 3580/3580/ 3581/3581/ 3582/3582/ 
f 3583/3583/ 3584/3584/ 3585/3585/ 
f 3586/3586/ 3587/3587/ 3588/3588/ 
f 3589/3589/ 3590/3590/ 3591/3591/ 
f 3592/3592/ 3593/3593/ 3594/3594/ 
f 3595/3595/ 3596/3596/ 3597/3597/ 
f 3598/3598/ 3599/3599/ 3600/3600/ 
f 3601/3601/ 3602/3602/ 3603/3603/ 
f 3604/3604/ 3605/3605/ 3606/3606/ 
f 3607/3607/ 3608/3608/ 3609/3609/ 
f 3610/3610/ 3611/3611/ 3612/3612/ 
f 3613/3613/ 3614/3614/ 3615/3615/ 
f 3616/3616/ 3617/3617/ 3618/3618/ 
f 3619/3619/ 3620/3620/ 3621/3621/ 
f 3622/3622/ 3623/3623/ 3624/3624/ 
f 3625/3625/ 3626/3626/ 3627/3627/ 
f 3628/3628/ 3629/3629/ 3630/3630/ 
f 3631/3631/ 3632/3632/ 3633/3633/ 
f 3634/3634/ 3635/3635/ 3636/3636/ 
f 3637/3637/ 3638/3638/ 3639/3639/ 
f 3640/3640/ 3641/3641/ 3642/3642/ 
f 3643/3643/ 3644/3644/ 3645/3645/ 
f 3646/3646/ 3647/3647/ 3648/3648/ 
f 3649/3649/ 3650/3650/ 3651/3651/ 
f 3652/3652/ 3653/3653/ 3654/3654/ 
f 3655/3655/ 3656/3656/ 3657/3657/ 
f 3658/3658/ 3659/3659/ 3660/3660/ 
f 3661/3661/ 3662/3662/ 3663/3663/ 
f 3664/3664/ 3665/3665/ 3666/3666/ 
f 3667/3667/ 3668/3668/ 3669/3669/ 
f 3670/3670/ 3671/3671/ 3672/3672/ 
f 3673/3673/ 3674/3674/ 3675/3675/ 
f 3676/3676/ 3677/3677/ 3678/3678/ 
f 3679/3679/ 3680/3680/ 3681/3681/ 
f 3682/3682/ 3683/3683/ 3684/3684/ 
f 3685/3685/ 3686/3686/ 3687/3687/ 
f 3688/3688/ 3689/3689/ 3690/3690/ 
f 3691/3691/ 3692/3692/ 3693/3693/ 
f 3694/3694/ 3695/3695/ 3696/3696/ 
f 3697/3697/ 3698/3698/ 3699/3699/ 
f 3700/3700/ 3701/3701/ 3702/3702/ 
f 3703/3703/ 3704/3704/ 3705/3705/ 
f 3706/3706/ 3707/3707/ 3708/3708/ 
f 3709/3709/ 3710/3710/ 3711/3711/ 
f 3712/3712/ 3713/3713/ 3714/3714/ 
f 3715/3715/ 3716/3716/ 3717/3717/ 
f 3718/3718/ 3719/3719/ 3720/3720/ 
f 3721/3721/ 3722/3722/ 3723/3723/ 
f 3724/3724/ 3725/3725/ 3726/3726/ 
f 3727/3727/ 3728/3728/ 3729/3729/ 
f 3730/3730/ 3731/3731/ 3732/3732/ 
f 3733/3733/ 3734/3734/ 3735/3735/ 
f 3736/3736/ 3737/3737/ 3738/3738/ 
f 3739/3739/ 3740/3740/ 3741/3741/ 
f 3742/3742/ 3743/3743/ 3744/3744/ 
f 3745/3745/ 3746/3746/ 3747/3747/ 
f 3748/3748/ 3749/3749/ 3750/3750/ 
f 3751/3751/ 3752/3752/ 3753/3753/ 
f 3754/3754/ 3755/3755/ 3756/3756/ 
f 3757/3757/ 3758/3758/ 3759/3759/ 
f 3760/3760/ 3761/3761/ 3762/3762/ 
f 3763/3763/ 3764/3764/ 3765/3765/ 
f 3766/3766/ 3767/3767/ 3768/3768/ 
f 3769/3769/ 3770/3770/ 3771/3771/ 
f 3772/3772/ 3773/3773/ 3774/3774/ 
f 3775/3775/ 3776/3776/ 3777/3777/ 
f 3778/3778/ 3779/3779/ 3780/3780/ 
f 3781/3781/ 3782/3782/ 3783/3783/ 
f 3784/3784/ 3785/3785/ 3786/3786/ 
f 3787/3787/ 3788/3788/ 3789/3789/ 
f 3790/3790/ 3791/3791/ 3792/3792/ 
f 3793/3793/ 3794/3794/ 3795/3795/ 
f 3796/3796/ 3797/3797/ 3798/3798/ 
f 3799/3799/ 3800/3800/ 3801/3801/ 
f 3802/3802/ 3803/3803/ 3804/3804/ 
f 3805/3805/ 3806/3806/ 3807/3807/ 
f 3808/3808/ 3809/3809/ 3810/3810/ 
f 3811/3811/ 3812/3812/ 3813/3813/ 
f 3814/3814/ 3815/3815/ 3816/3816/ 
f 3817/3817/ 3818/3818/ 3819/3819/ 
f 3820/3820/ 3821/3821/ 3822/3822/ 
f 3823/3823/ 3824/3824/ 3825/3825/ 
f 3826/3826/ 3827/3827/ 3828/3828/ 
f 3829/3829/ 3830/3830/ 3831/3831/ 
f 3832/3832/ 3833/3833/ 3834/3834/ 
f 3835/3835/ 3836/3836/ 3837/3837/ 
f 3838/3838/ 3839/3839/ 3840/3840/ 
f 3841/3841/ 3842/3842/ 3843/3843/ 
f 3844/3844/ 3845/3845/ 3846/3846/ 
f 3847/3847/ 3848/3848/ 3849/3849/ 
f 3850/3850/ 3851/3851/ 3852/3852/ 
f 3853/3853/ 3854/3854/ 3855/3855/ 
f 3856/3856/ 3857/3857/ 3858/3858/ 
f 3859/3859/ 3860/3860/ 3861/3861/ 
f 3862/3862/ 3863/3863/ 3864/3864/ 
f 3865/3865/ 3866/3866/ 3867/3867/ 
f 3868/3868/ 3869/3869/ 3870/3870/ 
f 3871/3871/ 3872/3872/ 3873/3873/ 
f 3874/3874/ 3875/3875/ 3876/3876/ 
f 3877/3877/ 3878/3878/ 3879/3879/ 
f 3880/3880/ 3881/3881/ 3882/3882/ 
f 3883/3883/ 3884/3884/ 3885/3885/ 
f 3886/3886/ 3887/3887/ 3888/3888/ 
f 3889/3889/ 3890/3890/ 3891/3891/ 
f 3892/3892/ 3893/3893/ 3894/3894/ 
f 3895/3895/ 3896/3896/ 3897/3897/ 
f 3898/3898/ 3899/3899/ 3900/3900/ 
f 3901/3901/ 3902/3902/ 3903/3903/ 
f 3904/3904/ 3905/3905/ 3906/3906/ 
f 3907/3907/ 3908/3908/ 3909/3909/ 
f 3910/3910/ 3911/3911/ 3912/3912/ 
f 3913/3913/ 3914/3914/ 3915/3915/ 
f 3916/3916/ 3917/3917/ 3918/3918/ 
f 3919/3919/ 3920/3920/ 3921/3921/ 
f 3922/3922/ 3923/3923/ 3924/3924/ 
f 3925/3925/ 3926/3926/ 3927/3927/ 
f 3928/3928/ 3929/3929/ 3930/3930/ 
f 3931/3931/ 3932/3932/ 3933/3933/ 
f 3934/3934/ 3935/3935/ 3936/3936/ 
f 3937/3937/ 3938/3938/ 3939/3939/ 
f 3940/3940/ 3941/3941/ 3942/3942/ 
f 3943/3943/ 3944/3944/ 3945/3945/ 
f 3946/3946/ 3947/3947/ 3948/3948/ 
f 3949/3949/ 3950/3950/ 3951/3951/ 
f 3952/3952/ 3953/3953/ 3954/3954/ 
f 3955/3955/ 3956/3956/ 3957/3957/ 
f 3958/3958/ 3959/3959/ 3960/3960/ 
f 3961/3961/ 3962/3962/ 3963/3963/ 
f 3964/3964/ 3965/3965/ 3966/3966/ 
f 3967/3967/ 3968/3968/ 3969/3969/ 
f 3970/3970/ 3971/3971/ 3972/3972/ 
f 3973/3973/ 3974/3974/ 3975/3975/ 
f 3976/3976/ 3977/3977/ 3978/3978/ 
f 3979/3979/ 3980/3980/ 3981/3981/ 
f 3982/3982/ 3983/3983/ 3984/3984/ 
f 3985/3985/ 3986/3986/ 3987/3987/ 
f 3988/3988/ 3989/3989/ 3990/3990/ 
f 3991/3991/ 3992/3992/ 3993/3993/ 
f 3994/3994/ 3995/3995/ 3996/3996/ 
f 3997/3997/ 3998/3998/ 3999/3999/ 
f 4000/4000/ 4001/4001/ 4002/4002/ 
f 4003/4003/ 4004/4004/ 4005/4005/ 
f 4006/4006/ 4007/4007/ 4008/4008/ 
f 4009/4009/ 4010/4010/ 4011/4011/ 
f 4012/4012/ 4013/4013/ 4014/4014/ 
f 4015/4015/ 4016/4016/ 4017/4017/ 
f 4018/4018/ 4019/4019/ 4020/4020/ 
f 4021/4021/ 4022/4022/ 4023/4023/ 
f 4024/4024/ 4025/4025/ 4026/4026/ 
f 4027/4027/ 4028/4028/ 4029/4029/ 
f 4030/4030/ 4031/4031/ 4032/4032/ 
f 4033/4033/ 4034/4034/ 4035/4035/ 
f 4036/4036/ 4037/4037/ 4038/4038/ 
f 4039/4039/ 4040/4040/ 4041/4041/ 
f 4042/4042/ 4043/4043/ 4044/4044/ 
f 4045/4045/ 4046/4046/ 4047/4047/ 
f 4048/4048/ 4049/4049/ 4050/4050/ 
f 4051/4051/ 4052/4052/ 4053/4053/ 
f 4054/4054/ 4055/4055/ 4056/4056/ 
f 4057/4057/ 4058/4058/ 4059/4059/ 
f 4060/4060/ 4061/4061/ 4062/4062/ 
f 4063/4063/ 4064/4064/ 4065/4065/ 
f 4066/4066/ 4067/4067/ 4068/4068/ 
f 4069/4069/ 4070/4070/ 4071/4071/ 
f 4072/4072/ 4073/4073/ 4074/4074/ 
f 4075/4075/ 4076/4076/ 4077/4077/ 
f 4078/4078/ 4079/4079/ 4080/4080/ 
f 4081/4081/ 4082/4082/ 4083/4083/ 
f 4084/4084/ 4085/4085/ 4086/4086/ 
f 4087/4087/ 4088/4088/ 4089/4089/ 
f 4090/4090/ 4091/4091/ 4092/4092/ 
f 4093/4093/ 4094/4094/ 4095/4095/ 
f 4096/4096/ 4097/4097/ 4098/4098/ 
f 4099/4099/ 4100/4100/ 4101/4101/ 
f 4102/4102/ 4103/4103/ 4104/4104/ 
f 4105/4105/ 4106/4106/ 4107/4107/ 
f 4108/4108/ 4109/4109/ 4110/4110/ 
f 4111/4111/ 4112/4112/ 4113/4113/ 
f 4114/4114/ 4115/4115/ 4116/4116/ 
f 4117/4117/ 4118/4118/ 4119/4119/ 
f 4120/4120/ 4121/4121/ 4122/4122/ 
f 4123/4123/ 4124/4124/ 4125/4125/ 
f 4126/4126/ 4127/4127/ 4128/4128/ 
f 4129/4129/ 4130/4130/ 4131/4131/ 
f 4132/4132/ 4133/4133/ 4134/4134/ 
f 4135/4135/ 4136/4136/ 4137/4137/ 
f 4138/4138/ 4139/4139/ 4140/4140/ 
f 4141/4141/ 4142/4142/ 4143/4143/ 
f 4144/4144/ 4145/4145/ 4146/4146/ 
f 4147/4147/ 4148/4148/ 4149/4149/ 
f 4150/4150/ 4151/4151/ 4152/4152/ 
f 4153/4153/ 4154/4154/ 4155/4155/ 
f 4156/4156/ 4157/4157/ 4158/4158/ 
f 4159/4159/ 4160/4160/ 4161/4161/ 
f 4162/4162/ 4163/4163/ 4164/4164/ 
f 4165/4165/ 4166/4166/ 4167/4167/ 
f 4168/4168/ 4169/4169/ 4170/4170/ 
f 4171/4171/ 4172/4172/ 4173/4173/ 
f 4174/4174/ 4175/4175/ 4176/4176/ 
f 4177/4177/ 4178/4178/ 4179/4179/ 
f 4180/4180/ 4181/4181/ 4182/4182/ 
f 4183/4183/ 4184/4184/ 4185/4185/ 
f 4186/4186/ 4187/4187/ 4188/4188/ 
f 4189/4189/ 4190/4190/ 4191/4191/ 
f 4192/4192/ 4193/4193/ 4194/4194/ 
f 4195/4195/ 4196/4196/ 4197/4197/ 
f 4198/4198/ 4199/4199/ 4200/4200/ 
f 4201/4201/ 4202/4202/ 4203/4203/ 
f 4204/4204/ 4205/4205/ 4206/4206/ 
f 4207/4207/ 4208/4208/ 4209/4209/ 
f 4210/4210/ 4211/4211/ 4212/4212/ 
f 4213/4213/ 4214/4214/ 4215/4215/ 
f 4216/4216/ 4217/4217/ 4218/4218/ 
f 4219/4219/ 4220/4220/ 4221/4221/ 
f 4222/4222/ 4223/4223/ 4224/4224/ 
f 4225/4225/ 4226/4226/ 4227/4227/ 
f 4228/4228/ 4229/4229/ 4230/4230/ 
f 4231/4231/ 4232/4232/ 4233/4233/ 
f 4234/4234/ 4235/4235/ 4236/4236/ 
f 4237/4237/ 4238/4238/ 4239/4239/ 
f 4240/4240/ 4241/4241/ 4242/4242/ 
f 4243/4243/ 4244/4244/ 4245/4245/ 
f 4246/4246/ 4247/4247/ 4248/4248/ 
f 4249/4249/ 4250/4250/ 4251/4251/ 
f 4252/4252/ 4253/4253/ 4254/4254/ 
f 4255/4255/ 4256/4256/ 4257/4257/ 
f 4258/4258/ 4259/4259/ 4260/4260/ 
f 4261/4261/ 4262/4262/ 4263/4263/ 
f 4264/4264/ 4265/4265/ 4266/4266/ 
f 4267/4267/ 4268/4268/ 4269/4269/ 
f 4270/4270/ 4271/4271/ 4272/4272/ 
f 4273/4273/ 4274/4274/ 4275/4275/ 
f 4276/4276/ 4277/4277/ 4278/4278/ 
f 4279/4279/ 4280/4280/ 4281/4281/ 
f 4282/4282/ 4283/4283/ 4284/4284/ 
f 4285/4285/ 4286/4286/ 4287/4287/ 
f 4288/4288/ 4289/4289/ 4290/4290/ 
f 4291/4291/ 4292/4292/ 4293/4293/ 
f 4294/4294/ 4295/4295/ 4296/4296/ 
f 4297/4297/ 4298/4298/ 4299/4299/ 
f 4300/4300/ 4301/4301/ 4302/4302/ 
f 4303/4303/ 4304/4304/ 4305/4305/ 
f 4306/4306/ 4307/4307/ 4308/4308/ 
f 4309/4309/ 4310/4310/ 4311/4311/ 
f 4312/4312/ 4313/4313/ 4314/4314/ 
f 4315/4315/ 4316/4316/ 4317/4317/ 
f 4318/4318/ 4319/4319/ 4320/4320/ 
f 4321/4321/ 4322/4322/ 4323/4323/ 
f 4324/4324/ 4325/4325/ 4326/4326/ 
f 4327/4327/ 4328/4328/ 4329/4329/ 
f 4330/4330/ 4331/4331/ 4332/4332/ 
f 4333/4333/ 4334/4334/ 4335/4335/ 
f 4336/4336/ 4337/4337/ 4338/4338/ 
f 4339/4339/ 4340/4340/ 4341/4341/ 
f 4342/4342/ 4343/4343/ 4344/4344/ 
f 4345/4345/ 4346/4346/ 4347/4347/ 
f 4348/4348/ 4349/4349/ 4350/4350/ 
f 4351/4351/ 4352/4352/ 4353/4353/ 
f 4354/4354/ 4355/4355/ 4356/4356/ 
f 4357/4357/ 4358/4358/ 4359/4359/ 
f 4360/4360/ 4361/4361/ 4362/4362/ 
f 4363/4363/ 4364/4364/ 4365/4365/ 
f 4366/4366/ 4367/4367/ 4368/4368/ 
f 4369/4369/ 4370/4370/ 4371/4371/ 
f 4372/4372/ 4373/4373/ 4374/4374/ 
f 4375/4375/ 4376/4376/ 4377/4377/ 
f 4378/4378/ 4379/4379/ 4380/4380/ 
f 4381/4381/ 4382/4382/ 4383/4383/ 
f 4384/4384/ 4385/4385/ 4386/4386/ 
f 4387/4387/ 4388/4388/ 4389/4389/ 
f 4390/4390/ 4391/4391/ 4392/4392/ 
f 4393/4393/ 4394/4394/ 4395/4395/ 
f 4396/4396/ 4397/4397/ 4398/4398/ 
f 4399/4399/ 4400/4400/ 4401/4401/ 
f 4402/4402/ 4403/4403/ 4404/4404/ 
f 4405/4405/ 4406/4406/ 4407/4407/ 
f 4408/4408/ 4409/4409/ 4410/4410/ 
f 4411/4411/ 4412/4412/ 4413/4413/ 
f 4414/4414/ 4415/4415/ 4416/4416/ 
f 4417/4417/ 4418/4418/ 4419/4419/ 
f 4420/4420/ 4421/4421/ 4422/4422/ 
f 4423/4423/ 4424/4424/ 4425/4425/ 
f 4426/4426/ 4427/4427/ 4428/4428/ 
f 4429/4429/ 4430/4430/ 4431/4431/ 
f 4432/4432/ 4433/4433/ 4434/4434/ 
f 4435/4435/ 4436/4436/ 4437/4437/ 
f 4438/4438/ 4439/4439/ 4440/4440/ 
f 4441/4441/ 4442/4442/ 4443/4443/ 
f 4444/4444/ 4445/4445/ 4446/4446/ 
f 4447/4447/ 4448/4448/ 4449/4449/ 
f 4450/4450/ 4451/4451/ 4452/4452/ 
f 4453/4453/ 4454/4454/ 4455/4455/ 
f 4456/4456/ 4457/4457/ 4458/4458/ 
f 4459/4459/ 4460/4460/ 4461/4461/ 
f 4462/4462/ 4463/4463/ 4464/4464/ 
f 4465/4465/ 4466/4466/ 4467/4467/ 
f 4468/4468/ 4469/4469/ 4470/4470/ 
f 4471/4471/ 4472/4472/ 4473/4473/ 
f 4474/4474/ 4475/4475/ 4476/4476/ 
f 4477/4477/ 4478/4478/ 4479/4479/ 
f 4480/4480/ 4481/4481/ 4482/4482/ 
f 4483/4483/ 4484/4484/ 4485/4485/ 
f 4486/4486/ 4487/4487/ 4488/4488/ 
f 4489/4489/ 4490/4490/ 4491/4491/ 
f 4492/4492/ 4493/4493/ 4494/4494/ 
f 4495/4495/ 4496/4496/ 4497/4497/ 
f 4498/4498/ 4499/4499/ 4500/4500/ 
f 4501/4501/ 4502/4502/ 4503/4503/ 
f 4504/4504/ 4505/4505/ 4506/4506/ 
f 4507/4507/ 4508/4508/ 4509/4509/ 
f 4510/4510/ 4511/4511/ 4512/4512/ 
f 4513/4513/ 4514/4514/ 4515/4515/ 
f 4516/4516/ 4517/4517/ 4518/4518/ 
f 4519/4519/ 4520/4520/ 4521/4521/ 
f 4522/4522/ 4523/4523/ 4524/4524/ 
f 4525/4525/ 4526/4526/ 4527/4527/ 
f 4528/4528/ 4529/4529/ 4530/4530/ 
f 4531/4531/ 4532/4532/ 4533/4533/ 
f 4534/4534/ 4535/4535/ 4536/4536/ 
f 4537/4537/ 4538/4538/ 4539/4539/ 
f 4540/4540/ 4541/4541/ 4542/4542/ 
f 4543/4543/ 4544/4544/ 4545/4545/ 
f 4546/4546/ 4547/4547/ 4548/4548/ 
f 4549/4549/ 4550/4550/ 4551/4551/ 
f 4552/4552/ 4553/4553/ 4554/4554/ 
f 4555/4555/ 4556/4556/ 4557/4557/ 
f 4558/4558/ 4559/4559/ 4560/4560/ 
f 4561/4561/ 4562/4562/ 4563/4563/ 
f 4564/4564/ 4565/4565/ 4566/4566/ 
f 4567/4567/ 4568/4568/ 4569/4569/ 
f 4570/4570/ 4571/4571/ 4572/4572/ 
f 4573/4573/ 4574/4574/ 4575/4575/ 
f 4576/4576/ 4577/4577/ 4578/4578/ 
f 4579/4579/ 4580/4580/ 4581/4581/ 
f 4582/4582/ 4583/4583/ 4584/4584/ 
f 4585/4585/ 4586/4586/ 4587/4587/ 
f 4588/4588/ 4589/4589/ 4590/4590/ 
f 4591/4591/ 4592/4592/ 4593/4593/ 
f 4594/4594/ 4595/4595/ 4596/4596/ 
f 4597/4597/ 4598/4598/ 4599/4599/ 
f 4600/4600/ 4601/4601/ 4602/4602/ 
f 4603/4603/ 4604/4604/ 4605/4605/ 
f 4606/4606/ 4607/4607/ 4608/4608/ 
f 4609/4609/ 4610/4610/ 4611/4611/ 
f 4612/4612/ 4613/4613/ 4614/4614/ 
f 4615/4615/ 4616/4616/ 4617/4617/ 
f 4618/4618/ 4619/4619/ 4620/4620/ 
f 4621/4621/ 4622/4622/ 4623/4623/ 
f 4624/4624/ 4625/4625/ 4626/4626/ 
f 4627/4627/ 4628/4628/ 4629/4629/ 
f 4630/4630/ 4631/4631/ 4632/4632/ 
f 4633/4633/ 4634/4634/ 4635/4635/ 
f 4636/4636/ 4637/4637/ 4638/4638/ 
f 4639/4639/ 4640/4640/ 4641/4641/ 
f 4642/4642/ 4643/4643/ 4644/4644/ 
f 4645/4645/ 4646/4646/ 4647/4647/ 
f 4648/4648/ 4649/4649/ 4650/4650/ 
f 4651/4651/ 4652/4652/ 4653/4653/ 
f 4654/4654/ 4655/4655/ 4656/4656/ 
f 4657/4657/ 4658/4658/ 4659/4659/ 
f 4660/4660/ 4661/4661/ 4662/4662/ 
f 4663/4663/ 4664/4664/ 4665/4665/ 
f 4666/4666/ 4667/4667/ 4668/4668/ 
f 4669/4669/ 4670/4670/ 4671/4671/ 
f 4672/4672/ 4673/4673/ 4674/4674/ 
f 4675/4675/ 4676/4676/ 4677/4677/ 
f 4678/4678/ 4679/4679/ 4680/4680/ 
f 4681/4681/ 4682/4682/ 4683/4683/ 
f 4684/4684/ 4685/4685/ 4686/4686/ 
f 4687/4687/ 4688/4688/ 4689/4689/ 
f 4690/4690/ 4691/4691/ 4692/4692/ 
f 4693/4693/ 4694/4694/ 4695/4695/ 
f 4696/4696/ 4697/4697/ 4698/4698/ 
f 4699/4699/ 4700/4700/ 4701/4701/ 
f 4702/4702/ 4703/4703/ 4704/4704/ 
f 4705/4705/ 4706/4706/ 4707/4707/ 
f 4708/4708/ 4709/4709/ 4710/4710/ 
f 4711/4711/ 4712/4712/ 4713/4713/ 
f 4714/4714/ 4715/4715/ 4716/4716/ 
f 4717/4717/ 4718/4718/ 4719/4719/ 
f 4720/4720/ 4721/4721/ 4722/4722/ 
f 4723/4723/ 4724/4724/ 4725/4725/ 
f 4726/4726/ 4727/4727/ 4728/4728/ 
f 4729/4729/ 4730/4730/ 4731/4731/ 
f 4732/4732/ 4733/4733/ 4734/4734/ 
f 4735/4735/ 4736/4736/ 4737/4737/ 
f 4738/4738/ 4739/4739/ 4740/4740/ 
f 4741/4741/ 4742/4742/ 4743/4743/ 
f 4744/4744/ 4745/4745/ 4746/4746/ 
f 4747/4747/ 4748/4748/ 4749/4749/ 
f 4750/4750/ 4751/4751/ 4752/4752/ 
f 4753/4753/ 4754/4754/ 4755/4755/ 
f 4756/4756/ 4757/4757/ 4758/4758/ 
f 4759/4759/ 4760/4760/ 4761/4761/ 
f 4762/4762/ 4763/4763/ 4764/4764/ 
f 4765/4765/ 4766/4766/ 4767/4767/ 
f 4768/4768/ 4769/4769/ 4770/4770/ 
f 4771/4771/ 4772/4772/ 4773/4773/ 
f 4774/4774/ 4775/4775/ 4776/4776/ 
f 4777/4777/ 4778/4778/ 4779/4779/ 
f 4780/4780/ 4781/4781/ 4782/4782/ 
f 4783/4783/ 4784/4784/ 4785/4785/ 
f 4786/4786/ 4787/4787/ 4788/4788/ 
f 4789/4789/ 4790/4790/ 4791/4791/ 
f 4792/4792/ 4793/4793/ 4794/4794/ 
f 4795/4795/ 4796/4796/ 4797/4797/ 
f 4798/4798/ 4799/4799/ 4800/4800/ 
f 4801/4801/ 4802/4802/ 4803/4803/ 
f 4804/4804/ 4805/4805/ 4806/4806/ 
f 4807/4807/ 4808/4808/ 4809/4809/ 
f 4810/4810/ 4811/4811/ 4812/4812/ 
f 4813/4813/ 4814/4814/ 4815/4815/ 
f 4816/4816/ 4817/4817/ 4818/4818/ 
f 4819/4819/ 4820/4820/ 4821/4821/ 
f 4822/4822/ 4823/4823/ 4824/4824/ 
f 4825/4825/ 4826/4826/ 4827/4827/ 
f 4828/4828/ 4829/4829/ 4830/4830/ 
f 4831/4831/ 4832/4832/ 4833/4833/ 
f 4834/4834/ 4835/4835/ 4836/4836/ 
f 4837/4837/ 4838/4838/ 4839/4839/ 
f 4840/4840/ 4841/4841/ 4842/4842/ 
f 4843/4843/ 4844/4844/ 4845/4845/ 
f 4846/4846/ 4847/4847/ 4848/4848/ 
f 4849/4849/ 4850/4850/ 4851/4851/ 
f 4852/4852/ 4853/4853/ 4854/4854/ 
f 4855/4855/ 4856/4856/ 4857/4857/ 
f 4858/4858/ 4859/4859/ 4860/4860/ 
f 4861/4861/ 4862/4862/ 4863/4863/ 
f 4864/4864/ 4865/4865/ 4866/4866/ 
f 4867/4867/ 4868/4868/ 4869/4869/ 
f 4870/4870/ 4871/4871/ 4872/4872/ 
f 4873/4873/ 4874/4874/ 4875/4875/ 
f 4876/4876/ 4877/4877/ 4878/4878/ 
f 4879/4879/ 4880/4880/ 4881/4881/ 
f 4882/4882/ 4883/4883/ 4884/4884/ 
f 4885/4885/ 4886/4886/ 4887/4887/ 
f 4888/4888/ 4889/4889/ 4890/4890/ 
f 4891/4891/ 4892/4892/ 4893/4893/ 
f 4894/4894/ 4895/4895/ 4896/4896/ 
f 4897/4897/ 4898/4898/ 4899/4899/ 
f 4900/4900/ 4901/4901/ 4902/4902/ 
f 4903/4903/ 4904/4904/ 4905/4905/ 
f 4906/4906/ 4907/4907/ 4908/4908/ 
f 4909/4909/ 4910/4910/ 4911/4911/ 
f 4912/4912/ 4913/4913/ 4914/4914/ 
f 4915/4915/ 4916/4916/ 4917/4917/ 
f 4918/4918/ 4919/4919/ 4920/4920/ 
f 4921/4921/ 4922/4922/ 4923/4923/ 
f 4924/4924/ 4925/4925/ 4926/4926/ 
f 4927/4927/ 4928/4928/ 4929/4929/ 
f 4930/4930/ 4931/4931/ 4932/4932/ 
f 4933/4933/ 4934/4934/ 4935/4935/ 
f 4936/4936/ 4937/4937/ 4938/4938/ 
f 4939/4939/ 4940/4940/ 4941/4941/ 
f 4942/4942/ 4943/4943/ 4944/4944/ 
f 4945/4945/ 4946/4946/ 4947/4947/ 
f 4948/4948/ 4949/4949/ 4950/4950/ 
f 4951/4951/ 4952/4952/ 4953/4953/ 
f 4954/4954/ 4955/4955/ 4956/4956/ 
f 4957/4957/ 4958/4958/ 4959/4959/ 
f 4960/4960/ 4961/4961/ 4962/4962/ 
f 4963/4963/ 4964/4964/ 4965/4965/ 
f 4966/4966/ 4967/4967/ 4968/4968/ 
f 4969/4969/ 4970/4970/ 4971/4971/ 
f 4972/4972/ 4973/4973/ 4974/4974/ 
f 4975/4975/ 4976/4976/ 4977/4977/ 
f 4978/4978/ 4979/4979/ 4980/4980/ 
f 4981/4981/ 4982/4982/ 4983/4983/ 
f 4984/4984/ 4985/4985/ 4986/4986/ 
f 4987/4987/ 4988/4988/ 4989/4989/ 
f 4990/4990/ 4991/4991/ 4992/4992/ 
f 4993/4993/ 4994/4994/ 4995/4995/ 
f 4996/4996/ 4997/4997/ 4998/4998/ 
f 4999/4999/ 5000/5000/ 5001/5001/ 
f 5002/5002/ 5003/5003/ 5004/5004/ 
f 5005/5005/ 5006/5006/ 5007/5007/ 
f 5008/5008/ 5009/5009/ 5010/5010/ 
f 5011/5011/ 5012/5012/ 5013/5013/ 
f 5014/5014/ 5015/5015/ 5016/5016/ 
f 5017/5017/ 5018/5018/ 5019/5019/ 
f 5020/5020/ 5021/5021/ 5022/5022/ 
f 5023/5023/ 5024/5024/ 5025/5025/ 
f 5026/5026/ 5027/5027/ 5028/5028/ 
f 5029/5029/ 5030/5030/ 5031/5031/ 
f 5032/5032/ 5033/5033/ 5034/5034/ 
f 5035/5035/ 5036/5036/ 5037/5037/ 
f 5038/5038/ 5039/5039/ 5040/5040/ 
f 5041/5041/ 5042/5042/ 5043/5043/ 
f 5044/5044/ 5045/5045/ 5046/5046/ 
f 5047/5047/ 5048/5048/ 5049/5049/ 
f 5050/5050/ 5051/5051/ 5052/5052/ 
f 5053/5053/ 5054/5054/ 5055/5055/ 
f 5056/5056/ 5057/5057/ 5058/5058/ 
f 5059/5059/ 5060/5060/ 5061/5061/ 
f 5062/5062/ 5063/5063/ 5064/5064/ 
f 5065/5065/ 5066/5066/ 5067/5067/ 
f 5068/5068/ 5069/5069/ 5070/5070/ 
f 5071/5071/ 5072/5072/ 5073/5073/ 
f 5074/5074/ 5075/5075/ 5076/5076/ 
f 5077/5077/ 5078/5078/ 5079/5079/ 
f 5080/5080/ 5081/5081/ 5082/5082/ 
f 5083/5083/ 5084/5084/ 5085/5085/ 
f 5086/5086/ 5087/5087/ 5088/5088/ 
f 5089/5089/ 5090/5090/ 5091/5091/ 
f 5092/5092/ 5093/5093/ 5094/5094/ 
f 5095/5095/ 5096/5096/ 5097/5097/ 
f 5098/5098/ 5099/5099/ 5100/5100/ 
f 5101/5101/ 5102/5102/ 5103/5103/ 
f 5104/5104/ 5105/5105/ 5106/5106/ 
f 5107/5107/ 5108/5108/ 5109/5109/ 
f 5110/5110/ 5111/5111/ 5112/5112/ 
f 5113/5113/ 5114/5114/ 5115/5115/ 
f 5116/5116/ 5117/5117/ 5118/5118/ 
f 5119/5119/ 5120/5120/ 5121/5121/ 
f 5122/5122/ 5123/5123/ 5124/5124/ 
f 5125/5125/ 5126/5126/ 5127/5127/ 
f 5128/5128/ 5129/5129/ 5130/5130/ 
f 5131/5131/ 5132/5132/ 5133/5133/ 
f 5134/5134/ 5135/5135/ 5136/5136/ 
f 5137/5137/ 5138/5138/ 5139/5139/ 
f 5140/5140/ 5141/5141/ 5142/5142/ 
f 5143/5143/ 5144/5144/ 5145/5145/ 
f 5146/5146/ 5147/5147/ 5148/5148/ 
f 5149/5149/ 5150/5150/ 5151/5151/ 
f 5152/5152/ 5153/5153/ 5154/5154/ 
f 5155/5155/ 5156/5156/ 5157/5157/ 
f 5158/5158/ 5159/5159/ 5160/5160/ 
f 5161/5161/ 5162/5162/ 5163/5163/ 
f 5164/5164/ 5165/5165/ 5166/5166/ 
f 5167/5167/ 5168/5168/ 5169/5169/ 
f 5170/5170/ 5171/5171/ 5172/5172/ 
f 5173/5173/ 5174/5174/ 5175/5175/ 
f 5176/5176/ 5177/5177/ 5178/5178/ 
f 5179/5179/ 5180/5180/ 5181/5181/ 
f 5182/5182/ 5183/5183/ 5184/5184/ 
f 5185/5185/ 5186/5186/ 5187/5187/ 
f 5188/5188/ 5189/5189/ 5190/5190/ 
f 5191/5191/ 5192/5192/ 5193/5193/ 
f 5194/5194/ 5195/5195/ 5196/5196/ 
f 5197/5197/ 5198/5198/ 5199/5199/ 
f 5200/5200/ 5201/5201/ 5202/5202/ 
f 5203/5203/ 5204/5204/ 5205/5205/ 
f 5206/5206/ 5207/5207/ 5208/5208/ 
f 5209/5209/ 5210/5210/ 5211/5211/ 
f 5212/5212/ 5213/5213/ 5214/5214/ 
f 5215/5215/ 5216/5216/ 5217/5217/ 
f 5218/5218/ 5219/5219/ 5220/5220/ 
f 5221/5221/ 5222/5222/ 5223/5223/ 
f 5224/5224/ 5225/5225/ 5226/5226/ 
f 5227/5227/ 5228/5228/ 5229/5229/ 
f 5230/5230/ 5231/5231/ 5232/5232/ 
f 5233/5233/ 5234/5234/ 5235/5235/ 
f 5236/5236/ 5237/5237/ 5238/5238/ 
f 5239/5239/ 5240/5240/ 5241/5241/ 
f 5242/5242/ 5243/5243/ 5244/5244/ 
f 5245/5245/ 5246/5246/ 5247/5247/ 
f 5248/5248/ 5249/5249/ 5250/5250/ 
f 5251/5251/ 5252/5252/ 5253/5253/ 
f 5254/5254/ 5255/5255/ 5256/5256/ 
f 5257/5257/ 5258/5258/ 5259/5259/ 
f 5260/5260/ 5261/5261/ 5262/5262/ 
f 5263/5263/ 5264/5264/ 5265/5265/ 
f 5266/5266/ 5267/5267/ 5268/5268/ 
f 5269/5269/ 5270/5270/ 5271/5271/ 
f 5272/5272/ 5273/5273/ 5274/5274/ 
f 5275/5275/ 5276/5276/ 5277/5277/ 
f 5278/5278/ 5279/5279/ 5280/5280/ 
f 5281/5281/ 5282/5282/ 5283/5283/ 
f 5284/5284/ 5285/5285/ 5286/5286/ 
f 5287/5287/ 5288/5288/ 5289/5289/ 
f 5290/5290/ 5291/5291/ 5292/5292/ 
f 5293/5293/ 5294/5294/ 5295/5295/ 
f 5296/5296/ 5297/5297/ 5298/5298/ 
f 5299/5299/ 5300/5300/ 5301/5301/ 
f 5302/5302/ 5303/5303/ 5304/5304/ 
f 5305/5305/ 5306/5306/ 5307/5307/ 
f 5308/5308/ 5309/5309/ 5310/5310/ 
f 5311/5311/ 5312/5312/ 5313/5313/ 
f 5314/5314/ 5315/5315/ 5316/5316/ 
f 5317/5317/ 5318/5318/ 5319/5319/ 
f 5320/5320/ 5321/5321/ 5322/5322/ 
f 5323/5323/ 5324/5324/ 5325/5325/ 
f 5326/5326/ 5327/5327/ 5328/5328/ 
f 5329/5329/ 5330/5330/ 5331/5331/ 
f 5332/5332/ 5333/5333/ 5334/5334/ 
f 5335/5335/ 5336/5336/ 5337/5337/ 
f 5338/5338/ 5339/5339/ 5340/5340/ 
f 5341/5341/ 5342/5342/ 5343/5343/ 
f 5344/5344/ 5345/5345/ 5346/5346/ 
f 5347/5347/ 5348/5348/ 5349/5349/ 
f 5350/5350/ 5351/5351/ 5352/5352/ 
f 5353/5353/ 5354/5354/ 5355/5355/ 
f 5356/5356/ 5357/5357/ 5358/5358/ 
f 5359/5359/ 5360/5360/ 5361/5361/ 
f 5362/5362/ 5363/5363/ 5364/5364/ 
f 5365/5365/ 5366/5366/ 5367/5367/ 
f 5368/5368/ 5369/5369/ 5370/5370/ 
f 5371/5371/ 5372/5372/ 5373/5373/ 
f 5374/5374/ 5375/5375/ 5376/5376/ 
f 5377/5377/ 5378/5378/ 5379/5379/ 
f 5380/5380/ 5381/5381/ 5382/5382/ 
f 5383/5383/ 5384/5384/ 5385/5385/ 
f 5386/5386/ 5387/5387/ 5388/5388/ 
f 5389/5389/ 5390/5390/ 5391/5391/ 
f 5392/5392/ 5393/5393/ 5394/5394/ 
f 5395/5395/ 5396/5396/ 5397/5397/ 
f 5398/5398/ 5399/5399/ 5400/5400/ 
f 5401/5401/ 5402/5402/ 5403/5403/ 
f 5404/5404/ 5405/5405/ 5406/5406/ 
f 5407/5407/ 5408/5408/ 5409/5409/ 
f 5410/5410/ 5411/5411/ 5412/5412/ 
f 5413/5413/ 5414/5414/ 5415/5415/ 
f 5416/5416/ 5417/5417/ 5418/5418/ 
f 5419/5419/ 5420/5420/ 5421/5421/ 
f 5422/5422/ 5423/5423/ 5424/5424/ 
f 5425/5425/ 5426/5426/ 5427/5427/ 
f 5428/5428/ 5429/5429/ 5430/5430/ 
f 5431/5431/ 5432/5432/ 5433/5433/ 
f 5434/5434/ 5435/5435/ 5436/5436/ 
f 5437/5437/ 5438/5438/ 5439/5439/ 
f 5440/5440/ 5441/5441/ 5442/5442/ 
f 5443/5443/ 5444/5444/ 5445/5445/ 
f 5446/5446/ 5447/5447/ 5448/5448/ 
f 5449/5449/ 5450/5450/ 5451/5451/ 
f 5452/5452/ 5453/5453/ 5454/5454/ 
f 5455/5455/ 5456/5456/ 5457/5457/ 
f 5458/5458/ 5459/5459/ 5460/5460/ 
f 5461/5461/ 5462/5462/ 5463/5463/ 
f 5464/5464/ 5465/5465/ 5466/5466/ 
f 5467/5467/ 5468/5468/ 5469/5469/ 
f 5470/5470/ 5471/5471/ 5472/5472/ 
f 5473/5473/ 5474/5474/ 5475/5475/ 
f 5476/5476/ 5477/5477/ 5478/5478/ 
f 5479/5479/ 5480/5480/ 5481/5481/ 
f 5482/5482/ 5483/5483/ 5484/5484/ 
f 5485/5485/ 5486/5486/ 5487/5487/ 
f 5488/5488/ 5489/5489/ 5490/5490/ 
f 5491/5491/ 5492/5492/ 5493/5493/ 
f 5494/5494/ 5495/5495/ 5496/5496/ 
f 5497/5497/ 5498/5498/ 5499/5499/ 
f 5500/5500/ 5501/5501/ 5502/5502/ 
f 5503/5503/ 5504/5504/ 5505/5505/ 
f 5506/5506/ 5507/5507/ 5508/5508/ 
f 5509/5509/ 5510/5510/ 5511/5511/ 
f 5512/5512/ 5513/5513/ 5514/5514/ 
f 5515/5515/ 5516/5516/ 5517/5517/ 
f 5518/5518/ 5519/5519/ 5520/5520/ 
f 5521/5521/ 5522/5522/ 5523/5523/ 
f 5524/5524/ 5525/5525/ 5526/5526/ 
f 5527/5527/ 5528/5528/ 5529/5529/ 
f 5530/5530/ 5531/5531/ 5532/5532/ 
f 5533/5533/ 5534/5534/ 5535/5535/ 
f 5536/5536/ 5537/5537/ 5538/5538/ 
f 5539/5539/ 5540/5540/ 5541/5541/ 
f 5542/5542/ 5543/5543/ 5544/5544/ 
f 5545/5545/ 5546/5546/ 5547/5547/ 
f 5548/5548/ 5549/5549/ 5550/5550/ 
f 5551/5551/ 5552/5552/ 5553/5553/ 
f 5554/5554/ 5555/5555/ 5556/5556/ 
f 5557/5557/ 5558/5558/ 5559/5559/ 
f 5560/5560/ 5561/5561/ 5562/5562/ 
f 5563/5563/ 5564/5564/ 5565/5565/ 
f 5566/5566/ 5567/5567/ 5568/5568/ 
f 5569/5569/ 5570/5570/ 5571/5571/ 
f 5572/5572/ 5573/5573/ 5574/5574/ 
f 5575/5575/ 5576/5576/ 5577/5577/ 
f 5578/5578/ 5579/5579/ 5580/5580/ 
f 5581/5581/ 5582/5582/ 5583/5583/ 
f 5584/5584/ 5585/5585/ 5586/5586/ 
f 5587/5587/ 5588/5588/ 5589/5589/ 
f 5590/5590/ 5591/5591/ 5592/5592/ 
f 5593/5593/ 5594/5594/ 5595/5595/ 
f 5596/5596/ 5597/5597/ 5598/5598/ 
f 5599/5599/ 5600/5600/ 5601/5601/ 
f 5602/5602/ 5603/5603/ 5604/5604/ 
f 5605/5605/ 5606/5606/ 5607/5607/ 
f 5608/5608/ 5609/5609/ 5610/5610/ 
f 5611/5611/ 5612/5612/ 5613/5613/ 
f 5614/5614/ 5615/5615/ 5616/5616/ 
f 5617/5617/ 5618/5618/ 5619/5619/ 
f 5620/5620/ 5621/5621/ 5622/5622/ 
f 5623/5623/ 5624/5624/ 5625/5625/ 
f 5626/5626/ 5627/5627/ 5628/5628/ 
f 5629/5629/ 5630/5630/ 5631/5631/ 
f 5632/5632/ 5633/5633/ 5634/5634/ 
f 5635/5635/ 5636/5636/ 5637/5637/ 
f 5638/5638/ 5639/5639/ 5640/5640/ 
f 5641/5641/ 5642/5642/ 5643/5643/ 
f 5644/5644/ 5645/5645/ 5646/5646/ 
f 5647/5647/ 5648/5648/ 5649/5649/ 
f 5650/5650/ 5651/5651/ 5652/5652/ 
f 5653/5653/ 5654/5654/ 5655/5655/ 
f 5656/5656/ 5657/5657/ 5658/5658/ 
f 5659/5659/ 5660/5660/ 5661/5661/ 
f 5662/5662/ 5663/5663/ 5664/5664/ 
f 5665/5665/ 5666/5666/ 5667/5667/ 
f 5668/5668/ 5669/5669/ 5670/5670/ 
f 5671/5671/ 5672/5672/ 5673/5673/ 
f 5674/5674/ 5675/5675/ 5676/5676/ 
f 5677/5677/ 5678/5678/ 5679/5679/ 
f 5680/5680/ 5681/5681/ 5682/5682/ 
f 5683/5683/ 5684/5684/ 5685/5685/ 
f 5686/5686/ 5687/5687/ 5688/5688/ 
f 5689/5689/ 5690/5690/ 5691/5691/ 
f 5692/5692/ 5693/5693/ 5694/5694/ 
f 5695/5695/ 5696/5696/ 5697/5697/ 
f 5698/5698/ 5699/5699/ 5700/5700/ 
f 5701/5701/ 5702/5702/ 5703/5703/ 
f 5704/5704/ 5705/5705/ 5706/5706/ 
f 5707/5707/ 5708/5708/ 5709/5709/ 
f 5710/5710/ 5711/5711/ 5712/5712/ 
f 5713/5713/ 5714/5714/ 5715/5715/ 
f 5716/5716/ 5717/5717/ 5718/5718/ 
f 5719/5719/ 5720/5720/ 5721/5721/ 
f 5722/5722/ 5723/5723/ 5724/5724/ 
f 5725/5725/ 5726/5726/ 5727/5727/ 
f 5728/5728/ 5729/5729/ 5730/5730/ 
f 5731/5731/ 5732/5732/ 5733/5733/ 
f 5734/5734/ 5735/5735/ 5736/5736/ 
f 5737/5737/ 5738/5738/ 5739/5739/ 
f 5740/5740/ 5741/5741/ 5742/5742/ 
f 5743/5743/ 5744/5744/ 5745/5745/ 
f 5746/5746/ 5747/5747/ 5748/5748/ 
f 5749/5749/ 5750/5750/ 5751/5751/ 
f 5752/5752/ 5753/5753/ 5754/5754/ 
f 5755/5755/ 5756/5756/ 5757/5757/ 
f 5758/5758/ 5759/5759/ 5760/5760/ 
f 5761/5761/ 5762/5762/ 5763/5763/ 
f 5764/5764/ 5765/5765/ 5766/5766/ 
f 5767/5767/ 5768/5768/ 5769/5769/ 
f 5770/5770/ 5771/5771/ 5772/5772/ 
f 5773/5773/ 5774/5774/ 5775/5775/ 
f 5776/5776/ 5777/5777/ 5778/5778/ 
f 5779/5779/ 5780/5780/ 5781/5781/ 
f 5782/5782/ 5783/5783/ 5784/5784/ 
f 5785/5785/ 5786/5786/ 5787/5787/ 
f 5788/5788/ 5789/5789/ 5790/5790/ 
f 5791/5791/ 5792/5792/ 5793/5793/ 
f 5794/5794/ 5795/5795/ 5796/5796/ 
f 5797/5797/ 5798/5798/ 5799/5799/ 
f 5800/5800/ 5801/5801/ 5802/5802/ 
f 5803/5803/ 5804/5804/ 5805/5805/ 
f 5806/5806/ 5807/5807/ 5808/5808/ 
f 5809/5809/ 5810/5810/ 5811/5811/ 
f 5812/5812/ 5813/5813/ 5814/5814/ 
f 5815/5815/ 5816/5816/ 5817/5817/ 
f 5818/5818/ 5819/5819/ 5820/5820/ 
f 5821/5821/ 5822/5822/ 5823/5823/ 
f 5824/5824/ 5825/5825/ 5826/5826/ 
f 5827/5827/ 5828/5828/ 5829/5829/ 
f 5830/5830/ 5831/5831/ 5832/5832/ 
f 5833/5833/ 5834/5834/ 5835/5835/ 
f 5836/5836/ 5837/5837/ 5838/5838/ 
f 5839/5839/ 5840/5840/ 5841/5841/ 
f 5842/5842/ 5843/5843/ 5844/5844/ 
f 5845/5845/ 5846/5846/ 5847/5847/ 
f 5848/5848/ 5849/5849/ 5850/5850/ 
f 5851/5851/ 5852/5852/ 5853/5853/ 
f 5854/5854/ 5855/5855/ 5856/5856/ 
f 5857/5857/ 5858/5858/ 5859/5859/ 
f 5860/5860/ 5861/5861/ 5862/5862/ 
f 5863/5863/ 5864/5864/ 5865/5865/ 
f 5866/5866/ 5867/5867/ 5868/5868/ 
f 5869/5869/ 5870/5870/ 5871/5871/ 
f 5872/5872/ 5873/5873/ 5874/5874/ 
f 5875/5875/ 5876/5876/ 5877/5877/ 
f 5878/5878/ 5879/5879/ 5880/5880/ 
f 5881/5881/ 5882/5882/ 5883/5883/ 
f 5884/5884/ 5885/5885/ 5886/5886/ 
f 5887/5887/ 5888/5888/ 5889/5889/ 
f 5890/5890/ 5891/5891/ 5892/5892/ 
f 5893/5893/ 5894/5894/ 5895/5895/ 
f 5896/5896/ 5897/5897/ 5898/5898/ 
f 5899/5899/ 5900/5900/ 5901/5901/ 
f 5902/5902/ 5903/5903/ 5904/5904/ 
f 5905/5905/ 5906/5906/ 5907/5907/ 
f 5908/5908/ 5909/5909/ 5910/5910/ 
f 5911/5911/ 5912/5912/ 5913/5913/ 
f 5914/5914/ 5915/5915/ 5916/5916/ 
f 5917/5917/ 5918/5918/ 5919/5919/ 
f 5920/5920/ 5921/5921/ 5922/5922/ 
f 5923/5923/ 5924/5924/ 5925/5925/ 
f 5926/5926/ 5927/5927/ 5928/5928/ 
f 5929/5929/ 5930/5930/ 5931/5931/ 
f 5932/5932/ 5933/5933/ 5934/5934/ 
f 5935/5935/ 5936/5936/ 5937/5937/ 
f 5938/5938/ 5939/5939/ 5940/5940/ 
f 5941/5941/ 5942/5942/ 5943/5943/ 
f 5944/5944/ 5945/5945/ 5946/5946/ 
f 5947/5947/ 5948/5948/ 5949/5949/ 
f 5950/5950/ 5951/5951/ 5952/5952/ 
f 5953/5953/ 5954/5954/ 5955/5955/ 
f 5956/5956/ 5957/5957/ 5958/5958/ 
f 5959/5959/ 5960/5960/ 5961/5961/ 
f 5962/5962/ 5963/5963/ 5964/5964/ 
f 5965/5965/ 5966/5966/ 5967/5967/ 
f 5968/5968/ 5969/5969/ 5970/5970/ 
f 5971/5971/ 5972/5972/ 5973/5973/ 
f 5974/5974/ 5975/5975/ 5976/5976/ 
f 5977/5977/ 5978/5978/ 5979/5979/ 
f 5980/5980/ 5981/5981/ 5982/5982/ 
f 5983/5983/ 5984/5984/ 5985/5985/ 
f 5986/5986/ 5987/5987/ 5988/5988/ 
f 5989/5989/ 5990/5990/ 5991/5991/ 
f 5992/5992/ 5993/5993/ 5994/5994/ 
f 5995/5995/ 5996/5996/ 5997/5997/ 
f 5998/5998/ 5999/5999/ 6000/6000/ 
f 6001/6001/ 6002/6002/ 6003/6003/ 
f 6004/6004/ 6005/6005/ 6006/6006/ 
f 6007/6007/ 6008/6008/ 6009/6009/ 
f 6010/6010/ 6011/6011/ 6012/6012/ 
f 6013/6013/ 6014/6014/ 6015/6015/ 
f 6016/6016/ 6017/6017/ 6018/6018/ 
f 6019/6019/ 6020/6020/ 6021/6021/ 
f 6022/6022/ 6023/6023/ 6024/6024/ 
f 6025/6025/ 6026/6026/ 6027/6027/ 
f 6028/6028/ 6029/6029/ 6030/6030/ 
f 6031/6031/ 6032/6032/ 6033/6033/ 
f 6034/6034/ 6035/6035/ 6036/6036/ 
f 6037/6037/ 6038/6038/ 6039/6039/ 
f 6040/6040/ 6041/6041/ 6042/6042/ 
f 6043/6043/ 6044/6044/ 6045/6045/ 
f 6046/6046/ 6047/6047/ 6048/6048/ 
f 6049/6049/ 6050/6050/ 6051/6051/ 
f 6052/6052/ 6053/6053/ 6054/6054/ 
f 6055/6055/ 6056/6056/ 6057/6057/ 
f 6058/6058/ 6059/6059/ 6060/6060/ 
f 6061/6061/ 6062/6062/ 6063/6063/ 
f 6064/6064/ 6065/6065/ 6066/6066/ 
f 6067/6067/ 6068/6068/ 6069/6069/ 
f 6070/6070/ 6071/6071/ 6072/6072/ 
f 6073/6073/ 6074/6074/ 6075/6075/ 
f 6076/6076/ 6077/6077/ 6078/6078/ 
f 6079/6079/ 6080/6080/ 6081/6081/ 
f 6082/6082/ 6083/6083/ 6084/6084/ 
f 6085/6085/ 6086/6086/ 6087/6087/ 
f 6088/6088/ 6089/6089/ 6090/6090/ 
f 6091/6091/ 6092/6092/ 6093/6093/ 
f 6094/6094/ 6095/6095/ 6096/6096/ 
f 6097/6097/ 6098/6098/ 6099/6099/ 
f 6100/6100/ 6101/6101/ 6102/6102/ 
f 6103/6103/ 6104/6104/ 6105/6105/ 
f 6106/6106/ 6107/6107/ 6108/6108/ 
f 6109/6109/ 6110/6110/ 6111/6111/ 
f 6112/6112/ 6113/6113/ 6114/6114/ 
f 6115/6115/ 6116/6116/ 6117/6117/ 
f 6118/6118/ 6119/6119/ 6120/6120/ 
f 6121/6121/ 6122/6122/ 6123/6123/ 
f 6124/6124/ 6125/6125/ 6126/6126/ 
f 6127/6127/ 6128/6128/ 6129/6129/ 
f 6130/6130/ 6131/6131/ 6132/6132/ 
f 6133/6133/ 6134/6134/ 6135/6135/ 
f 6136/6136/ 6137/6137/ 6138/6138/ 
f 6139/6139/ 6140/6140/ 6141/6141/ 
f 6142/6142/ 6143/6143/ 6144/6144/ 
f 6145/6145/ 6146/6146/ 6147/6147/ 
f 6148/6148/ 6149/6149/ 6150/6150/ 
f 6151/6151/ 6152/6152/ 6153/6153/ 
f 6154/6154/ 6155/6155/ 6156/6156/ 
f 6157/6157/ 6158/6158/ 6159/6159/ 
f 6160/6160/ 6161/6161/ 6162/6162/ 
f 6163/6163/ 6164/6164/ 6165/6165/ 
f 6166/6166/ 6167/6167/ 6168/6168/ 
f 6169/6169/ 6170/6170/ 6171/6171/ 
f 6172/6172/ 6173/6173/ 6174/6174/ 
f 6175/6175/ 6176/6176/ 6177/6177/ 
f 6178/6178/ 6179/6179/ 6180/6180/ 
f 6181/6181/ 6182/6182/ 6183/6183/ 
f 6184/6184/ 6185/6185/ 6186/6186/ 
f 6187/6187/ 6188/6188/ 6189/6189/ 
f 6190/6190/ 6191/6191/ 6192/6192/ 
f 6193/6193/ 6194/6194/ 6195/6195/ 
f 6196/6196/ 6197/6197/ 6198/6198/ 
f 6199/6199/ 6200/6200/ 6201/6201/ 
f 6202/6202/ 6203/6203/ 6204/6204/ 
f 6205/6205/ 6206/6206/ 6207/6207/ 
f 6208/6208/ 6209/6209/ 6210/6210/ 
f 6211/6211/ 6212/6212/ 6213/6213/ 
f 6214/6214/ 6215/6215/ 6216/6216/ 
f 6217/6217/ 6218/6218/ 6219/6219/ 
f 6220/6220/ 6221/6221/ 6222/6222/ 
f 6223/6223/ 6224/6224/ 6225/6225/ 
f 6226/6226/ 6227/6227/ 6228/6228/ 
f 6229/6229/ 6230/6230/ 6231/6231/ 
f 6232/6232/ 6233/6233/ 6234/6234/ 
f 6235/6235/ 6236/6236/ 6237/6237/ 
f 6238/6238/ 6239/6239/ 6240/6240/ 
f 6241/6241/ 6242/6242/ 6243/6243/ 
f 6244/6244/ 6245/6245/ 6246/6246/ 
f 6247/6247/ 6248/6248/ 6249/6249/ 
f 6250/6250/ 6251/6251/ 6252/6252/ 
f 6253/6253/ 6254/6254/ 6255/6255/ 
f 6256/6256/ 6257/6257/ 6258/6258/ 
f 6259/6259/ 6260/6260/ 6261/6261/ 
f 6262/6262/ 6263/6263/ 6264/6264/ 
f 6265/6265/ 6266/6266/ 6267/6267/ 
f 6268/6268/ 6269/6269/ 6270/6270/ 
f 6271/6271/ 6272/6272/ 6273/6273/ 
f 6274/6274/ 6275/6275/ 6276/6276/ 
f 6277/6277/ 6278/6278/ 6279/6279/ 
f 6280/6280/ 6281/6281/ 6282/6282/ 
f 6283/6283/ 6284/6284/ 6285/6285/ 
f 6286/6286/ 6287/6287/ 6288/6288/ 
f 6289/6289/ 6290/6290/ 6291/6291/ 
f 6292/6292/ 6293/6293/ 6294/6294/ 
f 6295/6295/ 6296/6296/ 6297/6297/ 
f 6298/6298/ 6299/6299/ 6300/6300/ 
f 6301/6301/ 6302/6302/ 6303/6303/ 
f 6304/6304/ 6305/6305/ 6306/6306/ 
f 6307/6307/ 6308/6308/ 6309/6309/ 
f 6310/6310/ 6311/6311/ 6312/6312/ 
f 6313/6313/ 6314/6314/ 6315/6315/ 
f 6316/6316/ 6317/6317/ 6318/6318/ 
f 6319/6319/ 6320/6320/ 6321/6321/ 
f 6322/6322/ 6323/6323/ 6324/6324/ 
f 6325/6325/ 6326/6326/ 6327/6327/ 
f 6328/6328/ 6329/6329/ 6330/6330/ 
f 6331/6331/ 6332/6332/ 6333/6333/ 
f 6334/6334/ 6335/6335/ 6336/6336/ 
f 6337/6337/ 6338/6338/ 6339/6339/ 
f 6340/6340/ 6341/6341/ 6342/6342/ 
f 6343/6343/ 6344/6344/ 6345/6345/ 
f 6346/6346/ 6347/6347/ 6348/6348/ 
f 6349/6349/ 6350/6350/ 6351/6351/ 
f 6352/6352/ 6353/6353/ 6354/6354/ 
f 6355/6355/ 6356/6356/ 6357/6357/ 
f 6358/6358/ 6359/6359/ 6360/6360/ 
f 6361/6361/ 6362/6362/ 6363/6363/ 
f 6364/6364/ 6365/6365/ 6366/6366/ 
f 6367/6367/ 6368/6368/ 6369/6369/ 
f 6370/6370/ 6371/6371/ 6372/6372/ 
f 6373/6373/ 6374/6374/ 6375/6375/ 
f 6376/6376/ 6377/6377/ 6378/6378/ 
f 6379/6379/ 6380/6380/ 6381/6381/ 
f 6382/6382/ 6383/6383/ 6384/6384/ 
f 6385/6385/ 6386/6386/ 6387/6387/ 
f 6388/6388/ 6389/6389/ 6390/6390/ 
f 6391/6391/ 6392/6392/ 6393/6393/ 
f 6394/6394/ 6395/6395/ 6396/6396/ 
f 6397/6397/ 6398/6398/ 6399/6399/ 
f 6400/6400/ 6401/6401/ 6402/6402/ 
f 6403/6403/ 6404/6404/ 6405/6405/ 
f 6406/6406/ 6407/6407/ 6408/6408/ 
f 6409/6409/ 6410/6410/ 6411/6411/ 
f 6412/6412/ 6413/6413/ 6414/6414/ 
f 6415/6415/ 6416/6416/ 6417/6417/ 
f 6418/6418/ 6419/6419/ 6420/6420/ 
f 6421/6421/ 6422/6422/ 6423/6423/ 
f 6424/6424/ 6425/6425/ 6426/6426/ 
f 6427/6427/ 6428/6428/ 6429/6429/ 
f 6430/6430/ 6431/6431/ 6432/6432/ 
f 6433/6433/ 6434/6434/ 6435/6435/ 
f 6436/6436/ 6437/6437/ 6438/6438/ 
f 6439/6439/ 6440/6440/ 6441/6441/ 
f 6442/6442/ 6443/6443/ 6444/6444/ 
f 6445/6445/ 6446/6446/ 6447/6447/ 
f 6448/6448/ 6449/6449/ 6450/6450/ 
f 6451/6451/ 6452/6452/ 6453/6453/ 
f 6454/6454/ 6455/6455/ 6456/6456/ 
f 6457/6457/ 6458/6458/ 6459/6459/ 
f 6460/6460/ 6461/6461/ 6462/6462/ 
f 6463/6463/ 6464/6464/ 6465/6465/ 
f 6466/6466/ 6467/6467/ 6468/6468/ 
f 6469/6469/ 6470/6470/ 6471/6471/ 
f 6472/6472/ 6473/6473/ 6474/6474/ 
f 6475/6475/ 6476/6476/ 6477/6477/ 
f 6478/6478/ 6479/6479/ 6480/6480/ 
f 6481/6481/ 6482/6482/ 6483/6483/ 
f 6484/6484/ 6485/6485/ 6486/6486/ 
f 6487/6487/ 6488/6488/ 6489/6489/ 
f 6490/6490/ 6491/6491/ 6492/6492/ 
f 6493/6493/ 6494/6494/ 6495/6495/ 
f 6496/6496/ 6497/6497/ 6498/6498/ 
f 6499/6499/ 6500/6500/ 6501/6501/ 
f 6502/6502/ 6503/6503/ 6504/6504/ 
f 6505/6505/ 6506/6506/ 6507/6507/ 
f 6508/6508/ 6509/6509/ 6510/6510/ 
f 6511/6511/ 6512/6512/ 6513/6513/ 
f 6514/6514/ 6515/6515/ 6516/6516/ 
f 6517/6517/ 6518/6518/ 6519/6519/ 
f 6520/6520/ 6521/6521/ 6522/6522/ 
f 6523/6523/ 6524/6524/ 6525/6525/ 
f 6526/6526/ 6527/6527/ 6528/6528/ 
f 6529/6529/ 6530/6530/ 6531/6531/ 
f 6532/6532/ 6533/6533/ 6534/6534/ 
f 6535/6535/ 6536/6536/ 6537/6537/ 
f 6538/6538/ 6539/6539/ 6540/6540/ 
f 6541/6541/ 6542/6542/ 6543/6543/ 
f 6544/6544/ 6545/6545/ 6546/6546/ 
f 6547/6547/ 6548/6548/ 6549/6549/ 
f 6550/6550/ 6551/6551/ 6552/6552/ 
f 6553/6553/ 6554/6554/ 6555/6555/ 
f 6556/6556/ 6557/6557/ 6558/6558/ 
f 6559/6559/ 6560/6560/ 6561/6561/ 
f 6562/6562/ 6563/6563/ 6564/6564/ 
f 6565/6565/ 6566/6566/ 6567/6567/ 
f 6568/6568/ 6569/6569/ 6570/6570/ 
f 6571/6571/ 6572/6572/ 6573/6573/ 
f 6574/6574/ 6575/6575/ 6576/6576/ 
f 6577/6577/ 6578/6578/ 6579/6579/ 
f 6580/6580/ 6581/6581/ 6582/6582/ 
f 6583/6583/ 6584/6584/ 6585/6585/ 
f 6586/6586/ 6587/6587/ 6588/6588/ 
f 6589/6589/ 6590/6590/ 6591/6591/ 
f 6592/6592/ 6593/6593/ 6594/6594/ 
f 6595/6595/ 6596/6596/ 6597/6597/ 
f 6598/6598/ 6599/6599/ 6600/6600/ 
f 6601/6601/ 6602/6602/ 6603/6603/ 
f 6604/6604/ 6605/6605/ 6606/6606/ 
f 6607/6607/ 6608/6608/ 6609/6609/ 
f 6610/6610/ 6611/6611/ 6612/6612/ 
f 6613/6613/ 6614/6614/ 6615/6615/ 
f 6616/6616/ 6617/6617/ 6618/6618/ 
f 6619/6619/ 6620/6620/ 6621/6621/ 
f 6622/6622/ 6623/6623/ 6624/6624/ 
f 6625/6625/ 6626/6626/ 6627/6627/ 
f 6628/6628/ 6629/6629/ 6630/6630/ 
f 6631/6631/ 6632/6632/ 6633/6633/ 
f 6634/6634/ 6635/6635/ 6636/6636/ 
f 6637/6637/ 6638/6638/ 6639/6639/ 
f 6640/6640/ 6641/6641/ 6642/6642/ 
f 6643/6643/ 6644/6644/ 6645/6645/ 
f 6646/6646/ 6647/6647/ 6648/6648/ 
f 6649/6649/ 6650/6650/ 6651/6651/ 
f 6652/6652/ 6653/6653/ 6654/6654/ 
f 6655/6655/ 6656/6656/ 6657/6657/ 
f 6658/6658/ 6659/6659/ 6660/6660/ 
f 6661/6661/ 6662/6662/ 6663/6663/ 
f 6664/6664/ 6665/6665/ 6666/6666/ 
f 6667/6667/ 6668/6668/ 6669/6669/ 
f 6670/6670/ 6671/6671/ 6672/6672/ 
f 6673/6673/ 6674/6674/ 6675/6675/ 
f 6676/6676/ 6677/6677/ 6678/6678/ 
f 6679/6679/ 6680/6680/ 6681/6681/ 
f 6682/6682/ 6683/6683/ 6684/6684/ 
f 6685/6685/ 6686/6686/ 6687/6687/ 
f 6688/6688/ 6689/6689/ 6690/6690/ 
f 6691/6691/ 6692/6692/ 6693/6693/ 
f 6694/6694/ 6695/6695/ 6696/6696/ 
f 6697/6697/ 6698/6698/ 6699/6699/ 
f 6700/6700/ 6701/6701/ 6702/6702/ 
f 6703/6703/ 6704/6704/ 6705/6705/ 
f 6706/6706/ 6707/6707/ 6708/6708/ 
f 6709/6709/ 6710/6710/ 6711/6711/ 
f 6712/6712/ 6713/6713/ 6714/6714/ 
f 6715/6715/ 6716/6716/ 6717/6717/ 
f 6718/6718/ 6719/6719/ 6720/6720/ 
f 6721/6721/ 6722/6722/ 6723/6723/ 
f 6724/6724/ 6725/6725/ 6726/6726/ 
f 6727/6727/ 6728/6728/ 6729/6729/ 
f 6730/6730/ 6731/6731/ 6732/6732/ 
f 6733/6733/ 6734/6734/ 6735/6735/ 
f 6736/6736/ 6737/6737/ 6738/6738/ 
f 6739/6739/ 6740/6740/ 6741/6741/ 
f 6742/6742/ 6743/6743/ 6744/6744/ 
f 6745/6745/ 6746/6746/ 6747/6747/ 
f 6748/6748/ 6749/6749/ 6750/6750/ 
f 6751/6751/ 6752/6752/ 6753/6753/ 
f 6754/6754/ 6755/6755/ 6756/6756/ 
f 6757/6757/ 6758/6758/ 6759/6759/ 
f 6760/6760/ 6761/6761/ 6762/6762/ 
f 6763/6763/ 6764/6764/ 6765/6765/ 
f 6766/6766/ 6767/6767/ 6768/6768/ 
f 6769/6769/ 6770/6770/ 6771/6771/ 
f 6772/6772/ 6773/6773/ 6774/6774/ 
f 6775/6775/ 6776/6776/ 6777/6777/ 
f 6778/6778/ 6779/6779/ 6780/6780/ 
f 6781/6781/ 6782/6782/ 6783/6783/ 
f 6784/6784/ 6785/6785/ 6786/6786/ 
f 6787/6787/ 6788/6788/ 6789/6789/ 
f 6790/6790/ 6791/6791/ 6792/6792/ 
f 6793/6793/ 6794/6794/ 6795/6795/ 
f 6796/6796/ 6797/6797/ 6798/6798/ 
f 6799/6799/ 6800/6800/ 6801/6801/ 
f 6802/6802/ 6803/6803/ 6804/6804/ 
f 6805/6805/ 6806/6806/ 6807/6807/ 
f 6808/6808/ 6809/6809/ 6810/6810/ 
f 6811/6811/ 6812/6812/ 6813/6813/ 
f 6814/6814/ 6815/6815/ 6816/6816/ 
f 6817/6817/ 6818/6818/ 6819/6819/ 
f 6820/6820/ 6821/6821/ 6822/6822/ 
f 6823/6823/ 6824/6824/ 6825/6825/ 
f 6826/6826/ 6827/6827/ 6828/6828/ 
f 6829/6829/ 6830/6830/ 6831/6831/ 
f 6832/6832/ 6833/6833/ 6834/6834/ 
f 6835/6835/ 6836/6836/ 6837/6837/ 
f 6838/6838/ 6839/6839/ 6840/6840/ 
f 6841/6841/ 6842/6842/ 6843/6843/ 
f 6844/6844/ 6845/6845/ 6846/6846/ 
f 6847/6847/ 6848/6848/ 6849/6849/ 
f 6850/6850/ 6851/6851/ 6852/6852/ 
f 6853/6853/ 6854/6854/ 6855/6855/ 
f 6856/6856/ 6857/6857/ 6858/6858/ 
f 6859/6859/ 6860/6860/ 6861/6861/ 
f 6862/6862/ 6863/6863/ 6864/6864/ 
f 6865/6865/ 6866/6866/ 6867/6867/ 
f 6868/6868/ 6869/6869/ 6870/6870/ 
f 6871/6871/ 6872/6872/ 6873/6873/ 
f 6874/6874/ 6875/6875/ 6876/6876/ 
f 6877/6877/ 6878/6878/ 6879/6879/ 
f 6880/6880/ 6881/6881/ 6882/6882/ 
f 6883/6883/ 6884/6884/ 6885/6885/ 
f 6886/6886/ 6887/6887/ 6888/6888/ 
f 6889/6889/ 6890/6890/ 6891/6891/ 
f 6892/6892/ 6893/6893/ 6894/6894/ 
f 6895/6895/ 6896/6896/ 6897/6897/ 
f 6898/6898/ 6899/6899/ 6900/6900/ 
f 6901/6901/ 6902/6902/ 6903/6903/ 
f 6904/6904/ 6905/6905/ 6906/6906/ 
f 6907/6907/ 6908/6908/ 6909/6909/ 
f 6910/6910/ 6911/6911/ 6912/6912/ 
f 6913/6913/ 6914/6914/ 6915/6915/ 
f 6916/6916/ 6917/6917/ 6918/6918/ 
f 6919/6919/ 6920/6920/ 6921/6921/ 
f 6922/6922/ 6923/6923/ 6924/6924/ 
f 6925/6925/ 6926/6926/ 6927/6927/ 
f 6928/6928/ 6929/6929/ 6930/6930/ 
f 6931/6931/ 6932/6932/ 6933/6933/ 
f 6934/6934/ 6935/6935/ 6936/6936/ 
f 6937/6937/ 6938/6938/ 6939/6939/ 
f 6940/6940/ 6941/6941/ 6942/6942/ 
f 6943/6943/ 6944/6944/ 6945/6945/ 
f 6946/6946/ 6947/6947/ 6948/6948/ 
f 6949/6949/ 6950/6950/ 6951/6951/ 
f 6952/6952/ 6953/6953/ 6954/6954/ 
f 6955/6955/ 6956/6956/ 6957/6957/ 
f 6958/6958/ 6959/6959/ 6960/6960/ 
f 6961/6961/ 6962/6962/ 6963/6963/ 
f 6964/6964/ 6965/6965/ 6966/6966/ 
f 6967/6967/ 6968/6968/ 6969/6969/ 
f 6970/6970/ 6971/6971/ 6972/6972/ 
f 6973/6973/ 6974/6974/ 6975/6975/ 
f 6976/6976/ 6977/6977/ 6978/6978/ 
f 6979/6979/ 6980/6980/ 6981/6981/ 
f 6982/6982/ 6983/6983/ 6984/6984/ 
f 6985/6985/ 6986/6986/ 6987/6987/ 
f 6988/6988/ 6989/6989/ 6990/6990/ 
f 6991/6991/ 6992/6992/ 6993/6993/ 
f 6994/6994/ 6995/6995/ 6996/6996/ 
f 6997/6997/ 6998/6998/ 6999/6999/ 
f 7000/7000/ 7001/7001/ 7002/7002/ 
f 7003/7003/ 7004/7004/ 7005/7005/ 
f 7006/7006/ 7007/7007/ 7008/7008/ 
f 7009/7009/ 7010/7010/ 7011/7011/ 
f 7012/7012/ 7013/7013/ 7014/7014/ 
f 7015/7015/ 7016/7016/ 7017/7017/ 
f 7018/7018/ 7019/7019/ 7020/7020/ 
f 7021/7021/ 7022/7022/ 7023/7023/ 
f 7024/7024/ 7025/7025/ 7026/7026/ 
f 7027/7027/ 7028/7028/ 7029/7029/ 
f 7030/7030/ 7031/7031/ 7032/7032/ 
f 7033/7033/ 7034/7034/ 7035/7035/ 
f 7036/7036/ 7037/7037/ 7038/7038/ 
f 7039/7039/ 7040/7040/ 7041/7041/ 
f 7042/7042/ 7043/7043/ 7044/7044/ 
f 7045/7045/ 7046/7046/ 7047/7047/ 
f 7048/7048/ 7049/7049/ 7050/7050/ 
f 7051/7051/ 7052/7052/ 7053/7053/ 
f 7054/7054/ 7055/7055/ 7056/7056/ 
f 7057/7057/ 7058/7058/ 7059/7059/ 
f 7060/7060/ 7061/7061/ 7062/7062/ 
f 7063/7063/ 7064/7064/ 7065/7065/ 
f 7066/7066/ 7067/7067/ 7068/7068/ 
f 7069/7069/ 7070/7070/ 7071/7071/ 
f 7072/7072/ 7073/7073/ 7074/7074/ 
f 7075/7075/ 7076/7076/ 7077/7077/ 
f 7078/7078/ 7079/7079/ 7080/7080/ 
f 7081/7081/ 7082/7082/ 7083/7083/ 
f 7084/7084/ 7085/7085/ 7086/7086/ 
f 7087/7087/ 7088/7088/ 7089/7089/ 
f 7090/7090/ 7091/7091/ 7092/7092/ 
f 7093/7093/ 7094/7094/ 7095/7095/ 
f 7096/7096/ 7097/7097/ 7098/7098/ 
f 7099/7099/ 7100/7100/ 7101/7101/ 
f 7102/7102/ 7103/7103/ 7104/7104/ 
f 7105/7105/ 7106/7106/ 7107/7107/ 
f 7108/7108/ 7109/7109/ 7110/7110/ 
f 7111/7111/ 7112/7112/ 7113/7113/ 
f 7114/7114/ 7115/7115/ 7116/7116/ 
f 7117/7117/ 7118/7118/ 7119/7119/ 
f 7120/7120/ 7121/7121/ 7122/7122/ 
f 7123/7123/ 7124/7124/ 7125/7125/ 
f 7126/7126/ 7127/7127/ 7128/7128/ 
f 7129/7129/ 7130/7130/ 7131/7131/ 
f 7132/7132/ 7133/7133/ 7134/7134/ 
f 7135/7135/ 7136/7136/ 7137/7137/ 
f 7138/7138/ 7139/7139/ 7140/7140/ 
f 7141/7141/ 7142/7142/ 7143/7143/ 
f 7144/7144/ 7145/7145/ 7146/7146/ 
f 7147/7147/ 7148/7148/ 7149/7149/ 
f 7150/7150/ 7151/7151/ 7152/7152/ 
f 7153/7153/ 7154/7154/ 7155/7155/ 
f 7156/7156/ 7157/7157/ 7158/7158/ 
f 7159/7159/ 7160/7160/ 7161/7161/ 
f 7162/7162/ 7163/7163/ 7164/7164/ 
f 7165/7165/ 7166/7166/ 7167/7167/ 
f 7168/7168/ 7169/7169/ 7170/7170/ 
f 7171/7171/ 7172/7172/ 7173/7173/ 
f 7174/7174/ 7175/7175/ 7176/7176/ 
f 7177/7177/ 7178/7178/ 7179/7179/ 
f 7180/7180/ 7181/7181/ 7182/7182/ 
f 7183/7183/ 7184/7184/ 7185/7185/ 
f 7186/7186/ 7187/7187/ 7188/7188/ 
f 7189/7189/ 7190/7190/ 7191/7191/ 
f 7192/7192/ 7193/7193/ 7194/7194/ 
f 7195/7195/ 7196/7196/ 7197/7197/ 
f 7198/7198/ 7199/7199/ 7200/7200/ 
f 7201/7201/ 7202/7202/ 7203/7203/ 
f 7204/7204/ 7205/7205/ 7206/7206/ 
f 7207/7207/ 7208/7208/ 7209/7209/ 
f 7210/7210/ 7211/7211/ 7212/7212/ 
f 7213/7213/ 7214/7214/ 7215/7215/ 
f 7216/7216/ 7217/7217/ 7218/7218/ 
f 7219/7219/ 7220/7220/ 7221/7221/ 
f 7222/7222/ 7223/7223/ 7224/7224/ 
f 7225/7225/ 7226/7226/ 7227/7227/ 
f 7228/7228/ 7229/7229/ 7230/7230/ 
f 7231/7231/ 7232/7232/ 7233/7233/ 
f 7234/7234/ 7235/7235/ 7236/7236/ 
f 7237/7237/ 7238/7238/ 7239/7239/ 
f 7240/7240/ 7241/7241/ 7242/7242/ 
f 7243/7243/ 7244/7244/ 7245/7245/ 
f 7246/7246/ 7247/7247/ 7248/7248/ 
f 7249/7249/ 7250/7250/ 7251/7251/ 
f 7252/7252/ 7253/7253/ 7254/7254/ 
f 7255/7255/ 7256/7256/ 7257/7257/ 
f 7258/7258/ 7259/7259/ 7260/7260/ 
f 7261/7261/ 7262/7262/ 7263/7263/ 
f 7264/7264/ 7265/7265/ 7266/7266/ 
f 7267/7267/ 7268/7268/ 7269/7269/ 
f 7270/7270/ 7271/7271/ 7272/7272/ 
f 7273/7273/ 7274/7274/ 7275/7275/ 
f 7276/7276/ 7277/7277/ 7278/7278/ 
f 7279/7279/ 7280/7280/ 7281/7281/ 
f 7282/7282/ 7283/7283/ 7284/7284/ 
f 7285/7285/ 7286/7286/ 7287/7287/ 
f 7288/7288/ 7289/7289/ 7290/7290/ 
f 7291/7291/ 7292/7292/ 7293/7293/ 
f 7294/7294/ 7295/7295/ 7296/7296/ 
f 7297/7297/ 7298/7298/ 7299/7299/ 
f 7300/7300/ 7301/7301/ 7302/7302/ 
f 7303/7303/ 7304/7304/ 7305/7305/ 
f 7306/7306/ 7307/7307/ 7308/7308/ 
f 7309/7309/ 7310/7310/ 7311/7311/ 
f 7312/7312/ 7313/7313/ 7314/7314/ 
f 7315/7315/ 7316/7316/ 7317/7317/ 
f 7318/7318/ 7319/7319/ 7320/7320/ 
f 7321/7321/ 7322/7322/ 7323/7323/ 
f 7324/7324/ 7325/7325/ 7326/7326/ 
f 7327/7327/ 7328/7328/ 7329/7329/ 
f 7330/7330/ 7331/7331/ 7332/7332/ 
f 7333/7333/ 7334/7334/ 7335/7335/ 
f 7336/7336/ 7337/7337/ 7338/7338/ 
f 7339/7339/ 7340/7340/ 7341/7341/ 
f 7342/7342/ 7343/7343/ 7344/7344/ 
f 7345/7345/ 7346/7346/ 7347/7347/ 
f 7348/7348/ 7349/7349/ 7350/7350/ 
f 7351/7351/ 7352/7352/ 7353/7353/ 
f 7354/7354/ 7355/7355/ 7356/7356/ 
f 7357/7357/ 7358/7358/ 7359/7359/ 
f 7360/7360/ 7361/7361/ 7362/7362/ 
f 7363/7363/ 7364/7364/ 7365/7365/ 
f 7366/7366/ 7367/7367/ 7368/7368/ 
f 7369/7369/ 7370/7370/ 7371/7371/ 
f 7372/7372/ 7373/7373/ 7374/7374/ 
f 7375/7375/ 7376/7376/ 7377/7377/ 
f 7378/7378/ 7379/7379/ 7380/7380/ 
f 7381/7381/ 7382/7382/ 7383/7383/ 
f 7384/7384/ 7385/7385/ 7386/7386/ 
f 7387/7387/ 7388/7388/ 7389/7389/ 
f 7390/7390/ 7391/7391/ 7392/7392/ 
f 7393/7393/ 7394/7394/ 7395/7395/ 
f 7396/7396/ 7397/7397/ 7398/7398/ 
f 7399/7399/ 7400/7400/ 7401/7401/ 
f 7402/7402/ 7403/7403/ 7404/7404/ 
f 7405/7405/ 7406/7406/ 7407/7407/ 
f 7408/7408/ 7409/7409/ 7410/7410/ 
f 7411/7411/ 7412/7412/ 7413/7413/ 
f 7414/7414/ 7415/7415/ 7416/7416/ 
f 7417/7417/ 7418/7418/ 7419/7419/ 
f 7420/7420/ 7421/7421/ 7422/7422/ 
f 7423/7423/ 7424/7424/ 7425/7425/ 
f 7426/7426/ 7427/7427/ 7428/7428/ 
f 7429/7429/ 7430/7430/ 7431/7431/ 
f 7432/7432/ 7433/7433/ 7434/7434/ 
f 7435/7435/ 7436/7436/ 7437/7437/ 
f 7438/7438/ 7439/7439/ 7440/7440/ 
f 7441/7441/ 7442/7442/ 7443/7443/ 
f 7444/7444/ 7445/7445/ 7446/7446/ 
f 7447/7447/ 7448/7448/ 7449/7449/ 
f 7450/7450/ 7451/7451/ 7452/7452/ 
f 7453/7453/ 7454/7454/ 7455/7455/ 
f 7456/7456/ 7457/7457/ 7458/7458/ 
f 7459/7459/ 7460/7460/ 7461/7461/ 
f 7462/7462/ 7463/7463/ 7464/7464/ 
f 7465/7465/ 7466/7466/ 7467/7467/ 
f 7468/7468/ 7469/7469/ 7470/7470/ 
f 7471/7471/ 7472/7472/ 7473/7473/ 
f 7474/7474/ 7475/7475/ 7476/7476/ 
f 7477/7477/ 7478/7478/ 7479/7479/ 
f 7480/7480/ 7481/7481/ 7482/7482/ 
f 7483/7483/ 7484/7484/ 7485/7485/ 
f 7486/7486/ 7487/7487/ 7488/7488/ 
f 7489/7489/ 7490/7490/ 7491/7491/ 
f 7492/7492/ 7493/7493/ 7494/7494/ 
f 7495/7495/ 7496/7496/ 7497/7497/ 
f 7498/7498/ 7499/7499/ 7500/7500/ 
f 7501/7501/ 7502/7502/ 7503/7503/ 
f 7504/7504/ 7505/7505/ 7506/7506/ 
f 7507/7507/ 7508/7508/ 7509/7509/ 
f 7510/7510/ 7511/7511/ 7512/7512/ 
f 7513/7513/ 7514/7514/ 7515/7515/ 
f 7516/7516/ 7517/7517/ 7518/7518/ 
f 7519/7519/ 7520/7520/ 7521/7521/ 
f 7522/7522/ 7523/7523/ 7524/7524/ 
f 7525/7525/ 7526/7526/ 7527/7527/ 
f 7528/7528/ 7529/7529/ 7530/7530/ 
f 7531/7531/ 7532/7532/ 7533/7533/ 
f 7534/7534/ 7535/7535/ 7536/7536/ 
f 7537/7537/ 7538/7538/ 7539/7539/ 
f 7540/7540/ 7541/7541/ 7542/7542/ 
f 7543/7543/ 7544/7544/ 7545/7545/ 
f 7546/7546/ 7547/7547/ 7548/7548/ 
f 7549/7549/ 7550/7550/ 7551/7551/ 
f 7552/7552/ 7553/7553/ 7554/7554/ 
f 7555/7555/ 7556/7556/ 7557/7557/ 
f 7558/7558/ 7559/7559/ 7560/7560/ 
f 7561/7561/ 7562/7562/ 7563/7563/ 
f 7564/7564/ 7565/7565/ 7566/7566/ 
f 7567/7567/ 7568/7568/ 7569/7569/ 
f 7570/7570/ 7571/7571/ 7572/7572/ 
f 7573/7573/ 7574/7574/ 7575/7575/ 
f 7576/7576/ 7577/7577/ 7578/7578/ 
f 7579/7579/ 7580/7580/ 7581/7581/ 
f 7582/7582/ 7583/7583/ 7584/7584/ 
f 7585/7585/ 7586/7586/ 7587/7587/ 
f 7588/7588/ 7589/7589/ 7590/7590/ 
f 7591/7591/ 7592/7592/ 7593/7593/ 
f 7594/7594/ 7595/7595/ 7596/7596/ 
f 7597/7597/ 7598/7598/ 7599/7599/ 
f 7600/7600/ 7601/7601/ 7602/7602/ 
f 7603/7603/ 7604/7604/ 7605/7605/ 
f 7606/7606/ 7607/7607/ 7608/7608/ 
f 7609/7609/ 7610/7610/ 7611/7611/ 
f 7612/7612/ 7613/7613/ 7614/7614/ 
f 7615/7615/ 7616/7616/ 7617/7617/ 
f 7618/7618/ 7619/7619/ 7620/7620/ 
f 7621/7621/ 7622/7622/ 7623/7623/ 
f 7624/7624/ 7625/7625/ 7626/7626/ 
f 7627/7627/ 7628/7628/ 7629/7629/ 
f 7630/7630/ 7631/7631/ 7632/7632/ 
f 7633/7633/ 7634/7634/ 7635/7635/ 
f 7636/7636/ 7637/7637/ 7638/7638/ 
f 7639/7639/ 7640/7640/ 7641/7641/ 
f 7642/7642/ 7643/7643/ 7644/7644/ 
f 7645/7645/ 7646/7646/ 7647/7647/ 
f 7648/7648/ 7649/7649/ 7650/7650/ 
f 7651/7651/ 7652/7652/ 7653/7653/ 
f 7654/7654/ 7655/7655/ 7656/7656/ 
f 7657/7657/ 7658/7658/ 7659/7659/ 
f 7660/7660/ 7661/7661/ 7662/7662/ 
f 7663/7663/ 7664/7664/ 7665/7665/ 
f 7666/7666/ 7667/7667/ 7668/7668/ 
f 7669/7669/ 7670/7670/ 7671/7671/ 
f 7672/7672/ 7673/7673/ 7674/7674/ 
f 7675/7675/ 7676/7676/ 7677/7677/ 
f 7678/7678/ 7679/7679/ 7680/7680/ 
f 7681/7681/ 7682/7682/ 7683/7683/ 
f 7684/7684/ 7685/7685/ 7686/7686/ 
f 7687/7687/ 7688/7688/ 7689/7689/ 
f 7690/7690/ 7691/7691/ 7692/7692/ 
f 7693/7693/ 7694/7694/ 7695/7695/ 
f 7696/7696/ 7697/7697/ 7698/7698/ 
f 7699/7699/ 7700/7700/ 7701/7701/ 
f 7702/7702/ 7703/7703/ 7704/7704/ 
f 7705/7705/ 7706/7706/ 7707/7707/ 
f 7708/7708/ 7709/7709/ 7710/7710/ 
f 7711/7711/ 7712/7712/ 7713/7713/ 
f 7714/7714/ 7715/7715/ 7716/7716/ 
f 7717/7717/ 7718/7718/ 7719/7719/ 
f 7720/7720/ 7721/7721/ 7722/7722/ 
f 7723/7723/ 7724/7724/ 7725/7725/ 
f 7726/7726/ 7727/7727/ 7728/7728/ 
f 7729/7729/ 7730/7730/ 7731/7731/ 
f 7732/7732/ 7733/7733/ 7734/7734/ 
f 7735/7735/ 7736/7736/ 7737/7737/ 
f 7738/7738/ 7739/7739/ 7740/7740/ 
f 7741/7741/ 7742/7742/ 7743/7743/ 
f 7744/7744/ 7745/7745/ 7746/7746/ 
f 7747/7747/ 7748/7748/ 7749/7749/ 
f 7750/7750/ 7751/7751/ 7752/7752/ 
f 7753/7753/ 7754/7754/ 7755/7755/ 
f 7756/7756/ 7757/7757/ 7758/7758/ 
f 7759/7759/ 7760/7760/ 7761/7761/ 
f 7762/7762/ 7763/7763/ 7764/7764/ 
f 7765/7765/ 7766/7766/ 7767/7767/ 
f 7768/7768/ 7769/7769/ 7770/7770/ 
f 7771/7771/ 7772/7772/ 7773/7773/ 
f 7774/7774/ 7775/7775/ 7776/7776/ 
f 7777/7777/ 7778/7778/ 7779/7779/ 
f 7780/7780/ 7781/7781/ 7782/7782/ 
f 7783/7783/ 7784/7784/ 7785/7785/ 
f 7786/7786/ 7787/7787/ 7788/7788/ 
f 7789/7789/ 7790/7790/ 7791/7791/ 
f 7792/7792/ 7793/7793/ 7794/7794/ 
f 7795/7795/ 7796/7796/ 7797/7797/ 
f 7798/7798/ 7799/7799/ 7800/7800/ 
f 7801/7801/ 7802/7802/ 7803/7803/ 
f 7804/7804/ 7805/7805/ 7806/7806/ 
f 7807/7807/ 7808/7808/ 7809/7809/ 
f 7810/7810/ 7811/7811/ 7812/7812/ 
f 7813/7813/ 7814/7814/ 7815/7815/ 
f 7816/7816/ 7817/7817/ 7818/7818/ 
f 7819/7819/ 7820/7820/ 7821/7821/ 
f 7822/7822/ 7823/7823/ 7824/7824/ 
f 7825/7825/ 7826/7826/ 7827/7827/ 
f 7828/7828/ 7829/7829/ 7830/7830/ 
f 7831/7831/ 7832/7832/ 7833/7833/ 
f 7834/7834/ 7835/7835/ 7836/7836/ 
f 7837/7837/ 7838/7838/ 7839/7839/ 
f 7840/7840/ 7841/7841/ 7842/7842/ 
f 7843/7843/ 7844/7844/ 7845/7845/ 
f 7846/7846/ 7847/7847/ 7848/7848/ 
f 7849/7849/ 7850/7850/ 7851/7851/ 
f 7852/7852/ 7853/7853/ 7854/7854/ 
f 7855/7855/ 7856/7856/ 7857/7857/ 
f 7858/7858/ 7859/7859/ 7860/7860/ 
f 7861/7861/ 7862/7862/ 7863/7863/ 
f 7864/7864/ 7865/7865/ 7866/7866/ 
f 7867/7867/ 7868/7868/ 7869/7869/ 
f 7870/7870/ 7871/7871/ 7872/7872/ 
f 7873/7873/ 7874/7874/ 7875/7875/ 
f 7876/7876/ 7877/7877/ 7878/7878/ 
f 7879/7879/ 7880/7880/ 7881/7881/ 
f 7882/7882/ 7883/7883/ 7884/7884/ 
f 7885/7885/ 7886/7886/ 7887/7887/ 
f 7888/7888/ 7889/7889/ 7890/7890/ 
f 7891/7891/ 7892/7892/ 7893/7893/ 
f 7894/7894/ 7895/7895/ 7896/7896/ 
f 7897/7897/ 7898/7898/ 7899/7899/ 
f 7900/7900/ 7901/7901/ 7902/7902/ 
f 7903/7903/ 7904/7904/ 7905/7905/ 
f 7906/7906/ 7907/7907/ 7908/7908/ 
f 7909/7909/ 7910/7910/ 7911/7911/ 
f 7912/7912/ 7913/7913/ 7914/7914/ 
f 7915/7915/ 7916/7916/ 7917/7917/ 
f 7918/7918/ 7919/7919/ 7920/7920/ 
f 7921/7921/ 7922/7922/ 7923/7923/ 
f 7924/7924/ 7925/7925/ 7926/7926/ 
f 7927/7927/ 7928/7928/ 7929/7929/ 
f 7930/7930/ 7931/7931/ 7932/7932/ 
f 7933/7933/ 7934/7934/ 7935/7935/ 
f 7936/7936/ 7937/7937/ 7938/7938/ 
f 7939/7939/ 7940/7940/ 7941/7941/ 
f 7942/7942/ 7943/7943/ 7944/7944/ 
f 7945/7945/ 7946/7946/ 7947/7947/ 
f 7948/7948/ 7949/7949/ 7950/7950/ 
f 7951/7951/ 7952/7952/ 7953/7953/ 
f 7954/7954/ 7955/7955/ 7956/7956/ 
f 7957/7957/ 7958/7958/ 7959/7959/ 
f 7960/7960/ 7961/7961/ 7962/7962/ 
f 7963/7963/ 7964/7964/ 7965/7965/ 
f 7966/7966/ 7967/7967/ 7968/7968/ 
f 7969/7969/ 7970/7970/ 7971/7971/ 
f 7972/7972/ 7973/7973/ 7974/7974/ 
f 7975/7975/ 7976/7976/ 7977/7977/ 
f 7978/7978/ 7979/7979/ 7980/7980/ 
f 7981/7981/ 7982/7982/ 7983/7983/ 
f 7984/7984/ 7985/7985/ 7986/7986/ 
f 7987/7987/ 7988/7988/ 7989/7989/ 
f 7990/7990/ 7991/7991/ 7992/7992/ 
f 7993/7993/ 7994/7994/ 7995/7995/ 
f 7996/7996/ 7997/7997/ 7998/7998/ 
f 7999/7999/ 8000/8000/ 8001/8001/ 
f 8002/8002/ 8003/8003/ 8004/8004/ 
f 8005/8005/ 8006/8006/ 8007/8007/ 
f 8008/8008/ 8009/8009/ 8010/8010/ 
f 8011/8011/ 8012/8012/ 8013/8013/ 
f 8014/8014/ 8015/8015/ 8016/8016/ 
f 8017/8017/ 8018/8018/ 8019/8019/ 
f 8020/8020/ 8021/8021/ 8022/8022/ 
f 8023/8023/ 8024/8024/ 8025/8025/ 
f 8026/8026/ 8027/8027/ 8028/8028/ 
f 8029/8029/ 8030/8030/ 8031/8031/ 
f 8032/8032/ 8033/8033/ 8034/8034/ 
f 8035/8035/ 8036/8036/ 8037/8037/ 
f 8038/8038/ 8039/8039/ 8040/8040/ 
f 8041/8041/ 8042/8042/ 8043/8043/ 
f 8044/8044/ 8045/8045/ 8046/8046/ 
f 8047/8047/ 8048/8048/ 8049/8049/ 
f 8050/8050/ 8051/8051/ 8052/8052/ 
f 8053/8053/ 8054/8054/ 8055/8055/ 
f 8056/8056/ 8057/8057/ 8058/8058/ 
f 8059/8059/ 8060/8060/ 8061/8061/ 
f 8062/8062/ 8063/8063/ 8064/8064/ 
f 8065/8065/ 8066/8066/ 8067/8067/ 
f 8068/8068/ 8069/8069/ 8070/8070/ 
f 8071/8071/ 8072/8072/ 8073/8073/ 
f 8074/8074/ 8075/8075/ 8076/8076/ 
f 8077/8077/ 8078/8078/ 8079/8079/ 
f 8080/8080/ 8081/8081/ 8082/8082/ 
f 8083/8083/ 8084/8084/ 8085/8085/ 
f 8086/8086/ 8087/8087/ 8088/8088/ 
f 8089/8089/ 8090/8090/ 8091/8091/ 
f 8092/8092/ 8093/8093/ 8094/8094/ 
f 8095/8095/ 8096/8096/ 8097/8097/ 
f 8098/8098/ 8099/8099/ 8100/8100/ 
f 8101/8101/ 8102/8102/ 8103/8103/ 
f 8104/8104/ 8105/8105/ 8106/8106/ 
f 8107/8107/ 8108/8108/ 8109/8109/ 
f 8110/8110/ 8111/8111/ 8112/8112/ 
f 8113/8113/ 8114/8114/ 8115/8115/ 
f 8116/8116/ 8117/8117/ 8118/8118/ 
f 8119/8119/ 8120/8120/ 8121/8121/ 
f 8122/8122/ 8123/8123/ 8124/8124/ 
f 8125/8125/ 8126/8126/ 8127/8127/ 
f 8128/8128/ 8129/8129/ 8130/8130/ 
f 8131/8131/ 8132/8132/ 8133/8133/ 
f 8134/8134/ 8135/8135/ 8136/8136/ 
f 8137/8137/ 8138/8138/ 8139/8139/ 
f 8140/8140/ 8141/8141/ 8142/8142/ 
f 8143/8143/ 8144/8144/ 8145/8145/ 
f 8146/8146/ 8147/8147/ 8148/8148/ 
f 8149/8149/ 8150/8150/ 8151/8151/ 
f 8152/8152/ 8153/8153/ 8154/8154/ 
f 8155/8155/ 8156/8156/ 8157/8157/ 
f 8158/8158/ 8159/8159/ 8160/8160/ 
f 8161/8161/ 8162/8162/ 8163/8163/ 
f 8164/8164/ 8165/8165/ 8166/8166/ 
f 8167/8167/ 8168/8168/ 8169/8169/ 
f 8170/8170/ 8171/8171/ 8172/8172/ 
f 8173/8173/ 8174/8174/ 8175/8175/ 
f 8176/8176/ 8177/8177/ 8178/8178/ 
f 8179/8179/ 8180/8180/ 8181/8181/ 
f 8182/8182/ 8183/8183/ 8184/8184/ 
f 8185/8185/ 8186/8186/ 8187/8187/ 
f 8188/8188/ 8189/8189/ 8190/8190/ 
f 8191/8191/ 8192/8192/ 8193/8193/ 
f 8194/8194/ 8195/8195/ 8196/8196/ 
f 8197/8197/ 8198/8198/ 8199/8199/ 
f 8200/8200/ 8201/8201/ 8202/8202/ 
f 8203/8203/ 8204/8204/ 8205/8205/ 
f 8206/8206/ 8207/8207/ 8208/8208/ 
f 8209/8209/ 8210/8210/ 8211/8211/ 
f 8212/8212/ 8213/8213/ 8214/8214/ 
f 8215/8215/ 8216/8216/ 8217/8217/ 
f 8218/8218/ 8219/8219/ 8220/8220/ 
f 8221/8221/ 8222/8222/ 8223/8223/ 
f 8224/8224/ 8225/8225/ 8226/8226/ 
f 8227/8227/ 8228/8228/ 8229/8229/ 
f 8230/8230/ 8231/8231/ 8232/8232/ 
f 8233/8233/ 8234/8234/ 8235/8235/ 
f 8236/8236/ 8237/8237/ 8238/8238/ 
f 8239/8239/ 8240/8240/ 8241/8241/ 
f 8242/8242/ 8243/8243/ 8244/8244/ 
f 8245/8245/ 8246/8246/ 8247/8247/ 
f 8248/8248/ 8249/8249/ 8250/8250/ 
f 8251/8251/ 8252/8252/ 8253/8253/ 
f 8254/8254/ 8255/8255/ 8256/8256/ 
f 8257/8257/ 8258/8258/ 8259/8259/ 
f 8260/8260/ 8261/8261/ 8262/8262/ 
f 8263/8263/ 8264/8264/ 8265/8265/ 
f 8266/8266/ 8267/8267/ 8268/8268/ 
f 8269/8269/ 8270/8270/ 8271/8271/ 
f 8272/8272/ 8273/8273/ 8274/8274/ 
f 8275/8275/ 8276/8276/ 8277/8277/ 
f 8278/8278/ 8279/8279/ 8280/8280/ 
f 8281/8281/ 8282/8282/ 8283/8283/ 
f 8284/8284/ 8285/8285/ 8286/8286/ 
f 8287/8287/ 8288/8288/ 8289/8289/ 
f 8290/8290/ 8291/8291/ 8292/8292/ 
f 8293/8293/ 8294/8294/ 8295/8295/ 
f 8296/8296/ 8297/8297/ 8298/8298/ 
f 8299/8299/ 8300/8300/ 8301/8301/ 
f 8302/8302/ 8303/8303/ 8304/8304/ 
f 8305/8305/ 8306/8306/ 8307/8307/ 
f 8308/8308/ 8309/8309/ 8310/8310/ 
f 8311/8311/ 8312/8312/ 8313/8313/ 
f 8314/8314/ 8315/8315/ 8316/8316/ 
f 8317/8317/ 8318/8318/ 8319/8319/ 
f 8320/8320/ 8321/8321/ 8322/8322/ 
f 8323/8323/ 8324/8324/ 8325/8325/ 
f 8326/8326/ 8327/8327/ 8328/8328/ 
f 8329/8329/ 8330/8330/ 8331/8331/ 
f 8332/8332/ 8333/8333/ 8334/8334/ 
f 8335/8335/ 8336/8336/ 8337/8337/ 
f 8338/8338/ 8339/8339/ 8340/8340/ 
f 8341/8341/ 8342/8342/ 8343/8343/ 
f 8344/8344/ 8345/8345/ 8346/8346/ 
f 8347/8347/ 8348/8348/ 8349/8349/ 
f 8350/8350/ 8351/8351/ 8352/8352/ 
f 8353/8353/ 8354/8354/ 8355/8355/ 
f 8356/8356/ 8357/8357/ 8358/8358/ 
f 8359/8359/ 8360/8360/ 8361/8361/ 
f 8362/8362/ 8363/8363/ 8364/8364/ 
f 8365/8365/ 8366/8366/ 8367/8367/ 
f 8368/8368/ 8369/8369/ 8370/8370/ 
f 8371/8371/ 8372/8372/ 8373/8373/ 
f 8374/8374/ 8375/8375/ 8376/8376/ 
f 8377/8377/ 8378/8378/ 8379/8379/ 
f 8380/8380/ 8381/8381/ 8382/8382/ 
f 8383/8383/ 8384/8384/ 8385/8385/ 
f 8386/8386/ 8387/8387/ 8388/8388/ 
f 8389/8389/ 8390/8390/ 8391/8391/ 
f 8392/8392/ 8393/8393/ 8394/8394/ 
f 8395/8395/ 8396/8396/ 8397/8397/ 
f 8398/8398/ 8399/8399/ 8400/8400/ 
f 8401/8401/ 8402/8402/ 8403/8403/ 
f 8404/8404/ 8405/8405/ 8406/8406/ 
f 8407/8407/ 8408/8408/ 8409/8409/ 
f 8410/8410/ 8411/8411/ 8412/8412/ 
f 8413/8413/ 8414/8414/ 8415/8415/ 
f 8416/8416/ 8417/8417/ 8418/8418/ 
f 8419/8419/ 8420/8420/ 8421/8421/ 
f 8422/8422/ 8423/8423/ 8424/8424/ 
f 8425/8425/ 8426/8426/ 8427/8427/ 
f 8428/8428/ 8429/8429/ 8430/8430/ 
f 8431/8431/ 8432/8432/ 8433/8433/ 
f 8434/8434/ 8435/8435/ 8436/8436/ 
f 8437/8437/ 8438/8438/ 8439/8439/ 
f 8440/8440/ 8441/8441/ 8442/8442/ 
f 8443/8443/ 8444/8444/ 8445/8445/ 
f 8446/8446/ 8447/8447/ 8448/8448/ 
f 8449/8449/ 8450/8450/ 8451/8451/ 
f 8452/8452/ 8453/8453/ 8454/8454/ 
f 8455/8455/ 8456/8456/ 8457/8457/ 
f 8458/8458/ 8459/8459/ 8460/8460/ 
f 8461/8461/ 8462/8462/ 8463/8463/ 
f 8464/8464/ 8465/8465/ 8466/8466/ 
f 8467/8467/ 8468/8468/ 8469/8469/ 
f 8470/8470/ 8471/8471/ 8472/8472/ 
f 8473/8473/ 8474/8474/ 8475/8475/ 
f 8476/8476/ 8477/8477/ 8478/8478/ 
f 8479/8479/ 8480/8480/ 8481/8481/ 
f 8482/8482/ 8483/8483/ 8484/8484/ 
f 8485/8485/ 8486/8486/ 8487/8487/ 
f 8488/8488/ 8489/8489/ 8490/8490/ 
f 8491/8491/ 8492/8492/ 8493/8493/ 
f 8494/8494/ 8495/8495/ 8496/8496/ 
f 8497/8497/ 8498/8498/ 8499/8499/ 
f 8500/8500/ 8501/8501/ 8502/8502/ 
f 8503/8503/ 8504/8504/ 8505/8505/ 
f 8506/8506/ 8507/8507/ 8508/8508/ 
f 8509/8509/ 8510/8510/ 8511/8511/ 
f 8512/8512/ 8513/8513/ 8514/8514/ 
f 8515/8515/ 8516/8516/ 8517/8517/ 
f 8518/8518/ 8519/8519/ 8520/8520/ 
f 8521/8521/ 8522/8522/ 8523/8523/ 
f 8524/8524/ 8525/8525/ 8526/8526/ 
f 8527/8527/ 8528/8528/ 8529/8529/ 
f 8530/8530/ 8531/8531/ 8532/8532/ 
f 8533/8533/ 8534/8534/ 8535/8535/ 
f 8536/8536/ 8537/8537/ 8538/8538/ 
f 8539/8539/ 8540/8540/ 8541/8541/ 
f 8542/8542/ 8543/8543/ 8544/8544/ 
f 8545/8545/ 8546/8546/ 8547/8547/ 
f 8548/8548/ 8549/8549/ 8550/8550/ 
f 8551/8551/ 8552/8552/ 8553/8553/ 
f 8554/8554/ 8555/8555/ 8556/8556/ 
f 8557/8557/ 8558/8558/ 8559/8559/ 
f 8560/8560/ 8561/8561/ 8562/8562/ 
f 8563/8563/ 8564/8564/ 8565/8565/ 
f 8566/8566/ 8567/8567/ 8568/8568/ 
f 8569/8569/ 8570/8570/ 8571/8571/ 
f 8572/8572/ 8573/8573/ 8574/8574/ 
f 8575/8575/ 8576/8576/ 8577/8577/ 
f 8578/8578/ 8579/8579/ 8580/8580/ 
f 8581/8581/ 8582/8582/ 8583/8583/ 
f 8584/8584/ 8585/8585/ 8586/8586/ 
f 8587/8587/ 8588/8588/ 8589/8589/ 
f 8590/8590/ 8591/8591/ 8592/8592/ 
f 8593/8593/ 8594/8594/ 8595/8595/ 
f 8596/8596/ 8597/8597/ 8598/8598/ 
f 8599/8599/ 8600/8600/ 8601/8601/ 
f 8602/8602/ 8603/8603/ 8604/8604/ 
f 8605/8605/ 8606/8606/ 8607/8607/ 
f 8608/8608/ 8609/8609/ 8610/8610/ 
f 8611/8611/ 8612/8612/ 8613/8613/ 
f 8614/8614/ 8615/8615/ 8616/8616/ 
f 8617/8617/ 8618/8618/ 8619/8619/ 
f 8620/8620/ 8621/8621/ 8622/8622/ 
f 8623/8623/ 8624/8624/ 8625/8625/ 
f 8626/8626/ 8627/8627/ 8628/8628/ 
f 8629/8629/ 8630/8630/ 8631/8631/ 
f 8632/8632/ 8633/8633/ 8634/8634/ 
f 8635/8635/ 8636/8636/ 8637/8637/ 
f 8638/8638/ 8639/8639/ 8640/8640/ 
f 8641/8641/ 8642/8642/ 8643/8643/ 
f 8644/8644/ 8645/8645/ 8646/8646/ 
f 8647/8647/ 8648/8648/ 8649/8649/ 
f 8650/8650/ 8651/8651/ 8652/8652/ 
f 8653/8653/ 8654/8654/ 8655/8655/ 
f 8656/8656/ 8657/8657/ 8658/8658/ 
f 8659/8659/ 8660/8660/ 8661/8661/ 
f 8662/8662/ 8663/8663/ 8664/8664/ 
f 8665/8665/ 8666/8666/ 8667/8667/ 
f 8668/8668/ 8669/8669/ 8670/8670/ 
f 8671/8671/ 8672/8672/ 8673/8673/ 
f 8674/8674/ 8675/8675/ 8676/8676/ 
f 8677/8677/ 8678/8678/ 8679/8679/ 
f 8680/8680/ 8681/8681/ 8682/8682/ 
f 8683/8683/ 8684/8684/ 8685/8685/ 
f 8686/8686/ 8687/8687/ 8688/8688/ 
f 8689/8689/ 8690/8690/ 8691/8691/ 
f 8692/8692/ 8693/8693/ 8694/8694/ 
f 8695/8695/ 8696/8696/ 8697/8697/ 
f 8698/8698/ 8699/8699/ 8700/8700/ 
f 8701/8701/ 8702/8702/ 8703/8703/ 
f 8704/8704/ 8705/8705/ 8706/8706/ 
f 8707/8707/ 8708/8708/ 8709/8709/ 
f 8710/8710/ 8711/8711/ 8712/8712/ 
f 8713/8713/ 8714/8714/ 8715/8715/ 
f 8716/8716/ 8717/8717/ 8718/8718/ 
f 8719/8719/ 8720/8720/ 8721/8721/ 
f 8722/8722/ 8723/8723/ 8724/8724/ 
f 8725/8725/ 8726/8726/ 8727/8727/ 
f 8728/8728/ 8729/8729/ 8730/8730/ 
f 8731/8731/ 8732/8732/ 8733/8733/ 
f 8734/8734/ 8735/8735/ 8736/8736/ 
f 8737/8737/ 8738/8738/ 8739/8739/ 
f 8740/8740/ 8741/8741/ 8742/8742/ 
f 8743/8743/ 8744/8744/ 8745/8745/ 
f 8746/8746/ 8747/8747/ 8748/8748/ 
