####
#
# OBJ File Generated by Meshlab
#
####
# Object cow.obj
#
# Vertices: 7772
# Faces: 5804
#
####
mtllib ./cow.obj.mtl

v 4.763340 -1.367910 3.029490
v 4.854960 -1.362970 3.098890
v 4.735140 -1.389550 3.084120
v 4.926190 0.143477 2.298470
v 4.982360 0.097530 2.311960
v 4.944710 0.136714 2.279320
v 2.377810 -1.238990 -3.045450
v 2.309360 -1.240170 -2.906810
v 2.440240 -1.458080 -3.070900
v 2.440240 0.580760 -3.070900
v 2.377810 0.361672 -3.045450
v 2.197940 0.497777 -3.145290
v 2.180010 0.383152 -0.691900
v 2.386470 0.322707 -0.677410
v 2.158050 0.345281 -0.770950
v 2.099570 0.617100 -0.821340
v 2.024690 0.733800 -0.635990
v 2.148550 0.626750 -0.664410
v 2.757950 0.033024 -0.661300
v 2.847360 -0.036359 -0.665150
v 2.617970 0.081578 -0.796940
v -3.765740 -0.332379 0.945730
v -3.786740 -0.354369 0.592452
v -3.811190 -0.346627 0.940595
v -3.921870 -0.293353 -0.099842
v -3.910550 -0.275501 -0.163059
v -3.988140 -0.215011 -0.524129
v -3.703190 -0.522922 0.601842
v -3.672560 -0.487338 0.605285
v -3.720270 -0.530724 0.950865
v -4.073090 -0.200278 -1.210830
v -3.977660 -0.253751 -1.312180
v -4.175760 -0.298001 -1.369560
v 4.153170 0.361008 2.523480
v 4.289050 0.420033 2.611630
v 4.290380 0.361530 2.551000
v 4.149440 0.915030 2.779210
v 4.169400 0.845370 2.744940
v 4.129930 0.963600 2.747430
v 3.870550 -0.069696 2.730770
v 3.823350 -0.010304 2.580390
v 3.758210 -0.115609 2.645340
v 4.304560 0.133582 2.345200
v 4.377100 0.157083 2.310370
v 4.303620 0.171728 2.238570
v 4.386380 0.158006 2.209530
v 4.432610 0.139228 2.317530
v 4.459680 0.149525 2.217540
v 4.022590 0.464624 2.561710
v 4.059710 0.449492 2.633570
v 4.020300 0.563700 2.580330
v 3.892380 0.164929 2.588090
v 3.990740 0.272135 2.644110
v 3.945460 0.250876 2.568760
v 3.967080 0.098983 2.719310
v 4.025360 -0.036063 2.797960
v 4.077560 0.071678 2.743850
v 4.320630 0.243923 2.824190
v 4.442910 0.094560 2.781920
v 4.314040 0.138850 2.768120
v 4.082990 -1.889590 2.614470
v 4.058310 -1.776710 2.732020
v 4.103300 -1.802400 2.477220
v 4.194230 -1.447130 2.846990
v 4.228520 -1.537230 2.873690
v 4.266260 -1.493460 2.860310
v 5.923810 -0.285576 1.463940
v 5.897760 -0.358077 1.447970
v 5.878630 -0.310368 1.425140
v 4.982820 -0.946266 1.941730
v 5.158320 -0.856703 1.675430
v 5.223190 -0.826729 1.810150
v 4.798410 -1.009280 1.911810
v 4.761600 -1.010030 1.801670
v 4.955360 -0.943890 1.675380
v 4.925390 -1.057500 2.393890
v 4.953740 -1.030920 2.391240
v 4.935560 -1.024360 2.454680
v 4.343000 -1.343010 3.102710
v 4.462370 -1.321330 3.164660
v 4.354200 -1.265200 3.150500
v 5.923810 -0.591744 1.463940
v 5.878630 -0.566952 1.425140
v 5.934600 -0.515699 1.493460
v 3.166160 -0.895921 0.459970
v 3.136320 -0.978556 0.609897
v 2.953030 -0.959159 0.310970
v 2.346080 -1.451960 -0.306690
v 2.543370 -1.375840 -0.109371
v 2.384640 -1.481720 -0.153259
v 2.736200 -1.098000 0.092435
v 2.743990 -1.156940 0.308808
v 2.690580 -1.258000 0.070603
v 4.416470 -0.897499 1.359920
v 4.728810 -0.844461 1.317390
v 4.496190 -1.018150 1.463230
v 4.305410 -0.978067 2.497910
v 4.342700 -0.955352 2.550940
v 4.314790 -0.979310 2.580820
v 4.832890 -0.154873 2.701390
v 4.971390 -0.213879 2.585350
v 4.893850 -0.020947 2.659180
v 4.443850 -0.934092 2.888580
v 4.474320 -0.800007 2.857090
v 4.407730 -0.925352 2.970300
v 4.211650 -0.702671 3.041200
v 4.100910 -0.741056 2.999290
v 4.209940 -0.776257 3.039270
v 4.893850 -0.856373 2.659180
v 4.995980 -0.783194 2.587450
v 4.832890 -0.722447 2.701390
v 5.096150 0.336069 3.198380
v 4.811800 0.376746 3.167340
v 4.821320 0.353227 3.130450
v -2.822500 -1.559640 -2.747890
v -2.909010 -1.527810 -2.645820
v -3.031250 -1.545010 -2.657280
v -2.986350 -1.526340 -2.495110
v -2.884710 -1.432430 -2.625240
v -2.946530 -1.425000 -2.500670
v -3.333950 0.536088 -2.620010
v -3.320330 0.625250 -2.388850
v -3.302420 0.689850 -2.579260
v -3.342100 -1.360290 -1.095330
v -3.365990 -1.326740 -1.046510
v -3.358000 -1.414280 -1.373140
v -2.603280 -0.949298 -1.738140
v -2.688610 -0.989125 -1.662550
v -2.695140 -0.946724 -1.682990
v -2.508880 -1.160330 -1.281270
v -2.547740 -1.047980 -1.394360
v -2.267050 -1.100770 -1.315240
v -3.120910 -0.006831 -1.269260
v -3.008320 0.217012 -1.320610
v -2.941730 0.003914 -1.348770
v -3.177820 -1.486240 -1.840510
v -3.281820 -1.440540 -1.866390
v -3.162500 -1.497070 -2.117720
v -2.050290 0.675510 -0.316906
v -2.292050 0.689480 -0.495261
v -2.033650 0.838980 -0.087352
v -2.901160 0.845400 -0.180844
v -2.624860 0.822520 -0.449540
v -2.937660 0.780750 -0.564090
v -3.678790 -0.438660 -0.488156
v -3.639590 -0.772460 -0.701440
v -3.686520 -0.759009 -0.516521
v -3.667860 0.026042 -0.526207
v -3.686520 -0.118311 -0.516521
v -3.665770 0.007626 -0.295420
v -0.972089 0.329910 -1.335850
v -0.953236 0.460520 -1.107280
v -0.812845 0.329851 -1.346760
v -3.424260 -1.356940 0.597298
v -3.570380 -0.963140 0.824224
v -3.520190 -1.057220 0.578824
v -1.552230 -1.174370 -1.116420
v -1.456660 -1.332900 -0.856870
v -1.592150 -1.277140 -0.969930
v -1.601620 0.166947 -1.154660
v -1.519340 0.063081 -1.215120
v -1.576200 -0.080514 -1.257660
v -2.031700 0.528041 -0.658680
v -2.033410 0.525560 -0.471370
v -1.782300 0.504721 -0.581920
v 5.588760 -0.439346 2.012510
v 5.687040 -0.327895 1.938300
v 5.604890 -0.324887 1.984750
v 5.710150 -0.148588 1.799310
v 5.813220 -0.243399 1.854240
v 5.783730 -0.154070 1.780130
v 4.354940 0.340191 2.502820
v 4.278050 0.098691 2.415320
v 4.245220 0.333981 2.447190
v -2.524720 -1.600200 -3.122950
v -2.583580 -1.717260 -3.075610
v -2.791750 -1.517210 -3.197330
v -3.087340 -1.270320 -2.911800
v -3.074560 -1.282090 -3.048190
v -3.194170 -1.445860 -2.909890
v -3.676450 -0.516234 -0.112657
v -3.695560 -0.490157 0.245040
v -3.740630 -0.524138 -0.119516
v 1.536040 -1.624260 -0.547216
v 1.635140 -1.623630 -0.526561
v 1.644180 -1.647150 -0.419212
v 0.243473 -1.258650 1.572740
v -0.192546 -1.138740 1.744190
v 0.316341 -1.524920 1.223970
v 2.081700 -1.698120 0.721909
v 2.023440 -1.583060 0.967998
v 1.649030 -1.650630 0.663118
v 3.276330 -0.732926 2.302430
v 3.337540 -0.778870 2.187590
v 3.479420 -0.756138 2.416910
v 4.189880 -0.437797 3.045580
v 4.084510 -0.220492 3.009640
v 4.079810 -0.437709 3.010310
v 3.118120 -0.438660 -0.265265
v 3.107530 -0.174058 -0.252359
v 3.335210 -0.438660 0.062905
v 1.735080 -1.411410 -2.584070
v 1.806370 -1.422720 -2.511070
v 1.734570 -1.425060 -2.527220
v 1.811800 -1.371760 -2.696980
v 1.855130 -1.424790 -2.644570
v 1.802390 -1.400510 -2.650960
v -0.564074 0.364531 -1.350740
v -0.535144 0.481896 -1.177320
v -0.422877 0.384763 -1.312540
v 1.473890 0.360916 -1.380290
v 1.480630 0.514787 -1.201470
v 1.508710 0.495699 -1.369920
v 1.599890 0.184525 -1.156870
v 1.451830 0.264098 -1.138200
v 1.596750 0.245995 -1.283370
v 2.170040 0.540206 -2.695840
v 2.217370 0.450267 -2.717430
v 2.201940 0.557843 -2.787800
v -3.244770 0.472285 1.634200
v -3.442150 0.324274 1.544150
v -3.278080 0.415298 1.871080
v -3.599080 -0.438660 1.234880
v -3.664360 -0.067911 1.371510
v -3.578170 -0.150158 1.276370
v 2.702580 0.356951 0.241254
v 2.734180 0.427150 0.477429
v 2.743990 0.279617 0.308808
v 2.960120 -0.723403 -0.503167
v 3.065540 -0.438660 -0.350108
v 3.045720 -0.700401 -0.329126
v 4.068250 -0.037847 1.237590
v 4.041660 0.058262 1.478420
v 4.216370 -0.032787 1.290990
v 2.993070 -0.096064 -0.269774
v 3.053140 -0.111729 -0.171021
v 3.045720 -0.176919 -0.329126
v 1.596750 -1.123310 -1.283370
v 1.599890 -1.061840 -1.156870
v 1.740320 -1.102760 -1.241170
v -0.422877 -1.262080 -1.312540
v -0.094135 -0.995584 -1.330430
v -0.078470 -1.238890 -1.249610
v -0.680046 -1.257740 -1.329660
v -0.543078 -1.002480 -1.371810
v -0.564074 -1.241850 -1.350740
v -1.386500 -0.087837 -1.279780
v -1.406690 0.011739 -1.258660
v -1.305100 0.045570 -1.269800
v -3.338740 -1.128300 2.037590
v -3.527170 -0.951339 2.022170
v -3.513000 -1.050050 1.886710
v 1.828660 -1.112130 -2.038690
v 1.841280 -1.146670 -2.277350
v 1.756350 -1.144090 -2.007740
v 5.379460 -0.088912 1.484480
v 5.425350 -0.095940 1.474630
v 5.370710 -0.101228 1.418930
v 5.546350 -0.191878 1.354700
v 5.638370 -0.216112 1.343060
v 5.511560 -0.261047 1.302180
v 4.297890 0.009327 1.350170
v 4.416470 0.020179 1.359920
v 4.399630 -0.046805 1.289120
v 5.085810 -0.030333 2.327160
v 5.097060 -0.109865 2.392870
v 5.105590 -0.091547 2.302750
v 5.471930 -0.752559 1.783840
v 5.563250 -0.755898 1.673960
v 5.608970 -0.758379 1.756530
v -4.252680 -0.293040 -0.999190
v -4.273070 -0.338782 -1.360220
v -4.331330 -0.395067 -1.253930
v -4.129290 -0.559405 -0.790130
v -4.229160 -0.550220 -1.034430
v -4.309740 -0.588989 -1.305190
v 5.218820 -0.637966 2.242210
v 5.421810 -0.562215 2.124010
v 5.321140 -0.558266 2.234220
v 5.912150 -0.184463 1.556570
v 5.959460 -0.251563 1.595890
v 5.884860 -0.189115 1.500860
v -1.226560 -1.126000 -1.216500
v -1.089640 -1.123810 -1.318540
v -1.091170 -1.165900 -1.268460
v 4.101730 -1.876820 2.750980
v 4.046670 -1.891190 2.780010
v 4.082990 -1.889590 2.614470
v 4.159230 -1.361860 2.388560
v 4.131950 -1.360520 2.489420
v 4.137660 -1.499680 2.383500
v 5.783730 -0.723250 1.780130
v 5.764770 -0.747222 1.718480
v 5.803420 -0.648662 1.699450
v 4.354940 -1.217510 2.502820
v 4.232340 -0.973022 2.341740
v 4.278050 -0.976011 2.415320
v -3.392810 -0.438660 2.208020
v -3.380840 -0.315387 2.258350
v -3.413370 -0.296351 2.310260
v -3.392810 -0.438660 2.208020
v -3.413370 -0.296351 2.310260
v -3.358510 -0.058565 2.248910
v -3.978120 -0.537940 -0.384780
v -4.070740 -0.549214 -0.508988
v -4.227640 -0.508554 -0.789240
v -4.029730 -0.574965 -0.604580
v -4.229160 -0.550220 -1.034430
v -4.129290 -0.559405 -0.790130
v -4.309740 -0.588989 -1.305190
v -4.445840 -0.628362 -1.576470
v -4.405360 -0.631638 -1.482780
v -3.820370 -0.168853 -0.800480
v -3.828490 -0.324565 -1.347900
v -3.890390 -0.456272 -1.311440
v -4.405360 -0.631638 -1.482780
v -4.445840 -0.628362 -1.576470
v -4.387150 -0.484262 -1.529150
v -3.358510 -0.818755 2.248910
v -3.413370 -0.580969 2.310260
v -3.392810 -0.438660 2.208020
v 4.197520 -1.691700 2.787790
v 4.218460 -1.581100 2.795490
v 4.245860 -1.579970 2.813750
v 4.303190 -1.483070 2.785780
v 4.763340 -1.367910 3.029490
v 4.883020 -1.331820 3.052320
v 4.854960 -1.362970 3.098890
v 5.096150 -1.213390 3.198380
v 5.096150 -1.213390 3.198380
v 4.863710 -1.375320 3.160810
v 4.854960 -1.362970 3.098890
v 4.735140 -1.389550 3.084120
v -1.978020 -0.932987 -1.648170
v -2.041110 -0.978861 -1.636690
v -2.048680 -0.889503 -1.726620
v -2.109680 -0.942657 -1.673680
v -2.109680 -0.942657 -1.673680
v -2.144390 -0.903149 -1.678750
v -2.048680 -0.889503 -1.726620
v -2.124030 -0.845513 -1.699070
v -2.124030 -0.845513 -1.699070
v -2.065650 -0.807380 -1.685960
v -2.048680 -0.889503 -1.726620
v -1.985120 -0.832916 -1.678000
v -1.985120 -0.832916 -1.678000
v -1.941440 -0.872564 -1.648240
v -2.048680 -0.889503 -1.726620
v -1.978020 -0.932987 -1.648170
v 4.861610 0.183253 2.440300
v 4.842880 0.199365 2.459990
v 4.935560 0.147040 2.454680
v 4.935880 0.134193 2.490330
v 4.788480 0.169959 2.466710
v 4.826000 0.137423 2.527840
v 4.842880 0.199365 2.459990
v 4.935880 0.134193 2.490330
v 5.690120 -0.809510 1.531580
v 5.681090 -0.794520 1.493620
v 5.763950 -0.777301 1.500770
v 5.672390 -0.780438 1.446350
v 5.672390 -0.780438 1.446350
v 5.755280 -0.746165 1.442810
v 5.763950 -0.777301 1.500770
v 5.800780 -0.758110 1.517260
v 5.800780 -0.758110 1.517260
v 5.672190 -0.792740 1.603430
v 5.763950 -0.777301 1.500770
v 5.690120 -0.809510 1.531580
v 4.366870 0.191921 1.569800
v 4.449010 0.208771 1.699590
v 4.567900 0.203824 1.588460
v 4.641550 0.183374 1.724080
v 4.449010 0.208771 1.699590
v 4.522250 0.206232 1.836940
v 4.641550 0.183374 1.724080
v 4.679120 0.150998 1.877090
v 4.743250 0.124761 1.497870
v 4.496190 0.140831 1.463230
v 4.567900 0.203824 1.588460
v 4.366870 0.191921 1.569800
v 2.197940 -1.375100 -3.145290
v 2.126550 -1.139660 -3.111020
v 2.244150 -1.171550 -3.106900
v 2.107990 -1.115670 -2.924910
v 2.235940 -1.262610 -2.804440
v 2.107990 -1.115670 -2.924910
v 2.059220 -1.113600 -2.791420
v 1.929730 -1.128200 -2.859760
v 2.059220 -1.113600 -2.791420
v 2.187490 -1.238940 -2.722880
v 2.235940 -1.262610 -2.804440
v 2.217370 -1.327590 -2.717430
v -0.977375 -0.937407 -1.354470
v -1.266740 -0.996582 -1.253280
v -1.108760 -0.911693 -1.332090
v -1.305100 -0.922890 -1.269800
v -1.305100 -0.922890 -1.269800
v -0.972514 -0.811309 -1.384120
v -1.108760 -0.911693 -1.332090
v -0.977375 -0.937407 -1.354470
v 2.440240 0.580760 -3.070900
v 2.327020 0.519574 -2.913660
v 2.377810 0.361672 -3.045450
v 2.309360 0.362848 -2.906810
v 2.309360 0.362848 -2.906810
v 2.244150 0.294228 -3.106900
v 2.377810 0.361672 -3.045450
v 2.197940 0.497777 -3.145290
v 2.244150 0.294228 -3.106900
v 2.078930 0.478428 -3.146330
v 2.197940 0.497777 -3.145290
v 2.025470 0.766180 -3.118180
v 2.078930 0.478428 -3.146330
v 1.919390 0.672210 -3.048420
v 2.025470 0.766180 -3.118180
v 1.981190 0.741870 -3.002620
v 1.933900 0.473778 -3.107590
v 2.126550 0.262345 -3.111020
v 2.002740 0.249443 -3.084760
v 2.107990 0.238347 -2.924910
v 2.679450 0.281913 1.126090
v 2.514160 0.235867 1.427370
v 2.542440 0.209932 1.438590
v 2.396350 0.159062 1.680900
v 2.898730 0.212638 0.710576
v 2.753160 0.274481 0.839489
v 2.811500 0.218783 0.907758
v 2.679450 0.281913 1.126090
v 2.753160 0.274481 0.839489
v 2.604220 0.331011 1.167490
v 2.679450 0.281913 1.126090
v 2.514160 0.235867 1.427370
v 2.604220 0.331011 1.167490
v 2.482920 0.263765 1.436300
v 2.514160 0.235867 1.427370
v 2.396350 0.159062 1.680900
v 2.482920 0.263765 1.436300
v 2.266000 0.224672 1.711910
v 2.396350 0.159062 1.680900
v 2.189850 0.078841 1.907650
v 2.266000 0.224672 1.711910
v 1.821950 -0.034909 2.056870
v 2.189850 0.078841 1.907650
v 1.798720 -0.179308 2.153110
v 1.821950 -0.034909 2.056870
v 1.483830 -0.149879 2.136250
v 1.798720 -0.179308 2.153110
v 1.462510 -0.216266 2.184140
v 3.473410 0.015998 1.804810
v 3.528450 0.050783 1.498790
v 3.189660 0.061462 1.346160
v 3.280680 0.060774 0.949462
v 3.528450 0.050783 1.498790
v 3.559390 0.013875 1.145180
v 3.280680 0.060774 0.949462
v 3.321830 0.027090 0.705350
v 2.024690 0.733800 -0.635990
v 2.158590 0.674990 -0.517149
v 2.148550 0.626750 -0.664410
v 2.222080 0.575480 -0.518682
v 2.670250 0.105358 -0.669710
v 2.486530 0.189162 -0.836310
v 2.510840 0.239397 -0.720130
v 2.354290 0.296529 -0.755090
v 2.486530 0.189162 -0.836310
v 2.318790 0.235203 -0.855430
v 2.354290 0.296529 -0.755090
v 2.126240 0.282351 -0.891510
v 2.960120 -0.153917 -0.503167
v 2.928790 -0.126606 -0.668810
v 2.847360 -0.036359 -0.665150
v 2.803740 -0.000332 -0.817210
v 2.928790 -0.126606 -0.668810
v 2.893100 -0.106611 -0.863510
v 2.803740 -0.000332 -0.817210
v 2.740890 0.024944 -0.900570
v 2.893100 -0.106611 -0.863510
v 2.824360 -0.083647 -0.968600
v 2.740890 0.024944 -0.900570
v 2.663020 0.039489 -1.001830
v 1.906370 -1.403550 -1.843620
v 1.864060 -1.374260 -2.031290
v 1.930750 -1.333400 -2.024880
v 1.960640 -1.339550 -2.274200
v -3.703190 -0.522922 0.601842
v -3.655240 -0.457869 0.243753
v -3.672560 -0.487338 0.605285
v -3.640460 -0.413751 0.243281
v -3.655240 -0.457869 0.243753
v -3.569390 -0.402767 -0.322984
v -3.640460 -0.413751 0.243281
v -3.742610 -0.289299 -0.290714
v -3.742610 -0.289299 -0.290714
v -3.777710 -0.198165 -0.612750
v -3.917880 -0.149489 -0.644170
v -4.001500 -0.153019 -0.937040
v -3.977660 -0.253751 -1.312180
v -4.075030 -0.397336 -1.465740
v -4.175760 -0.298001 -1.369560
v -4.321270 -0.463732 -1.524830
v -4.216300 -0.334626 -0.722190
v -4.112450 -0.454986 -0.437105
v -4.042720 -0.269692 -0.438050
v -3.975340 -0.424253 -0.116301
v -3.805690 -0.490132 0.248554
v -3.786820 -0.522893 0.592443
v -3.817430 -0.487289 0.589003
v -3.844470 -0.491792 0.936836
v -3.777710 -0.198165 -0.612750
v -3.820370 -0.168853 -0.800480
v -4.001500 -0.153019 -0.937040
v -4.000020 -0.163310 -1.128850
v -3.887340 -0.496295 1.442530
v -3.875140 -0.438660 1.919020
v -3.900570 -0.438660 1.441160
v -3.860820 -0.376523 1.918380
v -3.875140 -0.438660 1.919020
v -3.698930 -0.372020 2.226600
v -3.860820 -0.376523 1.918380
v -3.660930 -0.323229 2.208700
v -3.413370 -0.580969 2.310260
v -3.609020 -0.571964 2.184250
v -3.557100 -0.554130 2.159790
v -3.714790 -0.546328 1.911910
v -3.609020 -0.571964 2.184250
v -3.768240 -0.562955 1.914280
v -3.714790 -0.546328 1.911910
v -3.752470 -0.538525 1.456410
v -3.768240 -0.562955 1.914280
v -3.801840 -0.553948 1.451330
v -3.752470 -0.538525 1.456410
v -3.720270 -0.530724 0.950865
v -3.801840 -0.553948 1.451330
v -3.765740 -0.544941 0.945730
v -3.720270 -0.530724 0.950865
v -3.703190 -0.522922 0.601842
v 4.153170 0.361008 2.523480
v 4.197610 0.418773 2.602720
v 4.289050 0.420033 2.611630
v 4.296540 0.486799 2.682440
v 4.296540 0.486799 2.682440
v 4.380990 0.400356 2.646360
v 4.289050 0.420033 2.611630
v 4.290380 0.361530 2.551000
v 4.152560 0.778390 2.674130
v 4.199320 0.735880 2.743310
v 4.154570 0.690890 2.629140
v 4.211810 0.600480 2.721150
v 4.154570 0.690890 2.629140
v 4.126160 0.733860 2.559590
v 4.152560 0.778390 2.674130
v 4.133170 0.820660 2.613890
v 4.112680 0.928250 2.633750
v 4.082990 1.012270 2.614470
v 4.111930 0.961290 2.673470
v 4.101730 0.999500 2.750980
v 4.228520 0.659910 2.873690
v 4.266260 0.616140 2.860310
v 4.303190 0.605750 2.785780
v 4.369750 0.483234 2.736860
v 3.458300 -0.335998 2.590320
v 3.727090 -0.288611 2.747070
v 3.745670 -0.196730 2.704660
v 3.828000 -0.205319 2.791200
v 4.059890 0.031427 2.299120
v 3.882000 0.037677 2.203090
v 3.922440 0.044903 2.411120
v 3.814880 0.004340 2.407080
v 3.882000 0.037677 2.203090
v 3.541190 -0.052294 2.287840
v 3.814880 0.004340 2.407080
v 3.479420 -0.121182 2.416910
v 3.541190 -0.052294 2.287840
v 3.276330 -0.144394 2.302430
v 3.479420 -0.121182 2.416910
v 3.252220 -0.290445 2.465010
v 3.276330 -0.144394 2.302430
v 3.058370 -0.141323 2.212010
v 3.252220 -0.290445 2.465010
v 3.036360 -0.268822 2.352650
v 4.094110 0.139775 2.327940
v 4.076850 0.088776 2.185260
v 4.059890 0.031427 2.299120
v 3.882000 0.037677 2.203090
v 4.240120 0.145286 2.208710
v 4.121120 0.148528 2.053110
v 4.148880 0.135105 2.198580
v 4.067580 0.096337 2.011330
v 4.404220 0.177950 2.101090
v 4.477780 0.158747 2.126520
v 4.560020 0.150673 2.042680
v 4.615410 0.139108 2.078300
v 4.561300 0.108588 2.571730
v 4.688110 0.165858 2.485040
v 4.533110 0.140315 2.427670
v 4.551480 0.136531 2.280410
v 4.170470 0.803190 2.897100
v 4.094120 0.942370 2.864830
v 4.058310 0.899390 2.732020
v 4.046670 1.013870 2.780010
v 4.046670 1.013870 2.780010
v 4.082990 1.012270 2.614470
v 4.058310 0.899390 2.732020
v 4.024860 0.769440 2.545230
v 4.082990 1.012270 2.614470
v 4.103300 0.925080 2.477220
v 4.024860 0.769440 2.545230
v 4.036950 0.633900 2.430830
v 4.059710 0.449492 2.633570
v 4.047410 0.576450 2.645870
v 4.020300 0.563700 2.580330
v 4.061990 0.739720 2.670650
v 4.102300 0.587200 2.738620
v 4.155550 0.653300 2.827320
v 4.097360 0.801330 2.805260
v 4.228520 0.659910 2.873690
v 3.892380 0.164929 2.588090
v 3.928870 0.177023 2.662580
v 3.990740 0.272135 2.644110
v 4.010850 0.183489 2.708910
v 4.010850 0.183489 2.708910
v 4.044730 0.305549 2.693120
v 3.990740 0.272135 2.644110
v 4.079120 0.406350 2.702760
v 3.982910 0.201149 2.426050
v 3.857920 0.082407 2.580210
v 3.892380 0.164929 2.588090
v 3.928870 0.177023 2.662580
v 3.857920 0.082407 2.580210
v 3.903910 0.073808 2.680160
v 3.928870 0.177023 2.662580
v 4.010850 0.183489 2.708910
v 4.296770 0.090136 2.699080
v 4.212060 0.187267 2.718110
v 4.212970 0.148453 2.741840
v 4.112300 0.156840 2.724490
v 4.112300 0.156840 2.724490
v 4.113930 0.087811 2.772790
v 4.212970 0.148453 2.741840
v 4.296770 0.090136 2.699080
v 4.440760 0.190627 2.929010
v 4.440710 0.190468 2.837130
v 4.474630 0.313230 2.903870
v 4.382050 0.360097 2.872130
v 4.460790 0.511312 3.134280
v 4.460580 0.518342 3.061530
v 4.343000 0.465687 3.102710
v 4.343220 0.454446 3.028200
v 4.460580 0.518342 3.061530
v 4.497720 0.498999 2.986140
v 4.343220 0.454446 3.028200
v 4.352600 0.451872 2.963550
v 4.352600 0.451872 2.963550
v 4.244620 0.373066 2.993130
v 4.343220 0.454446 3.028200
v 4.235490 0.364953 3.074830
v 4.244620 0.373066 2.993130
v 4.138490 0.213991 2.996500
v 4.235490 0.364953 3.074830
v 4.176060 0.179724 3.075540
v 4.138490 0.213991 2.996500
v 4.151180 0.055946 3.017720
v 4.176060 0.179724 3.075540
v 4.224730 0.053256 3.063190
v 4.151180 0.055946 3.017720
v 4.209940 -0.101063 3.039270
v 4.224730 0.053256 3.063190
v 4.344030 0.032289 3.024290
v 4.209940 -0.101063 3.039270
v 4.328610 -0.094768 3.002660
v 4.344030 0.032289 3.024290
v 4.407730 0.048032 2.970300
v 4.328610 -0.094768 3.002660
v 4.410840 -0.086688 2.938830
v 4.407730 0.048032 2.970300
v 4.443850 0.056772 2.888580
v 4.410840 -0.086688 2.938830
v 4.474320 -0.077313 2.857090
v 4.443850 0.056772 2.888580
v 4.472350 0.005104 2.763790
v 4.212060 -1.064590 2.718110
v 4.296770 -0.967456 2.699080
v 4.212970 -1.025770 2.741840
v 4.113930 -0.965131 2.772790
v 4.082990 -1.889590 2.614470
v 4.046670 -1.891190 2.780010
v 4.058310 -1.776710 2.732020
v 4.094120 -1.819690 2.864830
v 4.094120 -1.819690 2.864830
v 4.097360 -1.678650 2.805260
v 4.058310 -1.776710 2.732020
v 4.061990 -1.617040 2.670650
v 4.061990 -1.617040 2.670650
v 4.024860 -1.646760 2.545230
v 4.058310 -1.776710 2.732020
v 4.103300 -1.802400 2.477220
v 4.031520 -1.357120 2.406910
v 4.020300 -1.441020 2.580330
v 4.022590 -1.341940 2.561710
v 4.047410 -1.453770 2.645870
v 4.266260 -1.493460 2.860310
v 4.215420 -1.324420 2.789140
v 4.194230 -1.447130 2.846990
v 4.104860 -1.354390 2.737010
v 4.266260 -1.493460 2.860310
v 4.307090 -1.315860 2.806140
v 4.215420 -1.324420 2.789140
v 4.273010 -1.200830 2.749190
v 5.923810 -0.285576 1.463940
v 5.934600 -0.361621 1.493460
v 5.897760 -0.358077 1.447970
v 5.871950 -0.439762 1.460090
v 5.871950 -0.439762 1.460090
v 5.836010 -0.439752 1.384380
v 5.897760 -0.358077 1.447970
v 5.878630 -0.310368 1.425140
v 5.011080 -0.897222 1.505430
v 5.241470 -0.822625 1.479130
v 5.250480 -0.823894 1.561690
v 5.379460 -0.788408 1.484480
v 5.241470 -0.822625 1.479130
v 5.370710 -0.776092 1.418930
v 5.379460 -0.788408 1.484480
v 5.434590 -0.769483 1.409070
v 4.955360 -0.943890 1.675380
v 4.927280 -0.964987 1.925610
v 4.798410 -1.009280 1.911810
v 4.862640 -1.008810 2.122800
v 4.917970 -0.982861 2.120140
v 4.871150 -1.030990 2.179900
v 4.862640 -1.008810 2.122800
v 4.816180 -1.042690 2.236520
v 4.596480 -1.037640 1.951650
v 4.641550 -1.060690 1.724080
v 4.679120 -1.028320 1.877090
v 4.733660 -1.031540 1.666030
v 4.641550 -1.060690 1.724080
v 4.743250 -1.002080 1.497870
v 4.733660 -1.031540 1.666030
v 5.011080 -0.897222 1.505430
v 5.233180 -0.801648 1.881120
v 5.103430 -0.872935 2.063060
v 5.223190 -0.826729 1.810150
v 4.982820 -0.946266 1.941730
v 5.103430 -0.872935 2.063060
v 5.019840 -0.924222 2.178570
v 4.982820 -0.946266 1.941730
v 4.917970 -0.982861 2.120140
v 4.925500 -1.052070 2.356470
v 4.926190 -1.020800 2.298470
v 4.953400 -1.044270 2.346600
v 4.982360 -0.974850 2.311960
v 4.983030 -0.944439 2.245000
v 4.991710 -0.959421 2.282960
v 4.963550 -0.992175 2.221820
v 4.944710 -1.014030 2.279320
v 4.971870 -1.024690 2.362740
v 5.001900 -0.925384 2.353060
v 4.973130 -0.972126 2.431440
v 4.991750 -0.961866 2.448480
v 4.872540 -0.981551 2.597920
v 4.798300 -1.029740 2.556850
v 4.881570 -0.978609 2.533230
v 4.826000 -1.014740 2.527840
v 4.801440 -1.297580 3.188880
v 4.735450 -1.378990 3.187940
v 4.827730 -1.343710 3.193050
v 4.863710 -1.375320 3.160810
v 4.863710 -1.375320 3.160810
v 5.096150 -1.213390 3.198380
v 4.827730 -1.343710 3.193050
v 4.801440 -1.297580 3.188880
v 4.192790 -1.106680 2.850630
v 4.138690 -1.080970 2.912670
v 4.121990 -1.008690 2.896690
v 4.104290 -0.982097 2.976640
v 4.138690 -1.080970 2.912670
v 4.138490 -1.091310 2.996500
v 4.104290 -0.982097 2.976640
v 4.176060 -1.057040 3.075540
v 4.477780 -1.036070 2.126520
v 4.459680 -1.026840 2.217540
v 4.386380 -1.035330 2.209530
v 4.377100 -1.034400 2.310370
v 4.551480 -1.013850 2.280410
v 4.533110 -1.017630 2.427670
v 4.432610 -1.016550 2.317530
v 4.433020 -1.002450 2.463370
v 5.679620 -0.439645 1.278160
v 5.797410 -0.366354 1.318690
v 5.780790 -0.439719 1.329950
v 5.851400 -0.333298 1.367670
v 5.923810 -0.591744 1.463940
v 5.757510 -0.649392 1.396560
v 5.878630 -0.566952 1.425140
v 5.748610 -0.643759 1.359150
v 5.264430 -0.620354 1.294230
v 5.197560 -0.741133 1.361070
v 5.153740 -0.657008 1.270230
v 5.004630 -0.783933 1.347300
v 2.953030 -0.959159 0.310970
v 2.986410 -0.867624 0.025157
v 3.166160 -0.895921 0.459970
v 3.199570 -0.818810 0.284921
v 2.986410 -0.867624 0.025157
v 3.053140 -0.765591 -0.171021
v 3.199570 -0.818810 0.284921
v 3.286430 -0.714991 0.137916
v 3.922440 -0.922223 2.411120
v 3.966640 -0.987951 2.407950
v 3.857920 -0.959727 2.580210
v 3.892380 -1.042250 2.588090
v 2.953030 -0.959159 0.310970
v 2.835440 -1.016550 0.207559
v 2.986410 -0.867624 0.025157
v 2.881060 -0.960628 -0.054486
v 2.410370 -1.279760 -0.339339
v 2.292450 -1.321060 -0.433192
v 2.229350 -1.301490 -0.554063
v 2.222080 -1.452800 -0.518682
v 2.384640 -1.481720 -0.153259
v 2.013530 -1.630150 -0.223643
v 2.346080 -1.451960 -0.306690
v 2.245620 -1.434440 -0.425712
v 4.304560 -1.010900 2.345200
v 4.240120 -1.022610 2.208710
v 4.303620 -1.049050 2.238570
v 4.312220 -1.078600 2.122050
v 4.240120 -1.022610 2.208710
v 4.221810 -1.032750 2.099430
v 4.312220 -1.078600 2.122050
v 4.329610 -1.100140 1.903460
v 4.221810 -1.032750 2.099430
v 4.247730 -1.088260 1.819720
v 4.329610 -1.100140 1.903460
v 4.449010 -1.086090 1.699590
v 4.247730 -1.088260 1.819720
v 4.366870 -1.069240 1.569800
v 4.449010 -1.086090 1.699590
v 4.496190 -1.018150 1.463230
v 4.359050 -0.605311 1.139070
v 4.669690 -0.626956 1.176820
v 4.712070 -0.772053 1.209170
v 4.963530 -0.582100 1.236040
v 4.472350 -0.882424 2.763790
v 4.442910 -0.971880 2.781920
v 4.314040 -1.016170 2.768120
v 4.440710 -1.067790 2.837130
v 4.832890 -0.154873 2.701390
v 4.912300 -0.438570 2.601310
v 4.971390 -0.213879 2.585350
v 5.049690 -0.438731 2.471390
v 4.912300 -0.438570 2.601310
v 5.072170 -0.647888 2.482290
v 5.049690 -0.438731 2.471390
v 5.127160 -0.649874 2.381420
v 5.072170 -0.647888 2.482290
v 5.097060 -0.767455 2.392870
v 5.127160 -0.649874 2.381420
v 5.105590 -0.785773 2.302750
v 4.407730 -0.925352 2.970300
v 4.423030 -1.042220 3.000000
v 4.443850 -0.934092 2.888580
v 4.440760 -1.067950 2.929010
v 4.893850 -0.856373 2.659180
v 5.030640 -0.870989 2.540860
v 4.995980 -0.783194 2.587450
v 5.067200 -0.860951 2.466360
v 4.964940 -0.938563 2.492240
v 5.020080 -0.919638 2.416830
v 5.002440 -0.906893 2.544410
v 5.057500 -0.890634 2.441410
v 4.601510 0.355533 2.971980
v 4.592620 0.351792 3.008540
v 4.520160 0.323767 2.996630
v 4.520600 0.306882 3.077820
v 4.592620 0.351792 3.008540
v 4.574540 0.341703 3.108520
v 4.520600 0.306882 3.077820
v 4.546660 0.365120 3.147760
v 4.616630 0.500673 3.188150
v 4.735450 0.501669 3.187940
v 4.624800 0.550785 3.147030
v 4.753020 0.534619 3.138360
v 4.728930 0.393965 3.160550
v 4.801440 0.420258 3.188880
v 4.719170 0.427305 3.189750
v 4.827730 0.466389 3.193050
v 4.821320 0.353227 3.130450
v 4.821340 0.350976 3.060160
v 5.096150 0.336069 3.198380
v 4.829570 0.383167 3.019460
v 4.520160 0.323767 2.996630
v 4.538180 0.337906 2.952010
v 4.601510 0.355533 2.971980
v 4.554460 0.411911 2.950080
v 5.672190 -0.084580 1.603430
v 5.800780 -0.119210 1.517260
v 5.690120 -0.067810 1.531580
v 5.763950 -0.100019 1.500770
v 5.763950 -0.100019 1.500770
v 5.681090 -0.082800 1.493620
v 5.690120 -0.067810 1.531580
v 5.580220 -0.065964 1.486130
v 5.580220 -0.065964 1.486130
v 5.598280 -0.051666 1.533400
v 5.690120 -0.067810 1.531580
v 5.672190 -0.084580 1.603430
v -3.119570 -1.309400 -2.745320
v -3.069810 -1.283900 -2.490100
v -3.011990 -1.299630 -2.653340
v -3.008410 -1.343290 -2.461100
v -3.008410 -1.343290 -2.461100
v -2.928680 -1.363430 -2.634230
v -3.011990 -1.299630 -2.653340
v -2.803260 -1.381060 -2.774920
v -2.803260 -1.381060 -2.774920
v -2.944620 -1.255710 -2.843460
v -3.011990 -1.299630 -2.653340
v -3.119570 -1.309400 -2.745320
v -3.184140 -1.595550 -2.859390
v -3.091250 -1.674520 -2.902260
v -3.135040 -1.628100 -2.805130
v -2.975440 -1.691900 -2.870090
v -3.184140 -1.595550 -2.859390
v -3.158520 -1.635760 -2.967210
v -3.091250 -1.674520 -2.902260
v -3.098730 -1.691650 -3.100460
v -3.169550 -1.566910 -2.696610
v -3.042900 -1.645960 -2.755250
v -3.121670 -1.575120 -2.681660
v -2.888630 -1.649590 -2.761640
v -3.042900 -1.645960 -2.755250
v -2.845820 -1.656980 -2.835000
v -2.888630 -1.649590 -2.761640
v -2.787340 -1.577280 -2.839840
v -2.845820 -1.656980 -2.835000
v -2.699960 -1.624250 -2.951640
v -2.787340 -1.577280 -2.839840
v -2.649490 -1.539010 -2.965700
v -3.316550 -1.559890 -2.730270
v -3.333950 -1.413410 -2.620010
v -3.330410 -1.388720 -2.746530
v -3.294390 -1.281480 -2.727560
v -3.196510 -1.484090 -2.349510
v -3.251540 -1.462290 -2.125390
v -3.261810 -1.526880 -2.382410
v -3.347300 -1.393870 -2.134970
v -3.251540 -1.462290 -2.125390
v -3.389390 -1.389010 -1.866960
v -3.347300 -1.393870 -2.134970
v -3.412070 -1.304470 -1.917450
v -2.508880 0.283015 -1.281270
v -2.267050 0.223446 -1.315240
v -2.466780 0.131801 -1.419020
v -2.446370 0.055450 -1.454600
v -2.909010 0.650490 -2.645820
v -2.884710 0.555106 -2.625240
v -2.770330 0.592380 -2.769480
v -2.803260 0.503743 -2.774920
v -3.184140 0.718230 -2.859390
v -3.194170 0.568540 -2.909890
v -3.217310 0.636550 -2.749030
v -3.223250 0.537913 -2.786730
v -3.194170 0.568540 -2.909890
v -3.087340 0.392996 -2.911800
v -3.223250 0.537913 -2.786730
v -3.119570 0.432079 -2.745320
v -3.087340 0.392996 -2.911800
v -3.011990 0.422313 -2.653340
v -3.119570 0.432079 -2.745320
v -3.166970 0.373446 -2.564110
v -3.463750 0.406007 -1.641230
v -3.490520 0.464444 -1.321760
v -3.451970 0.493314 -1.638650
v -3.358000 0.536965 -1.373140
v -3.490520 0.464444 -1.321760
v -3.342100 0.482968 -1.095330
v -3.358000 0.536965 -1.373140
v -3.188950 0.524951 -0.969620
v -3.490520 0.464444 -1.321760
v -3.365990 0.449416 -1.046510
v -3.342100 0.482968 -1.095330
v -3.188950 0.524951 -0.969620
v -3.365990 0.449416 -1.046510
v -3.319820 0.447355 -0.926360
v -3.188950 0.524951 -0.969620
v -3.150210 0.562360 -0.820930
v -3.498520 -1.201130 -1.323420
v -3.451970 -1.370630 -1.638650
v -3.490520 -1.341760 -1.321760
v -3.327530 -1.443990 -1.637070
v -2.695140 -0.946724 -1.682990
v -2.677880 -0.904260 -1.690780
v -2.603280 -0.949298 -1.738140
v -2.629200 -0.874887 -1.700320
v -2.466780 -1.009120 -1.419020
v -2.571020 -1.024890 -1.556720
v -2.513610 -0.997333 -1.574200
v -2.583300 -1.016280 -1.650530
v -2.811580 -1.151400 -1.359550
v -3.008320 -1.094330 -1.320610
v -2.699970 -1.008730 -1.411740
v -2.709400 -0.947435 -1.441290
v -3.008320 -1.094330 -1.320610
v -2.941730 -0.881234 -1.348770
v -2.709400 -0.947435 -1.441290
v -2.684450 -0.886048 -1.452550
v -3.008320 -1.094330 -1.320610
v -3.139390 -1.077210 -1.248820
v -2.941730 -0.881234 -1.348770
v -3.120910 -0.870489 -1.269260
v -2.267050 0.223446 -1.315240
v -2.317560 0.031927 -1.435540
v -2.446370 0.055450 -1.454600
v -2.503820 -0.007204 -1.471150
v -2.317560 0.031927 -1.435540
v -2.348010 -0.438660 -1.430480
v -2.503820 -0.007204 -1.471150
v -2.614080 -0.033735 -1.466340
v -3.120760 -1.205090 -1.719110
v -3.040400 -1.246870 -1.717580
v -3.030610 -1.322990 -1.872560
v -2.981190 -1.297010 -1.704060
v -3.277510 0.476640 -0.738690
v -3.238090 0.522971 -0.540717
v -3.122060 0.626350 -0.560042
v -3.096270 0.701420 -0.229440
v -3.177820 0.608920 -1.840510
v -3.207450 0.632710 -1.664550
v -3.169490 0.638140 -1.671380
v -3.117480 0.669370 -1.428230
v -3.207450 0.632710 -1.664550
v -3.232610 0.649170 -1.395640
v -3.117480 0.669370 -1.428230
v -3.063130 0.652270 -1.001890
v -2.033650 0.838980 -0.087352
v -1.837860 0.857190 -0.102211
v -2.050290 0.675510 -0.316906
v -1.782930 0.734960 -0.332126
v -1.837860 0.857190 -0.102211
v -1.376180 1.012950 -0.510097
v -1.782930 0.734960 -0.332126
v -1.402350 0.870390 -0.689190
v -1.376180 1.012950 -0.510097
v -1.061270 1.057570 -0.703220
v -1.402350 0.870390 -0.689190
v -1.001370 0.914680 -0.897240
v -2.566750 0.728440 -0.772650
v -2.765070 0.645650 -1.122500
v -2.862580 0.678480 -1.108230
v -2.918290 0.566000 -1.465520
v -3.016420 0.528011 -2.326430
v -3.008410 0.465975 -2.461100
v -2.946530 0.547683 -2.500670
v -2.928680 0.486112 -2.634230
v -3.238090 0.522971 -0.540717
v -3.233330 0.576850 -0.245122
v -3.096270 0.701420 -0.229440
v -3.101130 0.723750 0.083900
v -3.639590 -0.772460 -0.701440
v -3.631180 -0.944270 -0.719180
v -3.686520 -0.759009 -0.516521
v -3.667860 -0.903362 -0.526207
v -3.631180 -0.944270 -0.719180
v -3.492600 -1.130940 -0.741990
v -3.667860 -0.903362 -0.526207
v -3.550120 -1.113890 -0.546208
v -3.665770 0.007626 -0.295420
v -3.569990 0.210775 -0.293329
v -3.667860 0.026042 -0.526207
v -3.550120 0.236568 -0.546208
v -3.569990 0.210775 -0.293329
v -3.438230 0.289481 -0.282819
v -3.550120 0.236568 -0.546208
v -3.355400 0.327553 -0.530497
v -3.355400 -1.204870 -0.530497
v -3.569990 -1.088090 -0.293329
v -3.550120 -1.113890 -0.546208
v -3.665770 -0.884946 -0.295420
v -3.569990 -1.088090 -0.293329
v -3.595970 -0.865113 0.092269
v -3.665770 -0.884946 -0.295420
v -3.616630 -0.777152 0.088286
v -3.595970 -0.865113 0.092269
v -3.570240 -0.783514 0.378567
v -3.616630 -0.777152 0.088286
v -3.583760 -0.438660 0.386389
v -3.516840 -0.008301 0.587662
v -3.458250 0.293052 0.312710
v -3.470780 0.107738 0.360442
v -3.406620 0.307796 0.095199
v -3.458250 0.293052 0.312710
v -3.365410 0.513740 0.325213
v -3.406620 0.307796 0.095199
v -3.290390 0.545493 0.014401
v -3.365410 0.513740 0.325213
v -3.160220 0.674970 0.419808
v -3.290390 0.545493 0.014401
v -3.101130 0.723750 0.083900
v -3.160220 0.674970 0.419808
v -2.971550 0.777310 0.470698
v -3.101130 0.723750 0.083900
v -2.907080 0.842900 0.093078
v -2.971550 0.777310 0.470698
v -2.649340 0.900980 0.196941
v -2.907080 0.842900 0.093078
v -2.616470 0.905470 -0.072713
v -2.649340 0.900980 0.196941
v -2.414730 0.956720 0.330283
v -2.616470 0.905470 -0.072713
v -2.382920 0.936380 0.021210
v -2.414730 0.956720 0.330283
v -2.187630 0.968240 0.063206
v -2.382920 0.936380 0.021210
v -2.276340 0.829370 -0.251163
v -2.187630 0.968240 0.063206
v -1.950550 0.938370 0.163087
v -2.276340 0.829370 -0.251163
v -2.033650 0.838980 -0.087352
v -1.950550 0.938370 0.163087
v -1.802860 0.962650 0.156137
v -2.033650 0.838980 -0.087352
v -1.837860 0.857190 -0.102211
v -1.802860 0.962650 0.156137
v -1.395500 1.114600 -0.260042
v -1.837860 0.857190 -0.102211
v -1.376180 1.012950 -0.510097
v -1.395500 1.114600 -0.260042
v -1.077210 1.194480 -0.430989
v -1.376180 1.012950 -0.510097
v -1.061270 1.057570 -0.703220
v -0.524231 0.874360 -0.960610
v -0.952525 0.729990 -1.001920
v -1.001370 0.914680 -0.897240
v -1.407660 0.674270 -0.797370
v -0.812845 0.329851 -1.346760
v -0.977375 0.060087 -1.354470
v -0.972089 0.329910 -1.335850
v -1.089640 0.246494 -1.318540
v -1.089640 0.246494 -1.318540
v -1.091170 0.288582 -1.268460
v -0.972089 0.329910 -1.335850
v -0.953236 0.460520 -1.107280
v -1.091170 0.288582 -1.268460
v -1.200690 0.360528 -1.138910
v -0.953236 0.460520 -1.107280
v -1.198510 0.446775 -1.017440
v -2.031700 0.528041 -0.658680
v -2.119860 0.532300 -0.690140
v -2.033410 0.525560 -0.471370
v -2.306660 0.522578 -0.678320
v -2.647220 0.155687 -1.405350
v -2.641570 0.136951 -1.564500
v -2.699970 0.131410 -1.411740
v -2.678970 0.119735 -1.569030
v -2.641570 0.136951 -1.564500
v -2.652120 0.128598 -1.658130
v -2.678970 0.119735 -1.569030
v -2.688610 0.111805 -1.662550
v -2.513190 0.059260 -1.692200
v -2.552920 0.015919 -1.703640
v -2.603280 0.071978 -1.738140
v -2.629200 -0.002433 -1.700320
v -2.629200 -0.002433 -1.700320
v -2.677880 0.026940 -1.690780
v -2.603280 0.071978 -1.738140
v -2.695140 0.069404 -1.682990
v -1.978020 0.055667 -1.648170
v -1.941440 -0.004756 -1.648240
v -2.048680 0.012183 -1.726620
v -1.985120 -0.044404 -1.678000
v -1.985120 -0.044404 -1.678000
v -2.065650 -0.069940 -1.685960
v -2.048680 0.012183 -1.726620
v -2.124030 -0.031807 -1.699070
v -2.124030 -0.031807 -1.699070
v -2.144390 0.025829 -1.678750
v -2.048680 0.012183 -1.726620
v -2.109680 0.065337 -1.673680
v -2.109680 0.065337 -1.673680
v -2.041110 0.101541 -1.636690
v -2.048680 0.012183 -1.726620
v -1.978020 0.055667 -1.648170
v -2.981820 0.908300 -3.170230
v -2.729570 0.938580 -3.164320
v -2.791750 0.639890 -3.197330
v -2.524720 0.722880 -3.122950
v 1.811800 0.494436 -2.696980
v 1.806410 0.395795 -2.734680
v 1.721750 0.540451 -2.678230
v 1.709170 0.369280 -2.694490
v 1.806410 0.395795 -2.734680
v 1.900480 0.289961 -2.693270
v 1.709170 0.369280 -2.694490
v 1.741850 0.262045 -2.675520
v -3.217310 0.636550 -2.749030
v -3.223250 0.537913 -2.786730
v -3.316550 0.682570 -2.730270
v -3.330410 0.511398 -2.746530
v -3.223250 0.537913 -2.786730
v -3.119570 0.432079 -2.745320
v -3.330410 0.511398 -2.746530
v -3.294390 0.404163 -2.727560
v -2.729570 0.938580 -3.164320
v -2.631550 0.898720 -3.121230
v -2.524720 0.722880 -3.122950
v -2.583580 0.839940 -3.075610
v 4.751520 0.195474 2.478320
v 4.728960 0.175647 2.474810
v 4.798300 0.152425 2.556850
v 4.807790 0.131733 2.582310
v 4.728960 0.175647 2.474810
v 4.688110 0.165858 2.485040
v 4.807790 0.131733 2.582310
v 4.744050 0.117397 2.618000
v 4.688110 0.165858 2.485040
v 4.561300 0.108588 2.571730
v 4.744050 0.117397 2.618000
v 4.636580 0.033337 2.702040
v 4.561300 0.108588 2.571730
v 4.389480 0.034660 2.629080
v 4.636580 0.033337 2.702040
v 4.472350 0.005104 2.763790
v 5.598280 -0.051666 1.533400
v 5.580800 -0.087606 1.612790
v 5.672190 -0.084580 1.603430
v 5.681730 -0.104789 1.721160
v 5.580800 -0.087606 1.612790
v 5.563250 -0.121422 1.673960
v 5.681730 -0.104789 1.721160
v 5.710150 -0.148588 1.799310
v 5.563250 -0.121422 1.673960
v 5.608970 -0.118941 1.756530
v 5.710150 -0.148588 1.799310
v 5.647190 -0.180827 1.833270
v 5.528190 -0.187994 1.878840
v 5.566340 -0.247755 1.937340
v 5.647190 -0.180827 1.833270
v 5.685190 -0.249911 1.890860
v 5.783730 -0.154070 1.780130
v 5.847990 -0.177184 1.750230
v 5.803420 -0.228658 1.699450
v 5.840660 -0.251532 1.660600
v 5.847990 -0.177184 1.750230
v 5.931470 -0.223047 1.672140
v 5.840660 -0.251532 1.660600
v 5.849790 -0.257613 1.632140
v 5.998090 -0.331326 1.670530
v 5.895900 -0.273955 1.621390
v 5.931470 -0.223047 1.672140
v 5.849790 -0.257613 1.632140
v 5.511560 -0.261047 1.302180
v 5.356900 -0.300336 1.289780
v 5.373650 -0.229820 1.324030
v 5.264430 -0.256966 1.294230
v 4.266260 0.616140 2.860310
v 4.307090 0.438542 2.806140
v 4.369750 0.483234 2.736860
v 4.274890 0.240415 2.658690
v 4.307090 0.438542 2.806140
v 4.273010 0.323512 2.749190
v 4.274890 0.240415 2.658690
v 4.229330 0.234089 2.713180
v 5.604890 -0.324887 1.984750
v 5.421810 -0.315105 2.124010
v 5.588760 -0.439346 2.012510
v 5.424280 -0.439156 2.159810
v 5.383210 -0.236208 2.058320
v 5.218820 -0.239354 2.242210
v 5.321140 -0.319054 2.234220
v 5.156640 -0.318667 2.381560
v 5.156640 -0.318667 2.381560
v 5.177550 -0.438874 2.370980
v 5.321140 -0.319054 2.234220
v 5.378290 -0.439101 2.207110
v 4.150300 0.478386 2.259230
v 4.127900 0.651850 2.267020
v 4.159230 0.484537 2.388560
v 4.137660 0.622360 2.383500
v 4.127900 0.651850 2.267020
v 4.152170 0.786340 2.307440
v 4.137660 0.622360 2.383500
v 4.143790 0.762730 2.452380
v 4.152170 0.786340 2.307440
v 4.103300 0.925080 2.477220
v 4.143790 0.762730 2.452380
v 4.123290 0.856480 2.525510
v 4.103300 0.925080 2.477220
v 4.082990 1.012270 2.614470
v 4.123290 0.856480 2.525510
v 4.112680 0.928250 2.633750
v 5.096150 0.336069 3.198380
v 4.854960 0.485650 3.098890
v 4.863710 0.498000 3.160810
v 4.753020 0.534619 3.138360
v 4.278050 0.098691 2.415320
v 4.232340 0.095702 2.341740
v 4.245220 0.333981 2.447190
v 4.094110 0.139775 2.327940
v 1.721750 -1.417770 -2.678230
v 1.709170 -1.246600 -2.694490
v 1.811800 -1.371760 -2.696980
v 1.806410 -1.273110 -2.734680
v 1.709170 -1.246600 -2.694490
v 1.741850 -1.139360 -2.675520
v 1.806410 -1.273110 -2.734680
v 1.900480 -1.167280 -2.693270
v -3.316550 -1.559890 -2.730270
v -3.330410 -1.388720 -2.746530
v -3.217310 -1.513870 -2.749030
v -3.223250 -1.415230 -2.786730
v -3.330410 -1.388720 -2.746530
v -3.294390 -1.281480 -2.727560
v -3.223250 -1.415230 -2.786730
v -3.119570 -1.309400 -2.745320
v -3.666540 -0.516921 -0.701710
v -3.639700 -0.495850 -0.803690
v -3.569390 -0.402767 -0.322984
v -3.581960 -0.334289 -0.975290
v 0.316341 -1.524920 1.223970
v 0.939271 -1.624530 0.818646
v 0.243473 -1.258650 1.572740
v 0.921312 -1.437990 1.194320
v 0.939271 -1.624530 0.818646
v 1.582200 -1.506840 1.209740
v 0.921312 -1.437990 1.194320
v 1.570690 -1.427770 1.376990
v 3.870550 -0.807624 2.730770
v 3.903910 -0.951128 2.680160
v 3.967080 -0.976303 2.719310
v 3.928870 -1.054340 2.662580
v 5.021250 -0.033093 1.389970
v 5.004630 -0.093387 1.347300
v 4.728810 -0.032859 1.317390
v 4.712070 -0.105267 1.209170
v 3.107530 -0.174058 -0.252359
v 3.342160 -0.237311 0.053986
v 3.335210 -0.438660 0.062905
v 3.486030 -0.438660 0.296977
v 3.342160 -0.237311 0.053986
v 3.514980 -0.251071 0.316774
v 3.486030 -0.438660 0.296977
v 3.737010 -0.261841 0.620497
v 3.514980 -0.251071 0.316774
v 3.700360 -0.197898 0.704454
v 3.737010 -0.261841 0.620497
v 3.955640 -0.241074 0.871077
v 3.700360 -0.197898 0.704454
v 3.889630 -0.191295 0.913937
v 3.955640 -0.241074 0.871077
v 4.120840 -0.253199 1.065800
v 4.669690 -0.250364 1.176820
v 4.996710 -0.157889 1.249220
v 4.963530 -0.295220 1.236040
v 5.137070 -0.293818 1.263180
v 2.803740 -0.876988 -0.817210
v 2.847360 -0.840961 -0.665150
v 2.757950 -0.910344 -0.661300
v 2.857670 -0.829855 -0.491965
v 2.993070 -0.781256 -0.269774
v 2.910770 -0.869851 -0.199784
v 2.857670 -0.829855 -0.491965
v 2.710720 -0.971153 -0.391431
v 2.486530 -1.066480 -0.836310
v 2.617970 -0.958898 -0.796940
v 2.510840 -1.116720 -0.720130
v 2.670250 -0.982678 -0.669710
v 2.670250 -0.982678 -0.669710
v 2.669280 -0.995826 -0.492004
v 2.510840 -1.116720 -0.720130
v 2.514170 -1.145270 -0.639060
v 2.669280 -0.995826 -0.492004
v 2.637660 -1.075700 -0.329516
v 2.514170 -1.145270 -0.639060
v 2.520420 -1.178100 -0.516125
v 2.126240 -1.159670 -0.891510
v 2.158050 -1.222600 -0.770950
v 2.111560 -1.335230 -0.938280
v 2.141270 -1.379910 -0.795980
v 2.158050 -1.222600 -0.770950
v 2.180010 -1.260470 -0.691900
v 2.141270 -1.379910 -0.795980
v 2.177450 -1.413080 -0.689110
v 1.734570 -1.425060 -2.527220
v 1.705950 -1.271290 -2.567970
v 1.735080 -1.411410 -2.584070
v 1.721750 -1.417770 -2.678230
v 1.855130 -1.424790 -2.644570
v 1.898570 -1.433000 -2.629610
v 1.848270 -1.435630 -2.488600
v 1.980620 -1.402900 -2.605240
v 1.451830 0.264098 -1.138200
v 1.328860 0.320073 -0.913970
v 1.454820 0.537909 -0.991570
v 1.348220 0.406544 -0.843400
v 1.855130 0.547469 -2.644570
v 1.811800 0.494436 -2.696980
v 1.802390 0.523191 -2.650960
v 1.721750 0.540451 -2.678230
v 1.857470 0.231328 -2.512060
v 1.841280 0.269349 -2.277350
v 1.736430 0.298206 -2.305020
v 1.756350 0.266768 -2.007740
v 2.079600 0.216337 -1.034720
v 2.249660 0.092610 -1.054040
v 2.243490 -0.007517 -1.146120
v 2.396610 -0.048688 -1.154580
v 2.249660 0.092610 -1.054040
v 2.422300 0.055509 -1.072260
v 2.396610 -0.048688 -1.154580
v 2.545260 -0.052350 -1.154640
v 2.422300 0.055509 -1.072260
v 2.515310 0.044615 -1.068400
v 2.545260 -0.052350 -1.154640
v 2.721130 -0.076282 -1.081760
v 2.743990 0.279617 0.308808
v 2.736200 0.220685 0.092435
v 2.702580 0.356951 0.241254
v 2.690580 0.380683 0.070603
v 2.736200 0.220685 0.092435
v 2.688130 0.234315 -0.078849
v 2.690580 0.380683 0.070603
v 2.618310 0.366831 -0.110432
v 2.688130 0.234315 -0.078849
v 2.647370 0.230825 -0.172890
v 2.618310 0.366831 -0.110432
v 2.539200 0.311815 -0.289118
v 2.245620 0.557118 -0.425712
v 2.013530 0.752830 -0.223643
v 2.346080 0.574640 -0.306690
v 2.108910 0.821030 0.081532
v 2.057500 0.405565 -2.448620
v 2.021370 0.506901 -2.443070
v 1.960640 0.462230 -2.274200
v 1.880970 0.451540 -2.294580
v 1.830670 0.464653 -2.297460
v 1.801130 0.499933 -2.046030
v 1.864060 0.496941 -2.031290
v 1.818270 0.529992 -1.875190
v 2.013090 0.472383 -1.613250
v 2.047700 0.376052 -1.611480
v 1.985330 0.454485 -1.782660
v 2.024530 0.372624 -1.756670
v 2.047700 0.376052 -1.611480
v 1.921880 0.254018 -1.718960
v 2.024530 0.372624 -1.756670
v 1.947260 0.293927 -2.004570
v 2.824360 -0.793673 -0.968600
v 2.663020 -0.916809 -1.001830
v 2.721130 -0.801038 -1.081760
v 2.545260 -0.824970 -1.154640
v 2.663020 -0.916809 -1.001830
v 2.515310 -0.921935 -1.068400
v 2.545260 -0.824970 -1.154640
v 2.396610 -0.828632 -1.154580
v 2.515310 -0.921935 -1.068400
v 2.422300 -0.932829 -1.072260
v 2.396610 -0.828632 -1.154580
v 2.243490 -0.869803 -1.146120
v 1.721210 0.163272 -1.151530
v 1.920430 -0.438660 -1.128740
v 1.604940 -0.438660 -1.118340
v 1.963150 -1.051520 -1.150180
v 4.216370 -0.032787 1.290990
v 4.319800 -0.147448 1.169670
v 4.068250 -0.037847 1.237590
v 4.105200 -0.138659 1.111240
v 1.599890 -1.061840 -1.156870
v 1.721210 -1.040590 -1.151530
v 1.740320 -1.102760 -1.241170
v 1.991890 -1.091430 -1.309740
v -1.406690 0.011739 -1.258660
v -1.397470 0.131881 -1.255150
v -1.305100 0.045570 -1.269800
v -1.266740 0.119262 -1.253280
v -3.601670 -0.438660 1.731710
v -3.709830 -0.438660 1.856420
v -3.709740 -0.226915 1.789850
v -3.690690 -0.438660 2.040740
v 1.972650 -1.211160 -2.290190
v 2.057500 -1.282880 -2.448620
v 2.001340 -1.201180 -2.409050
v 2.113590 -1.290310 -2.573190
v 5.379460 -0.088912 1.484480
v 5.388450 -0.086777 1.558080
v 5.425350 -0.095940 1.474630
v 5.479630 -0.074472 1.549970
v 5.152700 -0.151618 2.269320
v 5.133170 -0.104402 2.154220
v 5.058180 -0.021273 2.226850
v 5.019840 0.046902 2.178570
v 5.133170 -0.104402 2.154220
v 5.103430 -0.004385 2.063060
v 5.019840 0.046902 2.178570
v 4.917970 0.105541 2.120140
v 4.496190 0.140831 1.463230
v 4.333500 0.042857 1.389840
v 4.366870 0.191921 1.569800
v 4.277230 0.112159 1.516410
v 4.862640 0.131495 2.122800
v 4.798410 0.131958 1.911810
v 4.715650 0.145679 1.940860
v 4.955360 0.066570 1.675380
v 5.608970 -0.758379 1.756530
v 5.528190 -0.689326 1.878840
v 5.471930 -0.752559 1.783840
v 5.373130 -0.685372 1.979800
v 5.608970 -0.758379 1.756530
v 5.647190 -0.696493 1.833270
v 5.528190 -0.689326 1.878840
v 5.685190 -0.627409 1.890860
v 5.755280 -0.746165 1.442810
v 5.857750 -0.675428 1.435690
v 5.800780 -0.758110 1.517260
v 5.884860 -0.688205 1.500860
v 4.826000 0.137423 2.527840
v 4.881570 0.101289 2.533230
v 4.935880 0.134193 2.490330
v 4.918470 0.094053 2.523380
v -3.978120 -0.537940 -0.384780
v -4.227640 -0.508554 -0.789240
v -4.029730 -0.574965 -0.604580
v -4.229160 -0.550220 -1.034430
v -4.227640 -0.508554 -0.789240
v -4.333830 -0.495598 -1.109590
v -4.229160 -0.550220 -1.034430
v -4.424120 -0.569499 -1.393080
v -4.229160 -0.550220 -1.034430
v -4.424120 -0.569499 -1.393080
v -4.309740 -0.588989 -1.305190
v -4.445840 -0.628362 -1.576470
v -4.070740 -0.549214 -0.508988
v -3.896200 -0.516543 -0.190523
v -3.932490 -0.476014 -0.117906
v -3.805690 -0.490132 0.248554
v -3.581960 -0.334289 -0.975290
v -3.683070 -0.323427 -1.153310
v -3.820370 -0.168853 -0.800480
v -3.828490 -0.324565 -1.347900
v -4.075030 -0.397336 -1.465740
v -3.977660 -0.253751 -1.312180
v -3.890390 -0.456272 -1.311440
v -3.820370 -0.168853 -0.800480
v -4.405360 -0.631638 -1.482780
v -4.387150 -0.484262 -1.529150
v -4.297770 -0.616367 -1.451240
v -4.351540 -0.463680 -1.509010
v 4.798300 -1.029740 2.556850
v 4.807790 -1.009050 2.582310
v 4.751520 -1.072790 2.478320
v 4.728960 -1.052970 2.474810
v 4.807790 -1.009050 2.582310
v 4.744050 -0.994717 2.618000
v 4.728960 -1.052970 2.474810
v 4.688110 -1.043180 2.485040
v 4.744050 -0.994717 2.618000
v 4.636580 -0.910657 2.702040
v 4.688110 -1.043180 2.485040
v 4.561300 -0.985908 2.571730
v 4.636580 -0.910657 2.702040
v 4.472350 -0.882424 2.763790
v 4.561300 -0.985908 2.571730
v 4.389480 -0.911980 2.629080
v 5.685190 -0.627409 1.890860
v 5.687040 -0.549425 1.938300
v 5.604890 -0.552433 1.984750
v 5.680010 -0.439446 1.948670
v 5.685190 -0.627409 1.890860
v 5.647190 -0.696493 1.833270
v 5.730430 -0.648508 1.874330
v 5.710150 -0.728732 1.799310
v 5.963120 -0.439758 1.746440
v 5.908840 -0.439686 1.827630
v 5.979360 -0.563997 1.764190
v 5.915030 -0.575480 1.820820
v 5.908840 -0.439686 1.827630
v 5.835500 -0.439606 1.874940
v 5.915030 -0.575480 1.820820
v 5.842090 -0.569384 1.866370
v 5.912150 -0.692857 1.556570
v 5.950680 -0.614308 1.521390
v 5.959460 -0.625757 1.595890
v 5.998090 -0.545994 1.670530
v 5.979360 -0.313323 1.764190
v 5.998090 -0.331326 1.670530
v 5.941380 -0.259724 1.769480
v 5.931470 -0.223047 1.672140
v 5.783730 -0.723250 1.780130
v 5.803420 -0.648662 1.699450
v 5.847990 -0.700136 1.750230
v 5.931470 -0.654273 1.672140
v 5.803420 -0.648662 1.699450
v 5.840660 -0.625788 1.660600
v 5.931470 -0.654273 1.672140
v 5.849790 -0.619707 1.632140
v 5.998090 -0.545994 1.670530
v 5.931470 -0.654273 1.672140
v 5.895900 -0.603365 1.621390
v 5.849790 -0.619707 1.632140
v 4.863710 -1.375320 3.160810
v 4.753020 -1.411940 3.138360
v 4.735140 -1.389550 3.084120
v 4.624800 -1.428100 3.147030
v 4.460580 -1.395660 3.061530
v 4.497720 -1.376320 2.986140
v 4.615660 -1.416650 3.072530
v 4.662220 -1.379280 2.995010
v 4.101730 -1.876820 2.750980
v 4.148930 -1.815540 2.827390
v 4.046670 -1.891190 2.780010
v 4.094120 -1.819690 2.864830
v 4.148930 -1.815540 2.827390
v 4.197640 -1.687310 2.833300
v 4.094120 -1.819690 2.864830
v 4.170470 -1.680510 2.897100
v 4.159230 -1.361860 2.388560
v 4.281290 -1.225660 2.494410
v 4.131950 -1.360520 2.489420
v 4.153170 -1.238330 2.523480
v 5.764770 -0.747222 1.718480
v 5.773410 -0.761685 1.664520
v 5.803420 -0.648662 1.699450
v 5.840660 -0.625788 1.660600
v 5.773410 -0.761685 1.664520
v 5.837870 -0.743844 1.580150
v 5.840660 -0.625788 1.660600
v 5.849790 -0.619707 1.632140
v 5.837870 -0.743844 1.580150
v 5.912150 -0.692857 1.556570
v 5.849790 -0.619707 1.632140
v 5.895900 -0.603365 1.621390
v 5.912150 -0.692857 1.556570
v 5.959460 -0.625757 1.595890
v 5.895900 -0.603365 1.621390
v 5.998090 -0.545994 1.670530
v 4.159230 -1.361860 2.388560
v 4.137660 -1.499680 2.383500
v 4.150300 -1.355710 2.259230
v 4.127900 -1.529170 2.267020
v 4.137660 -1.499680 2.383500
v 4.143790 -1.640050 2.452380
v 4.127900 -1.529170 2.267020
v 4.152170 -1.663660 2.307440
v 4.143790 -1.640050 2.452380
v 4.123290 -1.733800 2.525510
v 4.152170 -1.663660 2.307440
v 4.103300 -1.802400 2.477220
v 4.123290 -1.733800 2.525510
v 4.112680 -1.805570 2.633750
v 4.103300 -1.802400 2.477220
v 4.082990 -1.889590 2.614470
v 4.883020 -1.331820 3.052320
v 4.856250 -1.305730 3.032470
v 5.096150 -1.213390 3.198380
v 4.829570 -1.260490 3.019460
v 4.354940 -1.217510 2.502820
v 4.245220 -1.211300 2.447190
v 4.232340 -0.973022 2.341740
v 4.094110 -1.017090 2.327940
v -3.357010 -0.509876 2.220330
v -3.348270 -0.438575 2.206400
v -3.380840 -0.561933 2.258350
v -3.413370 -0.580969 2.310260
v 4.129930 -1.840920 2.747430
v 4.140100 -1.805860 2.734610
v 4.149440 -1.792350 2.779210
v 4.169400 -1.722690 2.744940
v 4.197520 -1.691700 2.787790
v 4.199320 -1.613200 2.743310
v 4.218460 -1.581100 2.795490
v 4.275400 -1.485060 2.758570
v 4.303190 -1.483070 2.785780
v 4.199320 -1.613200 2.743310
v 4.169400 -1.722690 2.744940
v 4.141760 -1.734000 2.718620
v 4.140100 -1.805860 2.734610
v 4.111930 -1.838610 2.673470
v 4.129930 -1.840920 2.747430
v 4.897810 0.189397 2.385450
v 4.861610 0.183253 2.440300
v 4.925390 0.180177 2.393890
v 4.935560 0.147040 2.454680
v 4.973130 0.094806 2.431440
v 4.935880 0.134193 2.490330
v 4.852580 0.164445 2.254780
v 4.861620 0.179435 2.292730
v 4.944710 0.136714 2.279320
v 4.852580 0.166371 2.328380
v 4.926190 0.143477 2.298470
v 4.953400 0.166949 2.346600
v 4.982360 0.097530 2.311960
v 4.953740 0.153596 2.391240
v 4.953400 0.166949 2.346600
v 4.925500 0.174753 2.356470
v 4.852580 0.166371 2.328380
v 4.824750 0.187698 2.385500
v 4.861620 0.179435 2.292730
v 4.760920 0.174460 2.320020
v 4.852580 0.164445 2.254780
v 4.788480 0.169959 2.466710
v 4.842880 0.199365 2.459990
v 4.760920 0.174460 2.320020
v 4.861610 0.183253 2.440300
v 4.824750 0.187698 2.385500
v 4.897810 0.189397 2.385450
v 4.925500 0.174753 2.356470
v 4.925390 0.180177 2.393890
v 4.953740 0.153596 2.391240
v 4.973130 0.094806 2.431440
v 4.743250 0.124761 1.497870
v 4.567900 0.203824 1.588460
v 4.733660 0.154223 1.666030
v 4.641550 0.183374 1.724080
v 4.761600 0.132710 1.801670
v 4.679120 0.150998 1.877090
v 2.386830 -1.575140 -3.023560
v 2.440240 -1.458080 -3.070900
v 2.327020 -1.396890 -2.913660
v 2.309360 -1.240170 -2.906810
v 2.236410 -1.330690 -2.781390
v 1.941320 -1.139970 -2.996140
v 2.002740 -1.126760 -3.084760
v 1.933900 -1.351100 -3.107590
v 2.078930 -1.355750 -3.146330
v 2.025470 -1.643500 -3.118180
v 2.254360 -1.673780 -3.112270
v 2.343300 -1.633920 -3.069190
v 2.254360 -1.673780 -3.112270
v 2.197940 -1.375100 -3.145290
v 2.078930 -1.355750 -3.146330
v 2.126550 -1.139660 -3.111020
v 2.002740 -1.126760 -3.084760
v 2.107990 -1.115670 -2.924910
v 1.941320 -1.139970 -2.996140
v 1.929730 -1.128200 -2.859760
v 2.217370 -1.327590 -2.717430
v 2.236410 -1.330690 -2.781390
v 2.235940 -1.262610 -2.804440
v 2.309360 -1.240170 -2.906810
v 2.107990 -1.115670 -2.924910
v 2.377810 -1.238990 -3.045450
v 2.244150 -1.171550 -3.106900
v 2.440240 -1.458080 -3.070900
v 2.197940 -1.375100 -3.145290
v 2.386830 -1.575140 -3.023560
v 2.343300 -1.633920 -3.069190
v 1.865130 0.616320 -2.915170
v 1.933900 0.473778 -3.107590
v 1.839520 0.444828 -2.966630
v 2.002740 0.249443 -3.084760
v 1.941320 0.262654 -2.996140
v 2.107990 0.238347 -2.924910
v 1.926180 0.655090 -2.850220
v 1.981190 0.741870 -3.002620
v 1.865130 0.616320 -2.915170
v 1.919390 0.672210 -3.048420
v 1.933900 0.473778 -3.107590
v 2.078930 0.478428 -3.146330
v 2.126550 0.262345 -3.111020
v 2.244150 0.294228 -3.106900
v 2.107990 0.238347 -2.924910
v 2.309360 0.362848 -2.906810
v 2.235940 0.385295 -2.804440
v 2.327020 0.519574 -2.913660
v 2.440240 0.580760 -3.070900
v 2.197940 0.497777 -3.145290
v 2.254360 0.796460 -3.112270
v 2.025470 0.766180 -3.118180
v 2.138770 0.776070 -2.959020
v 1.981190 0.741870 -3.002620
v 2.031260 0.672460 -2.818050
v 1.926180 0.655090 -2.850220
v 2.031260 0.672460 -2.818050
v 2.148880 0.637540 -2.782960
v 2.138770 0.776070 -2.959020
v 2.247980 0.688800 -2.904140
v 2.254360 0.796460 -3.112270
v 2.343300 0.756600 -3.069190
v 2.440240 0.580760 -3.070900
v 1.839520 0.444828 -2.966630
v 1.841890 0.576110 -2.807340
v 1.865130 0.616320 -2.915170
v 1.886440 0.608660 -2.753080
v 1.926180 0.655090 -2.850220
v 1.970050 0.626520 -2.703200
v 2.031260 0.672460 -2.818050
v 2.110030 0.630160 -2.709600
v 2.148880 0.637540 -2.782960
v 2.811500 0.218783 0.907758
v 2.679450 0.281913 1.126090
v 2.747940 0.177014 1.150910
v 2.542440 0.209932 1.438590
v 2.637460 0.142951 1.455920
v 2.396350 0.159062 1.680900
v 2.898730 0.212638 0.710576
v 2.811500 0.218783 0.907758
v 3.061090 0.135533 0.835886
v 2.747940 0.177014 1.150910
v 2.948390 0.076398 1.222020
v 2.637460 0.142951 1.455920
v 2.898730 0.212638 0.710576
v 2.790680 0.279603 0.657847
v 2.753160 0.274481 0.839489
v 2.706960 0.410922 0.832257
v 2.604220 0.331011 1.167490
v 2.570400 0.391745 1.177340
v 2.482920 0.263765 1.436300
v 2.347320 0.320103 1.504770
v 2.266000 0.224672 1.711910
v 1.859440 0.193562 1.889050
v 1.821950 -0.034909 2.056870
v 1.497140 -0.037552 2.057590
v 1.483830 -0.149879 2.136250
v 0.733818 -0.438660 2.179530
v 1.462510 -0.216266 2.184140
v 3.061090 0.135533 0.835886
v 3.136320 0.101236 0.609897
v 2.898730 0.212638 0.710576
v 2.919870 0.203800 0.523535
v 2.790680 0.279603 0.657847
v 2.948390 0.076398 1.222020
v 3.280680 0.060774 0.949462
v 3.061090 0.135533 0.835886
v 3.321830 0.027090 0.705350
v 3.136320 0.101236 0.609897
v 0.733818 -0.438660 2.179530
v 1.456660 -0.438660 2.224540
v 1.462510 -0.216266 2.184140
v 1.807580 -0.261033 2.195210
v 1.798720 -0.179308 2.153110
v 2.096550 -0.111850 2.117140
v 2.189850 0.078841 1.907650
v 2.301360 0.107355 1.836380
v 2.396350 0.159062 1.680900
v 2.553870 0.073675 1.722940
v 2.637460 0.142951 1.455920
v 2.854290 0.055990 1.532610
v 2.948390 0.076398 1.222020
v 3.189660 0.061462 1.346160
v 3.280680 0.060774 0.949462
v 3.473410 0.015998 1.804810
v 3.189660 0.061462 1.346160
v 3.163180 0.023778 1.648630
v 2.854290 0.055990 1.532610
v 2.815370 -0.025261 1.816240
v 2.553870 0.073675 1.722940
v 2.519030 -0.015698 1.924590
v 2.301360 0.107355 1.836380
v 2.183000 -0.096893 2.092730
v 2.096550 -0.111850 2.117140
v 2.069380 -0.225914 2.166480
v 1.807580 -0.261033 2.195210
v 1.794460 -0.438660 2.226380
v 1.456660 -0.438660 2.224540
v 1.462510 -0.661054 2.184140
v 0.733818 -0.438660 2.179530
v 2.126240 0.282351 -0.891510
v 2.158050 0.345281 -0.770950
v 2.354290 0.296529 -0.755090
v 2.386470 0.322707 -0.677410
v 2.510840 0.239397 -0.720130
v 2.514170 0.267954 -0.639060
v 2.111560 0.457910 -0.938280
v 2.099570 0.617100 -0.821340
v 2.141270 0.502594 -0.795980
v 2.148550 0.626750 -0.664410
v 2.177450 0.535756 -0.689110
v 2.222080 0.575480 -0.518682
v 2.229350 0.424166 -0.554063
v 2.825540 0.113937 -0.128918
v 2.710720 0.093833 -0.391431
v 2.637660 0.198379 -0.329516
v 2.669280 0.118506 -0.492004
v 2.520420 0.300785 -0.516125
v 2.514170 0.267954 -0.639060
v 2.407310 0.366431 -0.536320
v 2.386470 0.322707 -0.677410
v 2.229350 0.424166 -0.554063
v 2.180010 0.383152 -0.691900
v 2.177450 0.535756 -0.689110
v 2.158050 0.345281 -0.770950
v 2.141270 0.502594 -0.795980
v 2.126240 0.282351 -0.891510
v 2.111560 0.457910 -0.938280
v 3.619650 -0.046918 0.910706
v 3.641200 -0.076462 0.846114
v 3.360040 -0.025975 0.604147
v 3.378800 -0.083298 0.512396
v 3.166160 0.018601 0.459970
v 3.199570 -0.058510 0.284921
v 2.953030 0.081839 0.310970
v 2.986410 -0.009696 0.025157
v 2.910770 -0.007469 -0.199784
v 2.881060 0.083308 -0.054486
v 2.986410 -0.009696 0.025157
v 2.835440 0.139230 0.207559
v 2.953030 0.081839 0.310970
v 2.919870 0.203800 0.523535
v 3.166160 0.018601 0.459970
v 3.136320 0.101236 0.609897
v 3.360040 -0.025975 0.604147
v 3.321830 0.027090 0.705350
v 3.619650 -0.046918 0.910706
v 3.559390 0.013875 1.145180
v 2.510840 0.239397 -0.720130
v 2.514170 0.267954 -0.639060
v 2.670250 0.105358 -0.669710
v 2.669280 0.118506 -0.492004
v 2.857670 -0.047465 -0.491965
v 2.710720 0.093833 -0.391431
v 2.910770 -0.007469 -0.199784
v 2.825540 0.113937 -0.128918
v 2.881060 0.083308 -0.054486
v 2.486530 0.189162 -0.836310
v 2.457060 0.101206 -0.962300
v 2.318790 0.235203 -0.855430
v 2.274530 0.128706 -0.994830
v 2.126240 0.282351 -0.891510
v 2.663020 0.039489 -1.001830
v 2.549320 0.096496 -0.896550
v 2.740890 0.024944 -0.900570
v 2.617970 0.081578 -0.796940
v 2.803740 -0.000332 -0.817210
v 2.847360 -0.036359 -0.665150
v 2.960120 -0.153917 -0.503167
v 2.847360 -0.036359 -0.665150
v 2.857670 -0.047465 -0.491965
v 2.757950 0.033024 -0.661300
v 2.670250 0.105358 -0.669710
v 2.617970 0.081578 -0.796940
v 2.486530 0.189162 -0.836310
v 2.549320 0.096496 -0.896550
v 2.457060 0.101206 -0.962300
v 2.663020 0.039489 -1.001830
v 1.801790 -1.567940 -1.026800
v 1.804930 -1.527860 -1.143290
v 1.937010 -1.465500 -1.186760
v 1.818850 -1.462250 -1.318320
v 1.941770 -1.436110 -1.320800
v 1.839220 -1.437010 -1.670610
v 1.918640 -1.439930 -1.644990
v 1.818270 -1.407310 -1.875190
v 1.906370 -1.403550 -1.843620
v 1.801130 -1.377250 -2.046030
v 1.864060 -1.374260 -2.031290
v 1.880970 -1.328860 -2.294580
v 1.960640 -1.339550 -2.274200
v 1.966700 -1.592380 -0.789500
v 1.801790 -1.567940 -1.026800
v 1.974220 -1.507610 -1.030550
v 1.937010 -1.465500 -1.186760
v 2.036040 -1.405810 -1.140420
v 1.941770 -1.436110 -1.320800
v 2.021590 -1.350750 -1.316630
v 1.918640 -1.439930 -1.644990
v 2.013090 -1.349700 -1.613250
v 1.906370 -1.403550 -1.843620
v 1.985330 -1.331800 -1.782660
v 1.930750 -1.333400 -2.024880
v 2.036040 -1.405810 -1.140420
v 2.071450 -1.444850 -0.971460
v 1.974220 -1.507610 -1.030550
v 2.099570 -1.494420 -0.821340
v 1.966700 -1.592380 -0.789500
v 1.960640 -1.339550 -2.274200
v 1.994080 -1.263210 -2.274390
v 1.930750 -1.333400 -2.024880
v 1.953910 -1.269250 -2.023570
v 1.985330 -1.331800 -1.782660
v 2.024530 -1.249940 -1.756670
v 2.013090 -1.349700 -1.613250
v 2.047700 -1.253370 -1.611480
v 2.021590 -1.350750 -1.316630
v 2.053110 -1.263510 -1.299620
v 2.036040 -1.405810 -1.140420
v 2.059840 -1.297620 -1.122670
v 2.071450 -1.444850 -0.971460
v 1.801130 -1.377250 -2.046030
v 1.830670 -1.341970 -2.297460
v 1.880970 -1.328860 -2.294580
v 1.911790 -1.388780 -2.457110
v 1.960640 -1.339550 -2.274200
v 2.021370 -1.384220 -2.443070
v 1.994080 -1.263210 -2.274390
v 1.804930 -1.527860 -1.143290
v 1.717140 -1.442750 -1.370870
v 1.818850 -1.462250 -1.318320
v 1.720030 -1.410010 -1.666910
v 1.839220 -1.437010 -1.670610
v 1.710410 -1.392960 -1.833560
v 1.818270 -1.407310 -1.875190
v 1.737620 -1.356990 -2.046360
v 1.801130 -1.377250 -2.046030
v 1.771420 -1.384760 -2.330360
v 1.830670 -1.341970 -2.297460
v 1.966700 -1.592380 -0.789500
v 1.805210 -1.603980 -0.829770
v 1.801790 -1.567940 -1.026800
v 1.612400 -1.538390 -1.047070
v 1.804930 -1.527860 -1.143290
v 1.650320 -1.492010 -1.207220
v 1.717140 -1.442750 -1.370870
v 2.099570 -1.494420 -0.821340
v 2.148550 -1.504070 -0.664410
v 1.966700 -1.592380 -0.789500
v 2.024690 -1.611120 -0.635990
v 1.805210 -1.603980 -0.829770
v -3.752470 -0.338795 1.456410
v -3.765740 -0.332379 0.945730
v -3.801840 -0.323372 1.451330
v -3.811190 -0.346627 0.940595
v -3.851210 -0.338829 1.446250
v -3.805570 -0.337213 0.248551
v -3.786740 -0.354369 0.592452
v -3.744910 -0.341386 0.597153
v -3.765740 -0.332379 0.945730
v -3.720270 -0.346596 0.950865
v -3.752470 -0.338795 1.456410
v -3.716310 -0.380967 1.460130
v -3.887340 -0.381025 1.442530
v -3.851210 -0.338829 1.446250
v -3.844470 -0.385528 0.936836
v -3.811190 -0.346627 0.940595
v -3.817380 -0.389932 0.589008
v -3.786740 -0.354369 0.592452
v -3.845920 -0.369480 0.249838
v -3.805570 -0.337213 0.248551
v -3.900570 -0.438660 1.441160
v -3.887340 -0.381025 1.442530
v -3.856650 -0.438660 0.935461
v -3.844470 -0.385528 0.936836
v -3.828630 -0.438660 0.587743
v -3.817380 -0.389932 0.589008
v -3.860740 -0.413698 0.250311
v -3.845920 -0.369480 0.249838
v -3.921870 -0.293353 -0.099842
v -3.805570 -0.337213 0.248551
v -3.910550 -0.275501 -0.163059
v -3.661290 -0.438586 1.909540
v -3.716310 -0.380967 1.460130
v -3.675640 -0.376459 1.910170
v -3.752470 -0.338795 1.456410
v -3.714790 -0.330992 1.911910
v -3.801840 -0.323372 1.451330
v -3.768240 -0.314365 1.914280
v -3.851210 -0.338829 1.446250
v -3.821690 -0.331029 1.916650
v -3.887340 -0.381025 1.442530
v -3.860820 -0.376523 1.918380
v -3.900570 -0.438660 1.441160
v -3.519090 -0.505369 2.141880
v -3.661290 -0.438586 1.909540
v -3.507690 -0.438660 2.138870
v -3.675640 -0.376459 1.910170
v -3.519090 -0.371951 2.141880
v -3.714790 -0.330992 1.911910
v -3.557100 -0.323190 2.159790
v -3.768240 -0.314365 1.914280
v -3.609020 -0.305356 2.184250
v -3.821690 -0.331029 1.916650
v -3.660930 -0.323229 2.208700
v -3.860820 -0.376523 1.918380
v -3.752470 -0.538525 1.456410
v -3.720270 -0.530724 0.950865
v -3.686970 -0.491845 0.954626
v -3.672560 -0.487338 0.605285
v -3.661330 -0.438718 0.606546
v -3.640460 -0.413751 0.243281
v -3.655170 -0.369616 0.243751
v -3.742610 -0.289299 -0.290714
v -3.714790 -0.546328 1.911910
v -3.752470 -0.538525 1.456410
v -3.716310 -0.496353 1.460130
v -3.686970 -0.491845 0.954626
v -3.674770 -0.438597 0.956005
v -3.661330 -0.438718 0.606546
v -3.672510 -0.390081 0.605290
v -3.655170 -0.369616 0.243751
v -3.695450 -0.337291 0.245036
v -3.742610 -0.289299 -0.290714
v -3.873620 -0.241491 -0.320375
v -3.917880 -0.149489 -0.644170
v -3.557100 -0.554130 2.159790
v -3.714790 -0.546328 1.911910
v -3.675640 -0.500861 1.910170
v -3.716310 -0.496353 1.460130
v -3.703060 -0.438591 1.461500
v -3.674770 -0.438597 0.956005
v -3.686970 -0.385475 0.954626
v -3.672510 -0.390081 0.605290
v -3.703100 -0.354455 0.601852
v -3.695450 -0.337291 0.245036
v -3.750500 -0.325430 0.246793
v -3.873620 -0.241491 -0.320375
v -4.001500 -0.153019 -0.937040
v -3.988140 -0.215011 -0.524129
v -3.917880 -0.149489 -0.644170
v -3.910550 -0.275501 -0.163059
v -3.873620 -0.241491 -0.320375
v -3.805570 -0.337213 0.248551
v -3.750500 -0.325430 0.246793
v -3.744910 -0.341386 0.597153
v -3.703100 -0.354455 0.601852
v -3.720270 -0.346596 0.950865
v -3.686970 -0.385475 0.954626
v -3.716310 -0.380967 1.460130
v -3.703060 -0.438591 1.461500
v -3.661290 -0.438586 1.909540
v -3.675640 -0.500861 1.910170
v -3.519090 -0.505369 2.141880
v -3.557100 -0.554130 2.159790
v -4.111930 -0.171500 -0.894480
v -4.073090 -0.200278 -1.210830
v -4.201900 -0.223801 -1.229890
v -4.175760 -0.298001 -1.369560
v -4.273070 -0.338782 -1.360220
v -4.321270 -0.463732 -1.524830
v -4.042720 -0.269692 -0.438050
v -4.111930 -0.171500 -0.894480
v -4.216300 -0.334626 -0.722190
v -4.201900 -0.223801 -1.229890
v -4.252680 -0.293040 -0.999190
v -4.273070 -0.338782 -1.360220
v -3.817430 -0.487289 0.589003
v -3.845990 -0.457824 0.249840
v -3.805690 -0.490132 0.248554
v -3.975340 -0.424253 -0.116301
v -3.932490 -0.476014 -0.117906
v -4.112450 -0.454986 -0.437105
v -3.887340 -0.496295 1.442530
v -3.900570 -0.438660 1.441160
v -3.844470 -0.491792 0.936836
v -3.856650 -0.438660 0.935461
v -3.817430 -0.487289 0.589003
v -3.828630 -0.438660 0.587743
v -3.845990 -0.457824 0.249840
v -3.860740 -0.413698 0.250311
v -3.975340 -0.424253 -0.116301
v -3.921870 -0.293353 -0.099842
v -4.042720 -0.269692 -0.438050
v -3.988140 -0.215011 -0.524129
v -4.111930 -0.171500 -0.894480
v -4.001500 -0.153019 -0.937040
v -4.073090 -0.200278 -1.210830
v -4.000020 -0.163310 -1.128850
v -3.977660 -0.253751 -1.312180
v -3.820370 -0.168853 -0.800480
v -3.413370 -0.580969 2.310260
v -3.557100 -0.554130 2.159790
v -3.380840 -0.561933 2.258350
v -3.519090 -0.505369 2.141880
v -3.357010 -0.509876 2.220330
v -3.507690 -0.438660 2.138870
v -3.348270 -0.438575 2.206400
v -3.519090 -0.371951 2.141880
v -3.357010 -0.367444 2.220330
v -3.557100 -0.323190 2.159790
v -3.380840 -0.315387 2.258350
v -3.609020 -0.305356 2.184250
v -3.413370 -0.296351 2.310260
v -3.660930 -0.323229 2.208700
v -3.445900 -0.315431 2.362170
v -3.698930 -0.372020 2.226600
v 4.111930 0.961290 2.673470
v 4.129930 0.963600 2.747430
v 4.140100 0.928540 2.734610
v 4.169400 0.845370 2.744940
v 4.141760 0.856680 2.718620
v 4.197640 0.809990 2.833300
v 4.149440 0.915030 2.779210
v 4.148930 0.938220 2.827390
v 4.129930 0.963600 2.747430
v 4.101730 0.999500 2.750980
v 4.111930 0.961290 2.673470
v 4.275400 0.607740 2.758570
v 4.211810 0.600480 2.721150
v 4.218460 0.703780 2.795490
v 4.199320 0.735880 2.743310
v 4.197520 0.814380 2.787790
v 4.133170 0.820660 2.613890
v 4.141760 0.856680 2.718620
v 4.152560 0.778390 2.674130
v 4.169400 0.845370 2.744940
v 4.199320 0.735880 2.743310
v 4.149440 0.915030 2.779210
v 4.197520 0.814380 2.787790
v 4.197640 0.809990 2.833300
v 4.218460 0.703780 2.795490
v 4.245860 0.702650 2.813750
v 4.275400 0.607740 2.758570
v 4.111930 0.961290 2.673470
v 4.140100 0.928540 2.734610
v 4.112680 0.928250 2.633750
v 4.141760 0.856680 2.718620
v 4.123290 0.856480 2.525510
v 4.133170 0.820660 2.613890
v 4.143790 0.762730 2.452380
v 4.126160 0.733860 2.559590
v 4.369750 0.483234 2.736860
v 4.275400 0.607740 2.758570
v 4.303190 0.605750 2.785780
v 4.245860 0.702650 2.813750
v 4.228520 0.659910 2.873690
v 4.197640 0.809990 2.833300
v 4.170470 0.803190 2.897100
v 4.148930 0.938220 2.827390
v 4.094120 0.942370 2.864830
v 4.101730 0.999500 2.750980
v 4.046670 1.013870 2.780010
v 4.082990 1.012270 2.614470
v 3.233970 -0.366229 2.497850
v 3.458300 -0.335998 2.590320
v 3.460200 -0.258292 2.542150
v 3.745670 -0.196730 2.704660
v 3.758210 -0.115609 2.645340
v 3.828000 -0.205319 2.791200
v 3.870550 -0.069696 2.730770
v 4.094110 0.139775 2.327940
v 4.059890 0.031427 2.299120
v 3.966640 0.110631 2.407950
v 3.922440 0.044903 2.411120
v 3.823350 -0.010304 2.580390
v 3.814880 0.004340 2.407080
v 3.758210 -0.115609 2.645340
v 3.479420 -0.121182 2.416910
v 3.460200 -0.258292 2.542150
v 3.252220 -0.290445 2.465010
v 3.233970 -0.366229 2.497850
v 3.036360 -0.268822 2.352650
v 4.232340 0.095702 2.341740
v 4.240120 0.145286 2.208710
v 4.094110 0.139775 2.327940
v 4.148880 0.135105 2.198580
v 4.076850 0.088776 2.185260
v 4.067580 0.096337 2.011330
v 3.882000 0.037677 2.203090
v 4.305410 0.100747 2.497910
v 4.377100 0.157083 2.310370
v 4.278050 0.098691 2.415320
v 4.304560 0.133582 2.345200
v 4.232340 0.095702 2.341740
v 4.303620 0.171728 2.238570
v 4.240120 0.145286 2.208710
v 4.221810 0.155430 2.099430
v 4.121120 0.148528 2.053110
v 4.312220 0.201284 2.122050
v 4.386380 0.158006 2.209530
v 4.404220 0.177950 2.101090
v 4.459680 0.149525 2.217540
v 4.477780 0.158747 2.126520
v 4.560750 0.123768 2.223810
v 4.615410 0.139108 2.078300
v 4.342700 0.078032 2.550940
v 4.433020 0.125134 2.463370
v 4.305410 0.100747 2.497910
v 4.432610 0.139228 2.317530
v 4.377100 0.157083 2.310370
v 4.386380 0.158006 2.209530
v 4.303620 0.171728 2.238570
v 4.312220 0.201284 2.122050
v 4.221810 0.155430 2.099430
v 4.305410 0.100747 2.497910
v 4.314790 0.101990 2.580820
v 4.342700 0.078032 2.550940
v 4.389480 0.034660 2.629080
v 4.433020 0.125134 2.463370
v 4.561300 0.108588 2.571730
v 4.432610 0.139228 2.317530
v 4.533110 0.140315 2.427670
v 4.459680 0.149525 2.217540
v 4.551480 0.136531 2.280410
v 4.560750 0.123768 2.223810
v 4.688110 0.165858 2.485040
v 4.017510 0.292994 2.434830
v 3.989430 0.326426 2.557490
v 4.022590 0.464624 2.561710
v 4.024700 0.375559 2.626520
v 4.059710 0.449492 2.633570
v 4.104860 0.477075 2.737010
v 4.047410 0.576450 2.645870
v 4.102300 0.587200 2.738620
v 4.061990 0.739720 2.670650
v 4.097360 0.801330 2.805260
v 4.228520 0.659910 2.873690
v 4.170470 0.803190 2.897100
v 4.097360 0.801330 2.805260
v 4.058310 0.899390 2.732020
v 4.061990 0.739720 2.670650
v 4.024860 0.769440 2.545230
v 4.020300 0.563700 2.580330
v 4.036950 0.633900 2.430830
v 4.022590 0.464624 2.561710
v 4.031520 0.479800 2.406910
v 4.017510 0.292994 2.434830
v 4.215420 0.447104 2.789140
v 4.079120 0.406350 2.702760
v 4.172140 0.340312 2.742050
v 4.044730 0.305549 2.693120
v 4.146070 0.268712 2.716760
v 4.010850 0.183489 2.708910
v 4.266260 0.616140 2.860310
v 4.194230 0.569810 2.846990
v 4.307090 0.438542 2.806140
v 4.215420 0.447104 2.789140
v 4.273010 0.323512 2.749190
v 4.172140 0.340312 2.742050
v 4.229330 0.234089 2.713180
v 4.146070 0.268712 2.716760
v 3.982910 0.201149 2.426050
v 3.892380 0.164929 2.588090
v 4.017510 0.292994 2.434830
v 3.945460 0.250876 2.568760
v 3.989430 0.326426 2.557490
v 3.990740 0.272135 2.644110
v 4.024700 0.375559 2.626520
v 4.079120 0.406350 2.702760
v 4.104860 0.477075 2.737010
v 4.215420 0.447104 2.789140
v 4.102300 0.587200 2.738620
v 4.194230 0.569810 2.846990
v 4.155550 0.653300 2.827320
v 4.266260 0.616140 2.860310
v 4.228520 0.659910 2.873690
v 4.043800 -0.038268 2.825180
v 4.078510 0.033533 2.850470
v 4.113930 0.087811 2.772790
v 4.193960 0.178045 2.809140
v 4.296770 0.090136 2.699080
v 4.035750 -0.094703 2.838200
v 4.043800 -0.038268 2.825180
v 4.025360 -0.036063 2.797960
v 4.113930 0.087811 2.772790
v 4.077560 0.071678 2.743850
v 4.112300 0.156840 2.724490
v 3.967080 0.098983 2.719310
v 3.967080 0.098983 2.719310
v 3.961910 -0.063913 2.786400
v 4.025360 -0.036063 2.797960
v 4.000110 -0.125406 2.862820
v 4.035750 -0.094703 2.838200
v 4.267320 0.176280 2.560650
v 4.274890 0.240415 2.658690
v 4.296770 0.090136 2.699080
v 4.229330 0.234089 2.713180
v 4.212060 0.187267 2.718110
v 4.146070 0.268712 2.716760
v 4.112300 0.156840 2.724490
v 4.010850 0.183489 2.708910
v 3.967080 0.098983 2.719310
v 3.903910 0.073808 2.680160
v 3.961910 -0.063913 2.786400
v 4.472350 0.005104 2.763790
v 4.389480 0.034660 2.629080
v 4.296770 0.090136 2.699080
v 4.314790 0.101990 2.580820
v 4.267320 0.176280 2.560650
v 4.305410 0.100747 2.497910
v 4.192790 0.229356 2.850630
v 4.320630 0.243923 2.824190
v 4.193960 0.178045 2.809140
v 4.314040 0.138850 2.768120
v 4.296770 0.090136 2.699080
v 4.442910 0.094560 2.781920
v 4.472350 0.005104 2.763790
v 4.443850 0.056772 2.888580
v 4.407730 0.048032 2.970300
v 4.443850 0.056772 2.888580
v 4.440760 0.190627 2.929010
v 4.442910 0.094560 2.781920
v 4.440710 0.190468 2.837130
v 4.320630 0.243923 2.824190
v 4.382050 0.360097 2.872130
v 4.192790 0.229356 2.850630
v 4.344030 0.032289 3.024290
v 4.407730 0.048032 2.970300
v 4.423030 0.164902 3.000000
v 4.440760 0.190627 2.929010
v 4.484670 0.270228 2.973110
v 4.474630 0.313230 2.903870
v 4.224730 0.053256 3.063190
v 4.344030 0.032289 3.024290
v 4.359480 0.158157 3.054500
v 4.423030 0.164902 3.000000
v 4.476090 0.253641 3.045310
v 4.484670 0.270228 2.973110
v 4.176060 0.179724 3.075540
v 4.224730 0.053256 3.063190
v 4.277170 0.152709 3.091100
v 4.359480 0.158157 3.054500
v 4.411540 0.274472 3.102480
v 4.476090 0.253641 3.045310
v 4.235490 0.364953 3.074830
v 4.176060 0.179724 3.075540
v 4.273410 0.315014 3.125230
v 4.277170 0.152709 3.091100
v 4.356680 0.280390 3.121660
v 4.411540 0.274472 3.102480
v 4.465270 0.318607 3.134090
v 4.476090 0.253641 3.045310
v 4.418950 0.343871 3.146060
v 4.462370 0.444015 3.164660
v 4.354200 0.387885 3.150500
v 4.460790 0.511312 3.134280
v 4.343000 0.465687 3.102710
v 4.343220 0.454446 3.028200
v 4.235490 0.364953 3.074830
v 4.343000 0.465687 3.102710
v 4.273410 0.315014 3.125230
v 4.354200 0.387885 3.150500
v 4.356680 0.280390 3.121660
v 4.418950 0.343871 3.146060
v 4.465270 0.318607 3.134090
v 4.010850 -1.060810 2.708910
v 4.112300 -1.034160 2.724490
v 4.077560 -0.948998 2.743850
v 4.212970 -1.025770 2.741840
v 4.113930 -0.965131 2.772790
v 4.212060 -1.064590 2.718110
v 4.212970 -1.025770 2.741840
v 4.146070 -1.146030 2.716760
v 4.112300 -1.034160 2.724490
v 4.044730 -1.182870 2.693120
v 4.010850 -1.060810 2.708910
v 4.061990 -1.617040 2.670650
v 4.036950 -1.511220 2.430830
v 4.024860 -1.646760 2.545230
v 4.152170 -1.663660 2.307440
v 4.103300 -1.802400 2.477220
v 4.127900 -1.529170 2.267020
v 4.152170 -1.663660 2.307440
v 4.031520 -1.357120 2.406910
v 4.036950 -1.511220 2.430830
v 4.020300 -1.441020 2.580330
v 4.061990 -1.617040 2.670650
v 4.047410 -1.453770 2.645870
v 4.079120 -1.283670 2.702760
v 4.104860 -1.354390 2.737010
v 4.172140 -1.217630 2.742050
v 4.215420 -1.324420 2.789140
v 4.229330 -1.111410 2.713180
v 4.273010 -1.200830 2.749190
v 4.059710 -1.326810 2.633570
v 4.024700 -1.252880 2.626520
v 3.989430 -1.203750 2.557490
v 3.945460 -1.128200 2.568760
v 4.017510 -1.170310 2.434830
v 4.170470 -1.680510 2.897100
v 4.228520 -1.537230 2.873690
v 4.155550 -1.530620 2.827320
v 4.194230 -1.447130 2.846990
v 4.102300 -1.464520 2.738620
v 4.104860 -1.354390 2.737010
v 4.059710 -1.326810 2.633570
v 4.079120 -1.283670 2.702760
v 4.024700 -1.252880 2.626520
v 4.150300 -1.355710 2.259230
v 4.127900 -1.529170 2.267020
v 4.017510 -1.170310 2.434830
v 4.031520 -1.357120 2.406910
v 3.989430 -1.203750 2.557490
v 4.022590 -1.341940 2.561710
v 4.059710 -1.326810 2.633570
v 4.047410 -1.453770 2.645870
v 4.102300 -1.464520 2.738620
v 4.061990 -1.617040 2.670650
v 4.155550 -1.530620 2.827320
v 4.097360 -1.678650 2.805260
v 4.170470 -1.680510 2.897100
v 4.094120 -1.819690 2.864830
v 3.945460 -1.128200 2.568760
v 3.982910 -1.078470 2.426050
v 4.017510 -1.170310 2.434830
v 4.094110 -1.017090 2.327940
v 4.150300 -1.355710 2.259230
v 5.260650 -0.790722 1.622830
v 5.250480 -0.823894 1.561690
v 5.388450 -0.790543 1.558080
v 5.379460 -0.788408 1.484480
v 5.425350 -0.781380 1.474630
v 5.434590 -0.769483 1.409070
v 4.733660 -1.031540 1.666030
v 5.011080 -0.897222 1.505430
v 4.991710 -0.942809 1.601760
v 5.250480 -0.823894 1.561690
v 5.158320 -0.856703 1.675430
v 5.260650 -0.790722 1.622830
v 5.223190 -0.826729 1.810150
v 4.679120 -1.028320 1.877090
v 4.761600 -1.010030 1.801670
v 4.715650 -1.023000 1.940860
v 4.798410 -1.009280 1.911810
v 4.752340 -1.029960 2.162050
v 4.862640 -1.008810 2.122800
v 4.816180 -1.042690 2.236520
v 4.917970 -0.982861 2.120140
v 4.862640 -1.008810 2.122800
v 4.982820 -0.946266 1.941730
v 4.927280 -0.964987 1.925610
v 5.158320 -0.856703 1.675430
v 4.955360 -0.943890 1.675380
v 4.991710 -0.942809 1.601760
v 4.761600 -1.010030 1.801670
v 4.733660 -1.031540 1.666030
v 4.679120 -1.028320 1.877090
v 4.760920 -1.051780 2.320020
v 4.742360 -1.060310 2.320890
v 4.697610 -1.015320 2.206720
v 4.697020 -1.042710 2.301240
v 4.615410 -1.016430 2.078300
v 4.596480 -1.037640 1.951650
v 4.679120 -1.028320 1.877090
v 4.615410 -1.016430 2.078300
v 4.715650 -1.023000 1.940860
v 4.697610 -1.015320 2.206720
v 4.752340 -1.029960 2.162050
v 4.760920 -1.051780 2.320020
v 4.816180 -1.042690 2.236520
v 4.852580 -1.041760 2.254780
v 4.871150 -1.030990 2.179900
v 5.370710 -0.776092 1.418930
v 5.241470 -0.822625 1.479130
v 5.223570 -0.800777 1.412690
v 5.011080 -0.897222 1.505430
v 5.021250 -0.844227 1.389970
v 4.743250 -1.002080 1.497870
v 5.480650 -0.754908 1.380050
v 5.434590 -0.769483 1.409070
v 5.373650 -0.647500 1.324030
v 5.370710 -0.776092 1.418930
v 5.299010 -0.698837 1.347650
v 5.223570 -0.800777 1.412690
v 5.388450 -0.790543 1.558080
v 5.425350 -0.781380 1.474630
v 5.470780 -0.794031 1.448230
v 5.434590 -0.769483 1.409070
v 5.535180 -0.779917 1.418840
v 5.480650 -0.754908 1.380050
v 5.233180 -0.801648 1.881120
v 5.223190 -0.826729 1.810150
v 5.296960 -0.796644 1.761100
v 5.260650 -0.790722 1.622830
v 5.397970 -0.785462 1.612900
v 5.388450 -0.790543 1.558080
v 5.479630 -0.802848 1.549970
v 5.470780 -0.794031 1.448230
v 5.011430 -0.901865 2.314230
v 4.982360 -0.974850 2.311960
v 4.991710 -0.959421 2.282960
v 4.926190 -1.020800 2.298470
v 4.944710 -1.014030 2.279320
v 4.991900 -0.949046 2.199490
v 4.983030 -0.944439 2.245000
v 4.936070 -0.995936 2.176330
v 4.963550 -0.992175 2.221820
v 4.908020 -1.026540 2.234700
v 4.944710 -1.014030 2.279320
v 4.861620 -1.056750 2.292730
v 4.926190 -1.020800 2.298470
v 4.852580 -1.043690 2.328380
v 4.925500 -1.052070 2.356470
v 4.897810 -1.066720 2.385450
v 4.953400 -1.044270 2.346600
v 4.971870 -1.024690 2.362740
v 4.982360 -0.974850 2.311960
v 5.001900 -0.925384 2.353060
v 5.011430 -0.901865 2.314230
v 4.991750 -0.961866 2.448480
v 4.897810 -1.066720 2.385450
v 4.824750 -1.065020 2.385500
v 4.852580 -1.043690 2.328380
v 4.760920 -1.051780 2.320020
v 4.861620 -1.056750 2.292730
v 4.852580 -1.041760 2.254780
v 4.908020 -1.026540 2.234700
v 4.871150 -1.030990 2.179900
v 4.936070 -0.995936 2.176330
v 4.917970 -0.982861 2.120140
v 4.991900 -0.949046 2.199490
v 5.019840 -0.924222 2.178570
v 4.826000 -1.014740 2.527840
v 4.760920 -1.051780 2.320020
v 4.842880 -1.076680 2.459990
v 4.824750 -1.065020 2.385500
v 4.861610 -1.060570 2.440300
v 4.897810 -1.066720 2.385450
v 4.872540 -0.981551 2.597920
v 4.881570 -0.978609 2.533230
v 4.918470 -0.971373 2.523380
v 4.935880 -1.011510 2.490330
v 4.991750 -0.961866 2.448480
v 4.935560 -1.024360 2.454680
v 4.973130 -0.972126 2.431440
v 4.953740 -1.030920 2.391240
v 4.971870 -1.024690 2.362740
v 4.925390 -1.057500 2.393890
v 4.897810 -1.066720 2.385450
v 4.935560 -1.024360 2.454680
v 4.861610 -1.060570 2.440300
v 4.935880 -1.011510 2.490330
v 4.842880 -1.076680 2.459990
v 4.881570 -0.978609 2.533230
v 4.826000 -1.014740 2.527840
v 4.636910 -1.295520 3.189160
v 4.735450 -1.378990 3.187940
v 4.719170 -1.304620 3.189750
v 4.801440 -1.297580 3.188880
v 4.811800 -1.254070 3.167340
v 5.096150 -1.213390 3.198380
v 4.244620 -1.250390 2.993130
v 4.343000 -1.343010 3.102710
v 4.235490 -1.242270 3.074830
v 4.354200 -1.265200 3.150500
v 4.273410 -1.192330 3.125230
v 4.753020 -1.411940 3.138360
v 4.616630 -1.377990 3.188150
v 4.624800 -1.428100 3.147030
v 4.462370 -1.321330 3.164660
v 4.460790 -1.388630 3.134280
v 4.343000 -1.343010 3.102710
v 4.343220 -1.331770 3.028200
v 4.244620 -1.250390 2.993130
v 4.262800 -1.256980 2.929330
v 4.356680 -1.157710 3.121660
v 4.273410 -1.192330 3.125230
v 4.418950 -1.221190 3.146060
v 4.354200 -1.265200 3.150500
v 4.509550 -1.258630 3.158470
v 4.462370 -1.321330 3.164660
v 4.636910 -1.295520 3.189160
v 4.616630 -1.377990 3.188150
v 4.735450 -1.378990 3.187940
v 4.753020 -1.411940 3.138360
v 4.863710 -1.375320 3.160810
v 4.320630 -1.121240 2.824190
v 4.262800 -1.256980 2.929330
v 4.192790 -1.106680 2.850630
v 4.244620 -1.250390 2.993130
v 4.138690 -1.080970 2.912670
v 4.235490 -1.242270 3.074830
v 4.138490 -1.091310 2.996500
v 4.273410 -1.192330 3.125230
v 4.176060 -1.057040 3.075540
v 4.356680 -1.157710 3.121660
v 4.688110 -1.043180 2.485040
v 4.697020 -1.042710 2.301240
v 4.728960 -1.052970 2.474810
v 4.742360 -1.060310 2.320890
v 4.751520 -1.072790 2.478320
v 4.760920 -1.051780 2.320020
v 4.788480 -1.047280 2.466710
v 4.826000 -1.014740 2.527840
v 4.751520 -1.072790 2.478320
v 4.798300 -1.029740 2.556850
v 4.560020 -1.027990 2.042680
v 4.560750 -1.001090 2.223810
v 4.477780 -1.036070 2.126520
v 4.551480 -1.013850 2.280410
v 4.459680 -1.026840 2.217540
v 4.432610 -1.016550 2.317530
v 4.377100 -1.034400 2.310370
v 4.433020 -1.002450 2.463370
v 4.522250 -1.083550 1.836940
v 4.560020 -1.027990 2.042680
v 4.431000 -1.077550 1.974410
v 4.477780 -1.036070 2.126520
v 4.404220 -1.055270 2.101090
v 4.386380 -1.035330 2.209530
v 5.568750 -0.510050 1.273310
v 5.679620 -0.439645 1.278160
v 5.797410 -0.510966 1.318690
v 5.780790 -0.439719 1.329950
v 5.836010 -0.439752 1.384380
v 5.851400 -0.333298 1.367670
v 5.878630 -0.310368 1.425140
v 5.908780 -0.439781 1.505580
v 5.934600 -0.515699 1.493460
v 5.897760 -0.519243 1.447970
v 5.878630 -0.566952 1.425140
v 5.851400 -0.544022 1.367670
v 5.748610 -0.643759 1.359150
v 5.704630 -0.566790 1.287820
v 5.449160 -0.542569 1.286190
v 5.568750 -0.510050 1.273310
v 5.704630 -0.566790 1.287820
v 5.797410 -0.510966 1.318690
v 5.851400 -0.544022 1.367670
v 5.836010 -0.439752 1.384380
v 5.897760 -0.519243 1.447970
v 5.871950 -0.439762 1.460090
v 5.908780 -0.439781 1.505580
v 5.934600 -0.361621 1.493460
v 5.247760 -0.547206 1.287210
v 5.323230 -0.439320 1.304700
v 5.449160 -0.542569 1.286190
v 5.469640 -0.439458 1.277380
v 5.568750 -0.510050 1.273310
v 5.579250 -0.439556 1.276460
v 5.679620 -0.439645 1.278160
v 5.675000 -0.666620 1.389410
v 5.573800 -0.682546 1.391240
v 5.638370 -0.661208 1.343060
v 5.546350 -0.685442 1.354700
v 5.603370 -0.600995 1.291410
v 5.511560 -0.616273 1.302180
v 5.356900 -0.576984 1.289780
v 5.264430 -0.620354 1.294230
v 5.153740 -0.657008 1.270230
v 5.137070 -0.583502 1.263180
v 5.264430 -0.620354 1.294230
v 5.247760 -0.547206 1.287210
v 5.356900 -0.576984 1.289780
v 5.449160 -0.542569 1.286190
v 5.603370 -0.600995 1.291410
v 5.704630 -0.566790 1.287820
v 5.638370 -0.661208 1.343060
v 5.748610 -0.643759 1.359150
v 5.675000 -0.666620 1.389410
v 5.757510 -0.649392 1.396560
v 4.389480 -0.911980 2.629080
v 4.433020 -1.002450 2.463370
v 4.561300 -0.985908 2.571730
v 4.533110 -1.017630 2.427670
v 4.688110 -1.043180 2.485040
v 4.551480 -1.013850 2.280410
v 4.697020 -1.042710 2.301240
v 4.560750 -1.001090 2.223810
v 4.615410 -1.016430 2.078300
v 4.560020 -1.027990 2.042680
v 4.596480 -1.037640 1.951650
v 4.522250 -1.083550 1.836940
v 4.641550 -1.060690 1.724080
v 4.567900 -1.081140 1.588460
v 4.743250 -1.002080 1.497870
v 4.744870 -0.929742 1.389600
v 5.021250 -0.844227 1.389970
v 5.004630 -0.783933 1.347300
v 5.223570 -0.800777 1.412690
v 5.197560 -0.741133 1.361070
v 5.299010 -0.698837 1.347650
v 5.264430 -0.620354 1.294230
v 5.373650 -0.647500 1.324030
v 5.511560 -0.616273 1.302180
v 5.480650 -0.754908 1.380050
v 5.546350 -0.685442 1.354700
v 5.535180 -0.779917 1.418840
v 5.573800 -0.682546 1.391240
v 3.280680 -0.938094 0.949462
v 3.136320 -0.978556 0.609897
v 3.321830 -0.904410 0.705350
v 3.166160 -0.895921 0.459970
v 3.360040 -0.851345 0.604147
v 3.199570 -0.818810 0.284921
v 3.378800 -0.794022 0.512396
v 3.286430 -0.714991 0.137916
v 3.559390 -0.891195 1.145180
v 3.280680 -0.938094 0.949462
v 3.619650 -0.830402 0.910706
v 3.321830 -0.904410 0.705350
v 3.641200 -0.800858 0.846114
v 3.360040 -0.851345 0.604147
v 3.674710 -0.746500 0.777499
v 3.378800 -0.794022 0.512396
v 3.747720 -0.957322 1.623590
v 3.559390 -0.891195 1.145180
v 3.823140 -0.900179 1.291710
v 3.619650 -0.830402 0.910706
v 3.849350 -0.825858 1.103110
v 3.641200 -0.800858 0.846114
v 3.861840 -0.750621 0.999298
v 3.674710 -0.746500 0.777499
v 3.700360 -0.679422 0.704454
v 3.378800 -0.794022 0.512396
v 3.438950 -0.695675 0.356080
v 3.286430 -0.714991 0.137916
v 3.886060 -0.943490 1.988800
v 3.747720 -0.957322 1.623590
v 3.988510 -0.978197 1.736470
v 3.823140 -0.900179 1.291710
v 4.041660 -0.935582 1.478420
v 3.849350 -0.825858 1.103110
v 4.068250 -0.839473 1.237590
v 3.861840 -0.750621 0.999298
v 4.076850 -0.966096 2.185260
v 3.886060 -0.943490 1.988800
v 4.067580 -0.973657 2.011330
v 3.988510 -0.978197 1.736470
v 4.085560 -0.983066 1.727540
v 4.041660 -0.935582 1.478420
v 4.141190 -0.938002 1.447430
v 4.068250 -0.839473 1.237590
v 4.297890 -0.886647 1.350170
v 4.141190 -0.938002 1.447430
v 4.216370 -0.844533 1.290990
v 4.068250 -0.839473 1.237590
v 4.105200 -0.738661 1.111240
v 3.861840 -0.750621 0.999298
v 3.889630 -0.686025 0.913937
v 3.700360 -0.679422 0.704454
v 3.737010 -0.615479 0.620497
v 3.438950 -0.695675 0.356080
v 4.120840 -0.624121 1.065800
v 4.359050 -0.605311 1.139070
v 4.319800 -0.729872 1.169670
v 4.712070 -0.772053 1.209170
v 4.399630 -0.830515 1.289120
v 4.148880 -1.012420 2.198580
v 4.076850 -0.966096 2.185260
v 4.121120 -1.025850 2.053110
v 4.067580 -0.973657 2.011330
v 4.175440 -1.052650 1.788990
v 4.085560 -0.983066 1.727540
v 4.277230 -0.989479 1.516410
v 4.141190 -0.938002 1.447430
v 4.333500 -0.920177 1.389840
v 4.297890 -0.886647 1.350170
v 4.399630 -0.830515 1.289120
v 4.216370 -0.844533 1.290990
v 4.319800 -0.729872 1.169670
v 4.105200 -0.738661 1.111240
v 4.120840 -0.624121 1.065800
v 3.889630 -0.686025 0.913937
v 3.955640 -0.636246 0.871077
v 3.737010 -0.615479 0.620497
v 3.882000 -0.914997 2.203090
v 4.059890 -0.908747 2.299120
v 3.922440 -0.922223 2.411120
v 4.094110 -1.017090 2.327940
v 3.966640 -0.987951 2.407950
v 3.982910 -1.078470 2.426050
v 3.892380 -1.042250 2.588090
v 3.945460 -1.128200 2.568760
v 2.618310 -1.244150 -0.110432
v 2.543370 -1.375840 -0.109371
v 2.410370 -1.279760 -0.339339
v 2.346080 -1.451960 -0.306690
v 2.292450 -1.321060 -0.433192
v 2.245620 -1.434440 -0.425712
v 2.222080 -1.452800 -0.518682
v 2.013530 -1.630150 -0.223643
v 2.594500 -1.419920 0.015712
v 2.690580 -1.258000 0.070603
v 2.702580 -1.234270 0.241254
v 2.743990 -1.156940 0.308808
v 2.790660 -1.156150 0.482984
v 2.919870 -1.081120 0.523535
v 2.898730 -1.089960 0.710576
v 3.061090 -1.012850 0.835886
v 2.688130 -1.111630 -0.078849
v 2.736200 -1.098000 0.092435
v 2.618310 -1.244150 -0.110432
v 2.690580 -1.258000 0.070603
v 2.543370 -1.375840 -0.109371
v 2.594500 -1.419920 0.015712
v 2.384640 -1.481720 -0.153259
v 4.232340 -0.973022 2.341740
v 4.094110 -1.017090 2.327940
v 4.148880 -1.012420 2.198580
v 4.059890 -0.908747 2.299120
v 4.076850 -0.966096 2.185260
v 3.882000 -0.914997 2.203090
v 3.886060 -0.943490 1.988800
v 3.650970 -0.917277 1.902400
v 3.747720 -0.957322 1.623590
v 3.528450 -0.928103 1.498790
v 3.559390 -0.891195 1.145180
v 3.189660 -0.938782 1.346160
v 3.280680 -0.938094 0.949462
v 3.061090 -1.012850 0.835886
v 3.136320 -0.978556 0.609897
v 2.919870 -1.081120 0.523535
v 2.953030 -0.959159 0.310970
v 2.743990 -1.156940 0.308808
v 2.835440 -1.016550 0.207559
v 2.736200 -1.098000 0.092435
v 2.881060 -0.960628 -0.054486
v 2.688130 -1.111630 -0.078849
v 4.305410 -0.978067 2.497910
v 4.278050 -0.976011 2.415320
v 4.304560 -1.010900 2.345200
v 4.232340 -0.973022 2.341740
v 4.240120 -1.022610 2.208710
v 4.148880 -1.012420 2.198580
v 4.221810 -1.032750 2.099430
v 4.121120 -1.025850 2.053110
v 4.247730 -1.088260 1.819720
v 4.175440 -1.052650 1.788990
v 4.366870 -1.069240 1.569800
v 4.277230 -0.989479 1.516410
v 4.496190 -1.018150 1.463230
v 4.333500 -0.920177 1.389840
v 4.416470 -0.897499 1.359920
v 4.399630 -0.830515 1.289120
v 4.728810 -0.844461 1.317390
v 4.712070 -0.772053 1.209170
v 4.996710 -0.719431 1.249220
v 4.963530 -0.582100 1.236040
v 4.296770 -0.967456 2.699080
v 4.314790 -0.979310 2.580820
v 4.389480 -0.911980 2.629080
v 4.342700 -0.955352 2.550940
v 4.433020 -1.002450 2.463370
v 4.305410 -0.978067 2.497910
v 4.377100 -1.034400 2.310370
v 4.304560 -1.010900 2.345200
v 4.386380 -1.035330 2.209530
v 4.303620 -1.049050 2.238570
v 4.404220 -1.055270 2.101090
v 4.312220 -1.078600 2.122050
v 4.431000 -1.077550 1.974410
v 4.329610 -1.100140 1.903460
v 4.522250 -1.083550 1.836940
v 4.449010 -1.086090 1.699590
v 4.567900 -1.081140 1.588460
v 4.496190 -1.018150 1.463230
v 4.744870 -0.929742 1.389600
v 4.728810 -0.844461 1.317390
v 5.004630 -0.783933 1.347300
v 4.996710 -0.719431 1.249220
v 5.153740 -0.657008 1.270230
v 4.963530 -0.582100 1.236040
v 5.137070 -0.583502 1.263180
v 4.193960 -1.055360 2.809140
v 4.113930 -0.965131 2.772790
v 4.314040 -1.016170 2.768120
v 4.296770 -0.967456 2.699080
v 4.472350 -0.882424 2.763790
v 4.389480 -0.911980 2.629080
v 4.440710 -1.067790 2.837130
v 4.320630 -1.121240 2.824190
v 4.314040 -1.016170 2.768120
v 4.192790 -1.106680 2.850630
v 4.193960 -1.055360 2.809140
v 4.121990 -1.008690 2.896690
v 4.113930 -0.965131 2.772790
v 4.636580 -0.910657 2.702040
v 4.577570 -0.694856 2.828190
v 4.472350 -0.882424 2.763790
v 4.474320 -0.800007 2.857090
v 4.442910 -0.971880 2.781920
v 4.443850 -0.934092 2.888580
v 4.440710 -1.067790 2.837130
v 4.440760 -1.067950 2.929010
v 4.452380 -0.568915 2.963220
v 4.440140 -0.707824 2.949190
v 4.577570 -0.694856 2.828190
v 4.429890 -0.745554 2.934420
v 4.474320 -0.800007 2.857090
v 4.410840 -0.790632 2.938830
v 4.407730 -0.925352 2.970300
v 4.224730 -0.930576 3.063190
v 4.209940 -0.776257 3.039270
v 4.117370 -0.823160 3.007170
v 4.100910 -0.741056 2.999290
v 4.063200 -0.781647 2.948340
v 4.332080 -0.633577 3.025140
v 4.211650 -0.702671 3.041200
v 4.339600 -0.697551 3.031300
v 4.209940 -0.776257 3.039270
v 4.328610 -0.782552 3.002660
v 4.224730 -0.930576 3.063190
v 4.344030 -0.909609 3.024290
v 4.043800 -0.839052 2.825180
v 4.063200 -0.781647 2.948340
v 4.055260 -0.735942 2.943940
v 4.100910 -0.741056 2.999290
v 4.101750 -0.704516 2.995750
v 4.211650 -0.702671 3.041200
v 4.203320 -0.657824 3.027850
v 4.332080 -0.633577 3.025140
v 4.342350 -0.578977 3.019840
v 4.359480 -1.035480 3.054500
v 4.344030 -0.909609 3.024290
v 4.277170 -1.030030 3.091100
v 4.224730 -0.930576 3.063190
v 4.151180 -0.933266 3.017720
v 4.117370 -0.823160 3.007170
v 4.088360 -0.892453 2.949570
v 4.063200 -0.781647 2.948340
v 4.078510 -0.910853 2.850470
v 4.043800 -0.839052 2.825180
v 4.454960 -0.438057 2.961960
v 4.342350 -0.578977 3.019840
v 4.452380 -0.568915 2.963220
v 4.332080 -0.633577 3.025140
v 4.440140 -0.707824 2.949190
v 4.339600 -0.697551 3.031300
v 4.429890 -0.745554 2.934420
v 4.328610 -0.782552 3.002660
v 4.410840 -0.790632 2.938830
v 4.344030 -0.909609 3.024290
v 4.407730 -0.925352 2.970300
v 4.359480 -1.035480 3.054500
v 4.423030 -1.042220 3.000000
v 4.964940 -0.938563 2.492240
v 5.002440 -0.906893 2.544410
v 4.927890 -0.955239 2.595220
v 4.937950 -0.925599 2.619810
v 4.881860 -0.968948 2.633200
v 4.837330 -0.917992 2.674340
v 4.635000 -0.578777 2.807780
v 4.739440 -0.808647 2.737830
v 4.832890 -0.722447 2.701390
v 4.837330 -0.917992 2.674340
v 4.893850 -0.856373 2.659180
v 4.937950 -0.925599 2.619810
v 5.030640 -0.870989 2.540860
v 5.002440 -0.906893 2.544410
v 5.067200 -0.860951 2.466360
v 5.057500 -0.890634 2.441410
v 4.528080 -0.438139 2.906200
v 4.635000 -0.578777 2.807780
v 4.747990 -0.438384 2.738820
v 4.832890 -0.722447 2.701390
v 4.971390 -0.663441 2.585350
v 4.995980 -0.783194 2.587450
v 5.060840 -0.747984 2.491990
v 5.067200 -0.860951 2.466360
v 5.095380 -0.840176 2.399900
v 5.057500 -0.890634 2.441410
v 4.577570 -0.182464 2.828190
v 4.528080 -0.438139 2.906200
v 4.635000 -0.298543 2.807780
v 4.747990 -0.438384 2.738820
v 4.739440 -0.068673 2.737830
v 4.807790 -1.009050 2.582310
v 4.881860 -0.968948 2.633200
v 4.744050 -0.994717 2.618000
v 4.837330 -0.917992 2.674340
v 4.636580 -0.910657 2.702040
v 4.739440 -0.808647 2.737830
v 4.577570 -0.694856 2.828190
v 4.635000 -0.578777 2.807780
v 4.452380 -0.568915 2.963220
v 4.528080 -0.438139 2.906200
v 4.454960 -0.438057 2.961960
v 4.577570 -0.182464 2.828190
v 5.085810 -0.846987 2.327160
v 5.095380 -0.840176 2.399900
v 5.075990 -0.882453 2.339660
v 5.057500 -0.890634 2.441410
v 5.011430 -0.901865 2.314230
v 5.020080 -0.919638 2.416830
v 4.991750 -0.961866 2.448480
v 4.964940 -0.938563 2.492240
v 4.918470 -0.971373 2.523380
v 4.927890 -0.955239 2.595220
v 4.872540 -0.981551 2.597920
v 4.881860 -0.968948 2.633200
v 4.798300 -1.029740 2.556850
v 4.807790 -1.009050 2.582310
v 4.881860 0.091628 2.633200
v 4.837330 0.040672 2.674340
v 4.893850 -0.020947 2.659180
v 4.739440 -0.068673 2.737830
v 4.832890 -0.154873 2.701390
v 4.747990 -0.438384 2.738820
v 4.912300 -0.438570 2.601310
v 4.971390 -0.663441 2.585350
v 5.072170 -0.647888 2.482290
v 5.060840 -0.747984 2.491990
v 5.097060 -0.767455 2.392870
v 5.095380 -0.840176 2.399900
v 5.105590 -0.785773 2.302750
v 5.085810 -0.846987 2.327160
v 5.058180 -0.856047 2.226850
v 5.075990 -0.882453 2.339660
v 5.030290 -0.879463 2.266080
v 5.011430 -0.901865 2.314230
v 4.577570 -0.182464 2.828190
v 4.635000 -0.298543 2.807780
v 4.636580 0.033337 2.702040
v 4.739440 -0.068673 2.737830
v 4.744050 0.117397 2.618000
v 4.837330 0.040672 2.674340
v 4.807790 0.131733 2.582310
v 4.881860 0.091628 2.633200
v 4.138490 0.213991 2.996500
v 4.104290 0.104777 2.976640
v 4.151180 0.055946 3.017720
v 4.117370 -0.054160 3.007170
v 4.209940 -0.101063 3.039270
v 4.211650 -0.174649 3.041200
v 4.328610 -0.094768 3.002660
v 4.339600 -0.179769 3.031300
v 4.410840 -0.086688 2.938830
v 4.429890 -0.131766 2.934420
v 4.474320 -0.077313 2.857090
v 4.577570 -0.182464 2.828190
v 4.472350 0.005104 2.763790
v 4.636580 0.033337 2.702040
v 4.497720 0.498999 2.986140
v 4.444740 0.421855 2.914460
v 4.352600 0.451872 2.963550
v 4.262800 0.379656 2.929330
v 4.244620 0.373066 2.993130
v 4.138690 0.203651 2.912670
v 4.138490 0.213991 2.996500
v 4.121990 0.131369 2.896690
v 4.104290 0.104777 2.976640
v 4.719170 0.427305 3.189750
v 4.636910 0.418199 3.189160
v 4.728930 0.393965 3.160550
v 4.646700 0.383635 3.167350
v 4.748030 0.361384 3.122460
v 4.656570 0.361024 3.119200
v 4.729450 0.368853 3.044860
v 4.674690 0.369346 3.037490
v 4.737890 0.391729 3.003310
v 4.683340 0.383267 2.992880
v 4.755190 0.437651 3.007480
v 4.681850 0.447575 2.989700
v 4.863710 0.498000 3.160810
v 4.827730 0.466389 3.193050
v 5.096150 0.336069 3.198380
v 4.801440 0.420258 3.188880
v 4.811800 0.376746 3.167340
v 4.728930 0.393965 3.160550
v 4.821320 0.353227 3.130450
v 4.748030 0.361384 3.122460
v 4.821340 0.350976 3.060160
v 4.729450 0.368853 3.044860
v 4.829570 0.383167 3.019460
v 4.737890 0.391729 3.003310
v 4.856250 0.428407 3.032470
v 4.755190 0.437651 3.007480
v 4.554460 0.411911 2.950080
v 4.681850 0.447575 2.989700
v 4.601510 0.355533 2.971980
v 4.683340 0.383267 2.992880
v 4.592620 0.351792 3.008540
v 4.674690 0.369346 3.037490
v 4.574540 0.341703 3.108520
v 4.656570 0.361024 3.119200
v 4.546660 0.365120 3.147760
v 4.646700 0.383635 3.167350
v 4.509550 0.381312 3.158470
v 4.636910 0.418199 3.189160
v 4.616630 0.500673 3.188150
v 4.719170 0.427305 3.189750
v 4.735450 0.501669 3.187940
v 4.827730 0.466389 3.193050
v 4.753020 0.534619 3.138360
v 4.863710 0.498000 3.160810
v -3.135040 -1.628100 -2.805130
v -3.217310 -1.513870 -2.749030
v -3.184140 -1.595550 -2.859390
v -3.223250 -1.415230 -2.786730
v -3.194170 -1.445860 -2.909890
v -3.119570 -1.309400 -2.745320
v -3.087340 -1.270320 -2.911800
v -2.944620 -1.255710 -2.843460
v -2.736600 -1.708240 -2.956190
v -2.975440 -1.691900 -2.870090
v -2.856960 -1.795500 -3.011070
v -3.091250 -1.674520 -2.902260
v -3.030630 -1.761310 -3.054670
v -3.098730 -1.691650 -3.100460
v -2.583580 -1.717260 -3.075610
v -2.736600 -1.708240 -2.956190
v -2.631550 -1.776040 -3.121230
v -2.856960 -1.795500 -3.011070
v -2.729570 -1.815900 -3.164320
v -3.030630 -1.761310 -3.054670
v -2.981820 -1.785620 -3.170230
v -3.098730 -1.691650 -3.100460
v -3.223290 -1.564840 -2.563120
v -3.169550 -1.566910 -2.696610
v -3.177110 -1.577740 -2.540650
v -3.121670 -1.575120 -2.681660
v -3.031250 -1.545010 -2.657280
v -2.888630 -1.649590 -2.761640
v -2.822500 -1.559640 -2.747890
v -2.787340 -1.577280 -2.839840
v -2.749360 -1.472810 -2.833440
v -2.649490 -1.539010 -2.965700
v -2.668960 -1.382290 -2.958850
v -3.347300 -1.393870 -2.134970
v -3.320330 -1.502570 -2.388850
v -3.261810 -1.526880 -2.382410
v -3.302420 -1.567170 -2.579260
v -3.223290 -1.564840 -2.563120
v -3.301860 -1.553530 -2.636120
v -3.169550 -1.566910 -2.696610
v -3.227680 -1.542630 -2.703000
v -3.166970 -1.250770 -2.564110
v -3.294390 -1.281480 -2.727560
v -3.256730 -1.288350 -2.593470
v -3.333950 -1.413410 -2.620010
v -3.339640 -1.405030 -2.408180
v -3.184810 -1.288790 -2.329390
v -3.300370 -1.317640 -2.357070
v -3.240550 -1.294920 -2.116810
v -3.297890 -1.300320 -2.110360
v -3.235870 -1.259250 -1.896680
v -3.339490 -1.266230 -1.889490
v -3.137380 -1.282780 -2.337790
v -3.184810 -1.288790 -2.329390
v -3.132770 -1.287300 -2.090010
v -3.240550 -1.294920 -2.116810
v -3.144010 -1.268650 -1.894980
v -3.235870 -1.259250 -1.896680
v -3.412070 -1.304470 -1.917450
v -3.339490 -1.266230 -1.889490
v -3.372070 -1.343440 -2.130500
v -3.297890 -1.300320 -2.110360
v -3.339640 -1.405030 -2.408180
v -3.300370 -1.317640 -2.357070
v -3.256730 -1.288350 -2.593470
v -3.184810 -1.288790 -2.329390
v -3.166970 -1.250770 -2.564110
v -3.137380 -1.282780 -2.337790
v -2.593510 -1.381110 -3.097490
v -2.668960 -1.382290 -2.958850
v -2.524720 -1.600200 -3.122950
v -2.649490 -1.539010 -2.965700
v -2.583580 -1.717260 -3.075610
v -2.699960 -1.624250 -2.951640
v -2.736600 -1.708240 -2.956190
v -2.845820 -1.656980 -2.835000
v -2.975440 -1.691900 -2.870090
v -3.042900 -1.645960 -2.755250
v -3.135040 -1.628100 -2.805130
v -3.169550 -1.566910 -2.696610
v -3.217310 -1.513870 -2.749030
v -3.227680 -1.542630 -2.703000
v -3.316550 -1.559890 -2.730270
v -3.301860 -1.553530 -2.636120
v -3.333950 -1.413410 -2.620010
v -3.302420 -1.567170 -2.579260
v -3.339640 -1.405030 -2.408180
v -3.320330 -1.502570 -2.388850
v -3.372070 -1.343440 -2.130500
v -3.347300 -1.393870 -2.134970
v -3.412070 -1.304470 -1.917450
v -3.074560 -1.282090 -3.048190
v -3.087340 -1.270320 -2.911800
v -2.890890 -1.257780 -2.976960
v -2.944620 -1.255710 -2.843460
v -2.749870 -1.404730 -2.856490
v -2.803260 -1.381060 -2.774920
v -2.770330 -1.469700 -2.769480
v -2.928680 -1.363430 -2.634230
v -2.884710 -1.432430 -2.625240
v -3.008410 -1.343290 -2.461100
v -2.946530 -1.425000 -2.500670
v -2.740820 -1.313670 -3.158940
v -2.870420 -1.281780 -3.163060
v -2.890890 -1.257780 -2.976960
v -3.006870 -1.268880 -3.136800
v -3.074560 -1.282090 -3.048190
v -3.261810 -1.526880 -2.382410
v -3.223290 -1.564840 -2.563120
v -3.196510 -1.484090 -2.349510
v -3.177110 -1.577740 -2.540650
v -3.107110 -1.530890 -2.509160
v -3.031250 -1.545010 -2.657280
v -2.986350 -1.526340 -2.495110
v -2.909010 -1.527810 -2.645820
v -2.884710 -1.432430 -2.625240
v -2.822500 -1.559640 -2.747890
v -2.770330 -1.469700 -2.769480
v -2.749360 -1.472810 -2.833440
v -2.749870 -1.404730 -2.856490
v -2.668960 -1.382290 -2.958850
v -2.890890 -1.257780 -2.976960
v -2.593510 -1.381110 -3.097490
v -2.740820 -1.313670 -3.158940
v -2.603280 0.071978 -1.738140
v -2.527300 0.112075 -1.667590
v -2.513190 0.059260 -1.692200
v -2.513610 0.120013 -1.574200
v -2.499140 0.065869 -1.599430
v -2.466780 0.131801 -1.419020
v -2.446370 0.055450 -1.454600
v -2.508880 0.283015 -1.281270
v -2.466780 0.131801 -1.419020
v -2.547740 0.170661 -1.394360
v -2.513610 0.120013 -1.574200
v -2.571020 0.147570 -1.556720
v -2.527300 0.112075 -1.667590
v -2.583300 0.138956 -1.650530
v -2.603280 0.071978 -1.738140
v -2.699960 0.746930 -2.951640
v -2.631550 0.898720 -3.121230
v -2.736600 0.830920 -2.956190
v -2.729570 0.938580 -3.164320
v -2.856960 0.918180 -3.011070
v -2.981820 0.908300 -3.170230
v -3.030630 0.883990 -3.054670
v -3.098730 0.814330 -3.100460
v -3.158520 0.758440 -2.967210
v -3.121670 0.697800 -2.681660
v -3.169550 0.689590 -2.696610
v -3.223290 0.687520 -2.563120
v -3.227680 0.665310 -2.703000
v -3.301860 0.676210 -2.636120
v -2.822500 0.682320 -2.747890
v -2.888630 0.772270 -2.761640
v -3.031250 0.667690 -2.657280
v -3.042900 0.768640 -2.755250
v -3.121670 0.697800 -2.681660
v -3.135040 0.750780 -2.805130
v -3.169550 0.689590 -2.696610
v -2.770330 0.592380 -2.769480
v -2.822500 0.682320 -2.747890
v -2.909010 0.650490 -2.645820
v -3.031250 0.667690 -2.657280
v -3.107110 0.653570 -2.509160
v -3.121670 0.697800 -2.681660
v -3.177110 0.700420 -2.540650
v -3.223290 0.687520 -2.563120
v -3.261810 0.649560 -2.382410
v -2.890890 0.380465 -2.976960
v -2.749870 0.527413 -2.856490
v -2.803260 0.503743 -2.774920
v -2.749360 0.595490 -2.833440
v -2.770330 0.592380 -2.769480
v -2.787340 0.699960 -2.839840
v -2.822500 0.682320 -2.747890
v -2.845820 0.779660 -2.835000
v -2.888630 0.772270 -2.761640
v -2.975440 0.814580 -2.870090
v -3.042900 0.768640 -2.755250
v -3.091250 0.797200 -2.902260
v -3.135040 0.750780 -2.805130
v -3.330410 0.511398 -2.746530
v -3.301860 0.676210 -2.636120
v -3.316550 0.682570 -2.730270
v -3.227680 0.665310 -2.703000
v -3.217310 0.636550 -2.749030
v -3.169550 0.689590 -2.696610
v -3.184140 0.718230 -2.859390
v -3.135040 0.750780 -2.805130
v -3.158520 0.758440 -2.967210
v -3.091250 0.797200 -2.902260
v -3.030630 0.883990 -3.054670
v -2.975440 0.814580 -2.870090
v -2.856960 0.918180 -3.011070
v -2.845820 0.779660 -2.835000
v -2.736600 0.830920 -2.956190
v -2.787340 0.699960 -2.839840
v -2.699960 0.746930 -2.951640
v -2.749360 0.595490 -2.833440
v -2.649490 0.661690 -2.965700
v -2.749870 0.527413 -2.856490
v -2.668960 0.504966 -2.958850
v -2.890890 0.380465 -2.976960
v -3.251540 0.584970 -2.125390
v -3.261810 0.649560 -2.382410
v -3.320330 0.625250 -2.388850
v -3.223290 0.687520 -2.563120
v -3.302420 0.689850 -2.579260
v -3.301860 0.676210 -2.636120
v -3.333950 0.536088 -2.620010
v -3.330410 0.511398 -2.746530
v -3.281820 0.563220 -1.866390
v -3.251540 0.584970 -2.125390
v -3.347300 0.516551 -2.134970
v -3.320330 0.625250 -2.388850
v -3.339640 0.527708 -2.408180
v -3.333950 0.536088 -2.620010
v -3.300370 0.440324 -2.357070
v -3.256730 0.411033 -2.593470
v -3.166970 0.373446 -2.564110
v -3.294390 0.404163 -2.727560
v -3.119570 0.432079 -2.745320
v -3.327530 0.566670 -1.637070
v -3.281820 0.563220 -1.866390
v -3.389390 0.511688 -1.866960
v -3.347300 0.516551 -2.134970
v -3.372070 0.466125 -2.130500
v -3.339640 0.527708 -2.408180
v -3.300370 0.440324 -2.357070
v -3.333950 0.536088 -2.620010
v -3.256730 0.411033 -2.593470
v -3.330410 0.511398 -2.746530
v -3.294390 0.404163 -2.727560
v -3.069810 0.406576 -2.490100
v -3.137380 0.405457 -2.337790
v -3.184810 0.411467 -2.329390
v -3.240550 0.417602 -2.116810
v -3.297890 0.422997 -2.110360
v -3.339490 0.388912 -1.889490
v -3.412070 0.427153 -1.917450
v -3.463750 0.406007 -1.641230
v -3.451970 0.493314 -1.638650
v -3.358000 0.536965 -1.373140
v -3.327530 0.566670 -1.637070
v -3.451970 0.493314 -1.638650
v -3.389390 0.511688 -1.866960
v -3.412070 0.427153 -1.917450
v -3.372070 0.466125 -2.130500
v -3.297890 0.422997 -2.110360
v -3.300370 0.440324 -2.357070
v -3.184810 0.411467 -2.329390
v -3.166970 0.373446 -2.564110
v -3.069810 0.406576 -2.490100
v -3.011990 0.422313 -2.653340
v -3.387250 -1.111520 -1.047370
v -3.557870 -0.816690 -0.887280
v -3.442090 -0.845037 -1.045460
v -3.522110 -0.438660 -0.927960
v -3.417690 -0.438660 -1.055760
v -3.557870 -0.060630 -0.887280
v -3.442090 -0.032283 -1.045460
v -3.533910 0.129586 -0.891790
v -3.387250 0.234201 -1.047370
v -3.335940 0.285930 -0.927020
v -3.319820 -1.324670 -0.926360
v -3.335940 -1.163250 -0.927020
v -3.387250 -1.111520 -1.047370
v -3.533910 -1.006910 -0.891790
v -3.557870 -0.816690 -0.887280
v -3.188950 -1.402270 -0.969620
v -3.277510 -1.353960 -0.738690
v -3.319820 -1.324670 -0.926360
v -3.279790 -1.223260 -0.723410
v -3.335940 -1.163250 -0.927020
v -3.207450 -1.510030 -1.664550
v -3.232610 -1.526490 -1.395640
v -3.358000 -1.414280 -1.373140
v -3.188950 -1.402270 -0.969620
v -3.342100 -1.360290 -1.095330
v -3.319820 -1.324670 -0.926360
v -3.365990 -1.326740 -1.046510
v -3.387250 -1.111520 -1.047370
v -3.144010 0.391334 -1.894980
v -3.120760 0.327772 -1.719110
v -3.253310 0.322053 -1.698690
v -3.211000 0.262063 -1.411740
v -3.381260 0.258374 -1.389530
v -3.304800 0.204785 -1.143530
v -3.387250 0.234201 -1.047370
v -3.314870 0.000966 -1.160420
v -3.442090 -0.032283 -1.045460
v -3.271030 -0.438660 -1.170630
v -3.417690 -0.438660 -1.055760
v -3.314870 -0.878286 -1.160420
v -3.442090 -0.845037 -1.045460
v -3.304800 -1.082100 -1.143530
v -3.387250 -1.111520 -1.047370
v -3.498520 -1.201130 -1.323420
v -3.365990 -1.326740 -1.046510
v -3.490520 -1.341760 -1.321760
v -3.358000 -1.414280 -1.373140
v -3.327530 -1.443990 -1.637070
v -3.207450 -1.510030 -1.664550
v -2.499140 -0.943189 -1.599430
v -2.527300 -0.989395 -1.667590
v -2.513190 -0.936580 -1.692200
v -2.603280 -0.949298 -1.738140
v -2.552920 -0.893239 -1.703640
v -2.629200 -0.874887 -1.700320
v -2.641570 -1.014270 -1.564500
v -2.547740 -1.047980 -1.394360
v -2.647220 -1.033010 -1.405350
v -2.508880 -1.160330 -1.281270
v -2.734180 -1.188240 -1.279290
v -2.317560 -0.909247 -1.435540
v -2.267050 -1.100770 -1.315240
v -2.466780 -1.009120 -1.419020
v -2.547740 -1.047980 -1.394360
v -2.571020 -1.024890 -1.556720
v -2.641570 -1.014270 -1.564500
v -2.583300 -1.016280 -1.650530
v -2.652120 -1.005920 -1.658130
v -2.734180 0.310921 -1.279290
v -2.647220 0.155687 -1.405350
v -2.811580 0.274077 -1.359550
v -2.699970 0.131410 -1.411740
v -2.709400 0.070115 -1.441290
v -3.040400 0.369548 -1.717580
v -2.964220 0.337912 -1.540070
v -3.066020 0.280856 -1.514460
v -3.008320 0.217012 -1.320610
v -3.139390 0.199886 -1.248820
v -3.120910 -0.006831 -1.269260
v -2.892440 0.439460 -1.512150
v -2.964220 0.337912 -1.540070
v -2.981190 0.419693 -1.704060
v -3.040400 0.369548 -1.717580
v -3.030610 0.445670 -1.872560
v -3.110300 -0.438660 -1.253060
v -3.120910 -0.006831 -1.269260
v -2.892160 -0.438660 -1.342430
v -2.941730 0.003914 -1.348770
v -2.709400 0.070115 -1.441290
v -3.008320 0.217012 -1.320610
v -2.811580 0.274077 -1.359550
v -2.964220 0.337912 -1.540070
v -2.734180 0.310921 -1.279290
v -2.892440 0.439460 -1.512150
v -2.614080 -0.843585 -1.466340
v -2.684450 -0.886048 -1.452550
v -2.892160 -0.438660 -1.342430
v -2.941730 -0.881234 -1.348770
v -3.110300 -0.438660 -1.253060
v -3.120910 -0.870489 -1.269260
v -2.503820 -0.870116 -1.471150
v -2.614080 -0.843585 -1.466340
v -2.656870 -0.438660 -1.414380
v -2.892160 -0.438660 -1.342430
v -2.684450 0.008728 -1.452550
v -2.709400 0.070115 -1.441290
v -2.446370 -0.932770 -1.454600
v -2.503820 -0.870116 -1.471150
v -2.348010 -0.438660 -1.430480
v -2.656870 -0.438660 -1.414380
v -2.614080 -0.033735 -1.466340
v -2.684450 0.008728 -1.452550
v -2.892440 -1.316780 -1.512150
v -2.811580 -1.151400 -1.359550
v -2.734180 -1.188240 -1.279290
v -2.699970 -1.008730 -1.411740
v -2.647220 -1.033010 -1.405350
v -2.678970 -0.997055 -1.569030
v -2.641570 -1.014270 -1.564500
v -2.688610 -0.989125 -1.662550
v -2.652120 -1.005920 -1.658130
v -2.603280 -0.949298 -1.738140
v -2.583300 -1.016280 -1.650530
v -2.527300 -0.989395 -1.667590
v -2.513610 -0.997333 -1.574200
v -2.499140 -0.943189 -1.599430
v -2.466780 -1.009120 -1.419020
v -2.446370 -0.932770 -1.454600
v -2.317560 -0.909247 -1.435540
v -2.348010 -0.438660 -1.430480
v -3.381260 -1.135690 -1.389530
v -3.139390 -1.077210 -1.248820
v -3.211000 -1.139380 -1.411740
v -3.008320 -1.094330 -1.320610
v -3.066020 -1.158180 -1.514460
v -2.811580 -1.151400 -1.359550
v -2.964220 -1.215230 -1.540070
v -2.892440 -1.316780 -1.512150
v -3.463750 -1.283330 -1.641230
v -3.381260 -1.135690 -1.389530
v -3.422700 -1.212560 -1.632140
v -3.211000 -1.139380 -1.411740
v -3.253310 -1.199370 -1.698690
v -3.066020 -1.158180 -1.514460
v -3.120760 -1.205090 -1.719110
v -2.964220 -1.215230 -1.540070
v -3.040400 -1.246870 -1.717580
v -2.892440 -1.316780 -1.512150
v -2.981190 -1.297010 -1.704060
v -3.040040 -1.353270 -2.342230
v -3.137380 -1.282780 -2.337790
v -3.046610 -1.339430 -2.072220
v -3.132770 -1.287300 -2.090010
v -3.030610 -1.322990 -1.872560
v -3.144010 -1.268650 -1.894980
v -3.120760 -1.205090 -1.719110
v -3.235870 -1.259250 -1.896680
v -3.253310 -1.199370 -1.698690
v -3.339490 -1.266230 -1.889490
v -3.422700 -1.212560 -1.632140
v -3.412070 -1.304470 -1.917450
v -3.463750 -1.283330 -1.641230
v -3.389390 -1.389010 -1.866960
v -3.016420 -1.405330 -2.326430
v -3.040040 -1.353270 -2.342230
v -3.022820 -1.417810 -2.083580
v -3.046610 -1.339430 -2.072220
v -3.007480 -1.422940 -1.832050
v -3.030610 -1.322990 -1.872560
v -2.969690 -1.421500 -1.659280
v -2.981190 -1.297010 -1.704060
v -2.918290 -1.443320 -1.465520
v -2.892440 -1.316780 -1.512150
v -2.837150 -1.360220 -1.353070
v -2.734180 -1.188240 -1.279290
v -3.053270 -1.481670 -2.326240
v -3.016420 -1.405330 -2.326430
v -3.078700 -1.485490 -2.115320
v -3.022820 -1.417810 -2.083580
v -3.068440 -1.473730 -1.821540
v -3.007480 -1.422940 -1.832050
v -3.047970 -1.502160 -1.670970
v -2.969690 -1.421500 -1.659280
v -3.010920 -1.522170 -1.445840
v -2.918290 -1.443320 -1.465520
v -3.117480 -1.546690 -1.428230
v -3.232610 -1.526490 -1.395640
v -3.169490 -1.515460 -1.671380
v -3.207450 -1.510030 -1.664550
v -3.177820 -1.486240 -1.840510
v -3.327530 -1.443990 -1.637070
v -3.281820 -1.440540 -1.866390
v -3.451970 -1.370630 -1.638650
v -3.141070 -1.470980 -2.346630
v -3.053270 -1.481670 -2.326240
v -3.162500 -1.497070 -2.117720
v -3.078700 -1.485490 -2.115320
v -3.177820 -1.486240 -1.840510
v -3.068440 -1.473730 -1.821540
v -3.169490 -1.515460 -1.671380
v -3.047970 -1.502160 -1.670970
v -3.117480 -1.546690 -1.428230
v -3.010920 -1.522170 -1.445840
v -3.046610 0.462112 -2.072220
v -3.030610 0.445670 -1.872560
v -3.144010 0.391334 -1.894980
v -3.040400 0.369548 -1.717580
v -3.120760 0.327772 -1.719110
v -3.066020 0.280856 -1.514460
v -3.211000 0.262063 -1.411740
v -3.139390 0.199886 -1.248820
v -3.304800 0.204785 -1.143530
v -3.120910 -0.006831 -1.269260
v -3.314870 0.000966 -1.160420
v -3.110300 -0.438660 -1.253060
v -3.271030 -0.438660 -1.170630
v -3.120910 -0.870489 -1.269260
v -3.314870 -0.878286 -1.160420
v -3.139390 -1.077210 -1.248820
v -3.304800 -1.082100 -1.143530
v -3.381260 -1.135690 -1.389530
v -3.498520 -1.201130 -1.323420
v -3.463750 -1.283330 -1.641230
v -3.451970 -1.370630 -1.638650
v -3.389390 -1.389010 -1.866960
v -3.281820 -1.440540 -1.866390
v -3.251540 -1.462290 -2.125390
v -3.162500 -1.497070 -2.117720
v -3.196510 -1.484090 -2.349510
v -3.141070 -1.470980 -2.346630
v -3.107110 -1.530890 -2.509160
v -3.053270 -1.481670 -2.326240
v -2.986350 -1.526340 -2.495110
v -3.016420 -1.405330 -2.326430
v -2.946530 -1.425000 -2.500670
v -3.040040 -1.353270 -2.342230
v -3.008410 -1.343290 -2.461100
v -3.137380 -1.282780 -2.337790
v -3.069810 -1.283900 -2.490100
v -3.166970 -1.250770 -2.564110
v -3.119570 -1.309400 -2.745320
v -3.294390 -1.281480 -2.727560
v -3.040040 0.475954 -2.342230
v -3.046610 0.462112 -2.072220
v -3.132770 0.409979 -2.090010
v -3.144010 0.391334 -1.894980
v -3.235870 0.381928 -1.896680
v -3.253310 0.322053 -1.698690
v -3.422700 0.335238 -1.632140
v -3.381260 0.258374 -1.389530
v -3.498520 0.323812 -1.323420
v -3.387250 0.234201 -1.047370
v -3.122060 0.626350 -0.560042
v -3.150210 0.562360 -0.820930
v -3.277510 0.476640 -0.738690
v -3.319820 0.447355 -0.926360
v -3.335940 0.285930 -0.927020
v -3.365990 0.449416 -1.046510
v -3.387250 0.234201 -1.047370
v -3.490520 0.464444 -1.321760
v -3.498520 0.323812 -1.323420
v -3.463750 0.406007 -1.641230
v -3.422700 0.335238 -1.632140
v -3.339490 0.388912 -1.889490
v -3.235870 0.381928 -1.896680
v -3.240550 0.417602 -2.116810
v -3.132770 0.409979 -2.090010
v -3.137380 0.405457 -2.337790
v -3.040040 0.475954 -2.342230
v -3.069810 0.406576 -2.490100
v -3.078700 0.608170 -2.115320
v -3.162500 0.619750 -2.117720
v -3.068440 0.596410 -1.821540
v -3.177820 0.608920 -1.840510
v -3.047970 0.624840 -1.670970
v -3.169490 0.638140 -1.671380
v -3.010920 0.644850 -1.445840
v -3.117480 0.669370 -1.428230
v -2.955050 0.690150 -1.058180
v -3.063130 0.652270 -1.001890
v -2.566750 0.728440 -0.772650
v -2.292050 0.689480 -0.495261
v -2.299360 0.606030 -0.586790
v -2.050290 0.675510 -0.316906
v -2.043590 0.590220 -0.437163
v -1.782930 0.734960 -0.332126
v -1.757570 0.637170 -0.506677
v -1.402350 0.870390 -0.689190
v -1.407660 0.674270 -0.797370
v -1.001370 0.914680 -0.897240
v -2.862580 0.678480 -1.108230
v -2.725780 0.751720 -0.776200
v -2.566750 0.728440 -0.772650
v -2.430510 0.815830 -0.383653
v -2.292050 0.689480 -0.495261
v -2.276340 0.829370 -0.251163
v -2.033650 0.838980 -0.087352
v -2.382920 0.936380 0.021210
v -2.624860 0.822520 -0.449540
v -2.616470 0.905470 -0.072713
v -2.901160 0.845400 -0.180844
v -2.907080 0.842900 0.093078
v -2.982680 0.694940 -0.825990
v -2.937660 0.780750 -0.564090
v -2.725780 0.751720 -0.776200
v -2.624860 0.822520 -0.449540
v -2.430510 0.815830 -0.383653
v -2.382920 0.936380 0.021210
v -2.276340 0.829370 -0.251163
v -3.022820 0.540488 -2.083580
v -3.078700 0.608170 -2.115320
v -3.007480 0.545619 -1.832050
v -3.068440 0.596410 -1.821540
v -2.969690 0.544176 -1.659280
v -3.047970 0.624840 -1.670970
v -2.918290 0.566000 -1.465520
v -3.010920 0.644850 -1.445840
v -2.862580 0.678480 -1.108230
v -2.955050 0.690150 -1.058180
v -2.725780 0.751720 -0.776200
v -3.063130 0.652270 -1.001890
v -2.982680 0.694940 -0.825990
v -3.016420 0.528011 -2.326430
v -2.946530 0.547683 -2.500670
v -3.053270 0.604350 -2.326240
v -2.986350 0.649020 -2.495110
v -3.141070 0.593660 -2.346630
v -3.196510 0.606770 -2.349510
v -3.162500 0.619750 -2.117720
v -3.141070 0.593660 -2.346630
v -3.078700 0.608170 -2.115320
v -3.053270 0.604350 -2.326240
v -3.022820 0.540488 -2.083580
v -3.016420 0.528011 -2.326430
v -3.006870 0.391561 -3.136800
v -2.870420 0.404463 -3.163060
v -2.890890 0.380465 -2.976960
v -2.740820 0.436346 -3.158940
v -2.668960 0.504966 -2.958850
v -2.593510 0.503790 -3.097490
v -2.649490 0.661690 -2.965700
v -2.524720 0.722880 -3.122950
v -2.699960 0.746930 -2.951640
v -2.583580 0.839940 -3.075610
v -2.631550 0.898720 -3.121230
v -3.101130 0.723750 0.083900
v -2.907080 0.842900 0.093078
v -3.096270 0.701420 -0.229440
v -2.901160 0.845400 -0.180844
v -3.122060 0.626350 -0.560042
v -2.937660 0.780750 -0.564090
v -3.150210 0.562360 -0.820930
v -2.982680 0.694940 -0.825990
v -3.188950 0.524951 -0.969620
v -3.063130 0.652270 -1.001890
v -3.358000 0.536965 -1.373140
v -3.232610 0.649170 -1.395640
v -3.327530 0.566670 -1.637070
v -3.207450 0.632710 -1.664550
v -3.281820 0.563220 -1.866390
v -3.177820 0.608920 -1.840510
v -3.251540 0.584970 -2.125390
v -3.162500 0.619750 -2.117720
v -3.261810 0.649560 -2.382410
v -3.196510 0.606770 -2.349510
v -3.177110 0.700420 -2.540650
v -3.141070 0.593660 -2.346630
v -3.107110 0.653570 -2.509160
v -2.986350 0.649020 -2.495110
v -2.909010 0.650490 -2.645820
v -2.946530 0.547683 -2.500670
v -2.884710 0.555106 -2.625240
v -2.928680 0.486112 -2.634230
v -2.803260 0.503743 -2.774920
v -2.944620 0.378394 -2.843460
v -2.890890 0.380465 -2.976960
v -3.074560 0.404772 -3.048190
v -3.006870 0.391561 -3.136800
v -3.676600 -0.107936 -0.290918
v -3.678790 -0.438660 -0.488156
v -3.673610 -0.438660 -0.282136
v -3.686520 -0.759009 -0.516521
v -3.676600 -0.769384 -0.290918
v -3.667860 -0.903362 -0.526207
v -3.665770 -0.884946 -0.295420
v -3.550120 -1.113890 -0.546208
v -3.595970 -0.012207 0.092269
v -3.676600 -0.107936 -0.290918
v -3.616630 -0.100168 0.088286
v -3.673610 -0.438660 -0.282136
v -3.637640 -0.438660 0.082389
v -3.676600 -0.769384 -0.290918
v -3.616630 -0.777152 0.088286
v -3.665770 -0.884946 -0.295420
v -3.470780 0.107738 0.360442
v -3.595970 -0.012207 0.092269
v -3.529710 -0.001443 0.372662
v -3.616630 -0.100168 0.088286
v -3.570240 -0.093806 0.378567
v -3.637640 -0.438660 0.082389
v -3.583760 -0.438660 0.386389
v -3.616630 -0.777152 0.088286
v -3.251210 0.381208 -0.509545
v -3.355400 0.327553 -0.530497
v -3.283700 0.355238 -0.292307
v -3.438230 0.289481 -0.282819
v -3.415650 0.232385 0.129695
v -3.569990 0.210775 -0.293329
v -3.526770 0.122177 0.121118
v -3.665770 0.007626 -0.295420
v -3.650580 -0.438660 -0.703790
v -3.686520 -0.118311 -0.516521
v -3.639590 -0.104860 -0.701440
v -3.667860 0.026042 -0.526207
v -3.631180 0.066950 -0.719180
v -3.550120 0.236568 -0.546208
v -3.492600 0.253622 -0.741990
v -3.355400 0.327553 -0.530497
v -3.279790 0.345942 -0.723410
v -3.251210 0.381208 -0.509545
v -3.290390 0.545493 0.014401
v -3.283700 0.355238 -0.292307
v -3.406620 0.307796 0.095199
v -3.415650 0.232385 0.129695
v -3.470780 0.107738 0.360442
v -3.526770 0.122177 0.121118
v -3.595970 -0.012207 0.092269
v -3.665770 0.007626 -0.295420
v -3.676600 -0.107936 -0.290918
v -3.686520 -0.118311 -0.516521
v -3.678790 -0.438660 -0.488156
v -3.650580 -0.438660 -0.703790
v -3.639590 -0.772460 -0.701440
v -3.355400 -1.204870 -0.530497
v -3.550120 -1.113890 -0.546208
v -3.279790 -1.223260 -0.723410
v -3.492600 -1.130940 -0.741990
v -3.335940 -1.163250 -0.927020
v -3.631180 -0.944270 -0.719180
v -3.533910 -1.006910 -0.891790
v -3.639590 -0.772460 -0.701440
v -3.557870 -0.816690 -0.887280
v -3.650580 -0.438660 -0.703790
v -3.522110 -0.438660 -0.927960
v -3.639590 -0.104860 -0.701440
v -3.557870 -0.060630 -0.887280
v -3.631180 0.066950 -0.719180
v -3.533910 0.129586 -0.891790
v -3.492600 0.253622 -0.741990
v -3.335940 0.285930 -0.927020
v -3.279790 0.345942 -0.723410
v -3.277510 0.476640 -0.738690
v -3.251210 0.381208 -0.509545
v -3.238090 0.522971 -0.540717
v -3.283700 0.355238 -0.292307
v -3.233330 0.576850 -0.245122
v -3.290390 0.545493 0.014401
v -3.101130 0.723750 0.083900
v -3.470780 0.107738 0.360442
v -3.529710 -0.001443 0.372662
v -3.516840 -0.008301 0.587662
v -3.570240 -0.093806 0.378567
v -3.535420 -0.100182 0.630068
v -3.583760 -0.438660 0.386389
v -3.552320 -0.438660 0.658273
v -3.570240 -0.783514 0.378567
v -0.524231 0.874360 -0.960610
v -1.001370 0.914680 -0.897240
v -0.487217 1.065370 -0.754860
v -1.061270 1.057570 -0.703220
v -0.505045 1.206950 -0.475167
v -1.077210 1.194480 -0.430989
v -0.524231 0.874360 -0.960610
v -0.526127 0.729080 -1.056340
v -0.952525 0.729990 -1.001920
v -0.953236 0.460520 -1.107280
v -1.407660 0.674270 -0.797370
v -1.198510 0.446775 -1.017440
v -1.366870 0.468907 -0.901550
v -1.200690 0.360528 -1.138910
v -0.505045 1.206950 -0.475167
v 0.021051 1.072890 -0.393271
v -0.487217 1.065370 -0.754860
v -0.041570 0.956520 -0.705170
v -0.524231 0.874360 -0.960610
v -0.071941 0.798720 -0.908330
v -0.526127 0.729080 -1.056340
v -3.552320 -0.438660 0.658273
v -3.544510 -0.438660 0.905807
v -3.535420 -0.100182 0.630068
v -3.536650 -0.116660 0.880937
v -3.516840 -0.008301 0.587662
v -3.520190 0.179901 0.578824
v -3.458250 0.293052 0.312710
v -3.424260 0.479619 0.597298
v -3.365410 0.513740 0.325213
v -3.251180 0.614780 0.613723
v -3.160220 0.674970 0.419808
v -3.044650 0.726270 0.662981
v -2.971550 0.777310 0.470698
v -2.687020 0.851910 0.515441
v -2.649340 0.900980 0.196941
v -2.433370 0.932610 0.516882
v -2.414730 0.956720 0.330283
v -2.064790 0.973210 0.457449
v -2.187630 0.968240 0.063206
v -1.897390 0.927140 0.476512
v -1.950550 0.938370 0.163087
v -1.795130 0.932500 0.472099
v -1.802860 0.962650 0.156137
v -1.489700 1.072330 0.414445
v -1.395500 1.114600 -0.260042
v -1.053430 1.251590 0.096107
v -1.077210 1.194480 -0.430989
v -0.533528 1.262750 -0.143620
v -0.505045 1.206950 -0.475167
v 0.010486 1.137640 -0.063657
v 0.021051 1.072890 -0.393271
v -2.042060 -1.379570 -0.874320
v -2.031700 -1.405360 -0.658680
v -2.161840 -1.396120 -0.887180
v -2.119860 -1.409620 -0.690140
v -2.337620 -1.405420 -0.896180
v -2.462840 -1.405050 -0.866840
v -2.337620 -1.405420 -0.896180
v -2.306660 -1.399900 -0.678320
v -2.119860 -1.409620 -0.690140
v -2.033410 -1.402880 -0.471370
v -2.031700 -1.405360 -0.658680
v -1.782300 -1.382040 -0.581920
v -2.042060 -1.379570 -0.874320
v -3.160220 -1.552290 0.419808
v -3.424260 -1.356940 0.597298
v -3.365410 -1.391060 0.325213
v -3.520190 -1.057220 0.578824
v -3.458250 -1.170370 0.312710
v -3.631290 -0.858936 1.139670
v -3.570380 -0.963140 0.824224
v -3.504520 -1.285730 0.844234
v -3.424260 -1.356940 0.597298
v -3.251180 -1.492100 0.613723
v -3.160220 -1.552290 0.419808
v -2.971550 -1.654630 0.470698
v -3.415650 -1.109700 0.129695
v -3.458250 -1.170370 0.312710
v -3.470780 -0.985058 0.360442
v -3.520190 -1.057220 0.578824
v -3.516840 -0.869019 0.587662
v -3.570380 -0.963140 0.824224
v -3.536650 -0.760660 0.880937
v -3.631290 -0.858936 1.139670
v -2.687020 -1.729230 0.515441
v -2.971550 -1.654630 0.470698
v -2.907080 -1.720220 0.093078
v -3.160220 -1.552290 0.419808
v -3.101130 -1.601070 0.083900
v -3.365410 -1.391060 0.325213
v -3.290390 -1.422810 0.014401
v -3.458250 -1.170370 0.312710
v -3.406620 -1.185120 0.095199
v -3.415650 -1.109700 0.129695
v -2.414730 -1.834040 0.330283
v -2.687020 -1.729230 0.515441
v -2.649340 -1.778300 0.196941
v -2.907080 -1.720220 0.093078
v -2.901160 -1.722720 -0.180844
v -3.101130 -1.601070 0.083900
v -3.096270 -1.578740 -0.229440
v -3.290390 -1.422810 0.014401
v -3.233330 -1.454170 -0.245122
v -3.406620 -1.185120 0.095199
v -3.283700 -1.232560 -0.292307
v -3.415650 -1.109700 0.129695
v -2.276340 -1.706690 -0.251163
v -2.414730 -1.834040 0.330283
v -2.382920 -1.813700 0.021210
v -2.649340 -1.778300 0.196941
v -2.616470 -1.782790 -0.072713
v -2.901160 -1.722720 -0.180844
v -2.937660 -1.658070 -0.564090
v -3.096270 -1.578740 -0.229440
v -3.122060 -1.503670 -0.560042
v -3.233330 -1.454170 -0.245122
v -2.050290 -1.552830 -0.316906
v -2.276340 -1.706690 -0.251163
v -2.292050 -1.566800 -0.495261
v -2.382920 -1.813700 0.021210
v -2.430510 -1.693150 -0.383653
v -2.616470 -1.782790 -0.072713
v -2.624860 -1.699840 -0.449540
v -2.937660 -1.658070 -0.564090
v -2.982680 -1.572260 -0.825990
v -3.122060 -1.503670 -0.560042
v -2.955050 -1.567470 -1.058180
v -2.862580 -1.555800 -1.108230
v -2.725780 -1.629040 -0.776200
v -2.765070 -1.522970 -1.122500
v -2.566750 -1.605760 -0.772650
v -2.687160 -1.426710 -1.101150
v -2.591360 -1.324130 -1.072180
v -3.063130 -1.529590 -1.001890
v -2.982680 -1.572260 -0.825990
v -3.150210 -1.439680 -0.820930
v -3.122060 -1.503670 -0.560042
v -3.238090 -1.400290 -0.540717
v -3.233330 -1.454170 -0.245122
v -3.251210 -1.258530 -0.509545
v -3.283700 -1.232560 -0.292307
v -3.438230 -1.166800 -0.282819
v -3.415650 -1.109700 0.129695
v -3.526770 -0.999497 0.121118
v -3.470780 -0.985058 0.360442
v -3.529710 -0.875877 0.372662
v -3.516840 -0.869019 0.587662
v -3.535420 -0.777138 0.630068
v -3.536650 -0.760660 0.880937
v -1.757570 -1.514490 -0.506677
v -2.050290 -1.552830 -0.316906
v -2.043590 -1.467540 -0.437163
v -2.292050 -1.566800 -0.495261
v -2.299360 -1.483350 -0.586790
v -2.430510 -1.693150 -0.383653
v -2.566750 -1.605760 -0.772650
v -2.624860 -1.699840 -0.449540
v -2.725780 -1.629040 -0.776200
v -2.982680 -1.572260 -0.825990
v -2.955050 -1.567470 -1.058180
v -3.063130 -1.529590 -1.001890
v -2.049880 -1.267980 -1.123710
v -2.042060 -1.379570 -0.874320
v -2.223920 -1.317920 -1.102610
v -2.161840 -1.396120 -0.887180
v -2.417780 -1.325880 -1.114480
v -2.337620 -1.405420 -0.896180
v -2.591360 -1.324130 -1.072180
v -2.462840 -1.405050 -0.866840
v -2.566750 -1.605760 -0.772650
v -2.306660 -1.399900 -0.678320
v -2.299360 -1.483350 -0.586790
v -2.033410 -1.402880 -0.471370
v -2.043590 -1.467540 -0.437163
v -1.782300 -1.382040 -0.581920
v -1.757570 -1.514490 -0.506677
v -1.456660 -1.332900 -0.856870
v -2.037370 -1.095450 -1.297700
v -2.049880 -1.267980 -1.123710
v -2.267050 -1.100770 -1.315240
v -2.223920 -1.317920 -1.102610
v -2.508880 -1.160330 -1.281270
v -2.417780 -1.325880 -1.114480
v -2.734180 -1.188240 -1.279290
v -2.591360 -1.324130 -1.072180
v -2.837150 -1.360220 -1.353070
v -2.687160 -1.426710 -1.101150
v -2.918290 -1.443320 -1.465520
v -2.765070 -1.522970 -1.122500
v -3.010920 -1.522170 -1.445840
v -2.862580 -1.555800 -1.108230
v -3.117480 -1.546690 -1.428230
v -2.955050 -1.567470 -1.058180
v -3.232610 -1.526490 -1.395640
v -3.063130 -1.529590 -1.001890
v -3.188950 -1.402270 -0.969620
v -3.150210 -1.439680 -0.820930
v -3.277510 -1.353960 -0.738690
v -3.238090 -1.400290 -0.540717
v -3.279790 -1.223260 -0.723410
v -3.251210 -1.258530 -0.509545
v -3.355400 -1.204870 -0.530497
v -3.438230 -1.166800 -0.282819
v -3.569990 -1.088090 -0.293329
v -3.526770 -0.999497 0.121118
v -3.595970 -0.865113 0.092269
v -3.529710 -0.875877 0.372662
v -3.570240 -0.783514 0.378567
v -3.535420 -0.777138 0.630068
v -3.552320 -0.438660 0.658273
v -3.536650 -0.760660 0.880937
v -3.544510 -0.438660 0.905807
v -1.778930 -1.215110 -1.111540
v -1.686330 -1.308030 -0.975740
v -1.777630 -1.284490 -1.034420
v -1.709170 -1.336090 -0.844570
v -1.776790 -1.353360 -0.836450
v -1.747790 -1.045000 -1.228950
v -1.601620 -1.044270 -1.154660
v -1.778930 -1.215110 -1.111540
v -1.659760 -1.226840 -1.105700
v -1.686330 -1.308030 -0.975740
v -1.519340 -0.940401 -1.215120
v -1.480220 -1.045300 -1.217940
v -1.601620 -1.044270 -1.154660
v -1.552230 -1.174370 -1.116420
v -1.659760 -1.226840 -1.105700
v -1.592150 -1.277140 -0.969930
v -1.686330 -1.308030 -0.975740
v -1.456660 -1.332900 -0.856870
v -1.709170 -1.336090 -0.844570
v -1.782300 -1.382040 -0.581920
v -1.776790 -1.353360 -0.836450
v -2.042060 -1.379570 -0.874320
v -1.777630 -1.284490 -1.034420
v -2.049880 -1.267980 -1.123710
v -1.778930 -1.215110 -1.111540
v -2.037370 -1.095450 -1.297700
v -1.747790 -1.045000 -1.228950
v -1.747790 -1.045000 -1.228950
v -1.764050 -0.845246 -1.326330
v -1.601620 -1.044270 -1.154660
v -1.576200 -0.796806 -1.257660
v -1.519340 -0.940401 -1.215120
v -2.037370 -1.095450 -1.297700
v -1.936030 -0.927576 -1.390960
v -1.747790 -1.045000 -1.228950
v -1.883160 -0.840227 -1.391060
v -1.764050 -0.845246 -1.326330
v -1.799830 -0.438660 -1.314480
v -1.946310 -0.782911 -1.434080
v -2.092920 -0.438660 -1.400960
v -2.062730 -0.745996 -1.445590
v -2.348010 -0.438660 -1.430480
v -2.147110 -0.801122 -1.464540
v -2.317560 -0.909247 -1.435540
v -2.176550 -0.884442 -1.435160
v -2.267050 -1.100770 -1.315240
v -2.126370 -0.941555 -1.427840
v -2.037370 -1.095450 -1.297700
v -2.027240 -0.993892 -1.374350
v -1.936030 -0.927576 -1.390960
v -1.576200 -0.796806 -1.257660
v -1.764050 -0.845246 -1.326330
v -1.799830 -0.438660 -1.314480
v -1.883160 -0.840227 -1.391060
v -1.946310 -0.782911 -1.434080
v -1.686330 0.430713 -0.975740
v -1.592150 0.399823 -0.969930
v -1.659760 0.349521 -1.105700
v -1.552230 0.297048 -1.116420
v -1.601620 0.166947 -1.154660
v -1.480220 0.167978 -1.217940
v -1.519340 0.063081 -1.215120
v -1.610030 -0.438660 -1.272910
v -1.764050 -0.032074 -1.326330
v -1.576200 -0.080514 -1.257660
v -1.747790 0.167680 -1.228950
v -1.601620 0.166947 -1.154660
v -1.778930 0.337794 -1.111540
v -1.659760 0.349521 -1.105700
v -1.777630 0.407167 -1.034420
v -1.686330 0.430713 -0.975740
v -1.946310 -0.094409 -1.434080
v -1.764050 -0.032074 -1.326330
v -1.799830 -0.438660 -1.314480
v -1.610030 -0.438660 -1.272910
v -1.576200 -0.796806 -1.257660
v -2.027240 0.116572 -1.374350
v -1.747790 0.167680 -1.228950
v -1.936030 0.050256 -1.390960
v -1.764050 -0.032074 -1.326330
v -1.883160 -0.037093 -1.391060
v -1.946310 -0.094409 -1.434080
v -2.049880 0.390659 -1.123710
v -2.037370 0.218127 -1.297700
v -2.223920 0.440600 -1.102610
v -2.267050 0.223446 -1.315240
v -2.417780 0.448562 -1.114480
v -2.508880 0.283015 -1.281270
v -2.042060 0.502251 -0.874320
v -2.049880 0.390659 -1.123710
v -2.161840 0.518805 -0.887180
v -2.223920 0.440600 -1.102610
v -2.337620 0.528101 -0.896180
v -2.417780 0.448562 -1.114480
v -2.462840 0.527735 -0.866840
v -2.591360 0.446810 -1.072180
v -2.687160 0.549388 -1.101150
v -2.734180 0.310921 -1.279290
v -2.837150 0.482903 -1.353070
v -2.892440 0.439460 -1.512150
v -1.456660 0.455580 -0.856870
v -1.709170 0.458767 -0.844570
v -1.782300 0.504721 -0.581920
v -1.776790 0.476043 -0.836450
v -2.031700 0.528041 -0.658680
v -2.042060 0.502251 -0.874320
v -2.119860 0.532300 -0.690140
v -2.161840 0.518805 -0.887180
v -2.306660 0.522578 -0.678320
v -2.337620 0.528101 -0.896180
v -2.462840 0.527735 -0.866840
v -2.417780 0.448562 -1.114480
v -2.591360 0.446810 -1.072180
v -2.508880 0.283015 -1.281270
v -2.734180 0.310921 -1.279290
v -2.547740 0.170661 -1.394360
v -2.647220 0.155687 -1.405350
v -2.571020 0.147570 -1.556720
v -2.641570 0.136951 -1.564500
v -2.583300 0.138956 -1.650530
v -2.652120 0.128598 -1.658130
v -2.603280 0.071978 -1.738140
v -2.688610 0.111805 -1.662550
v -2.695140 0.069404 -1.682990
v -1.946310 -0.094409 -1.434080
v -1.799830 -0.438660 -1.314480
v -2.062730 -0.131324 -1.445590
v -2.092920 -0.438660 -1.400960
v -2.147110 -0.076198 -1.464540
v -2.348010 -0.438660 -1.430480
v -2.176550 0.007122 -1.435160
v -2.317560 0.031927 -1.435540
v -2.126370 0.064235 -1.427840
v -2.267050 0.223446 -1.315240
v -2.027240 0.116572 -1.374350
v -2.037370 0.218127 -1.297700
v -1.747790 0.167680 -1.228950
v -2.049880 0.390659 -1.123710
v -1.778930 0.337794 -1.111540
v -2.042060 0.502251 -0.874320
v -1.777630 0.407167 -1.034420
v -1.776790 0.476043 -0.836450
v -1.686330 0.430713 -0.975740
v -1.709170 0.458767 -0.844570
v -1.592150 0.399823 -0.969930
v -1.456660 0.455580 -0.856870
v -1.552230 0.297048 -1.116420
v -1.376190 0.280294 -1.223330
v -1.480220 0.167978 -1.217940
v -3.186750 0.586950 -3.018680
v -3.158520 0.758440 -2.967210
v -3.082740 0.615900 -3.159640
v -3.098730 0.814330 -3.100460
v -2.922910 0.620550 -3.198380
v -2.981820 0.908300 -3.170230
v -2.791750 0.639890 -3.197330
v -3.087340 0.392996 -2.911800
v -3.194170 0.568540 -2.909890
v -3.186750 0.586950 -3.018680
v -3.184140 0.718230 -2.859390
v -3.158520 0.758440 -2.967210
v -2.524720 0.722880 -3.122950
v -2.593510 0.503790 -3.097490
v -2.791750 0.639890 -3.197330
v -2.740820 0.436346 -3.158940
v -2.922910 0.620550 -3.198380
v -2.870420 0.404463 -3.163060
v -3.082740 0.615900 -3.159640
v -3.006870 0.391561 -3.136800
v -3.186750 0.586950 -3.018680
v -3.074560 0.404772 -3.048190
v -3.087340 0.392996 -2.911800
v -1.933570 0.000242 -1.554370
v -1.941440 -0.004756 -1.648240
v -1.971060 0.062185 -1.554300
v -1.978020 0.055667 -1.648170
v -2.035740 0.109213 -1.542520
v -2.041110 0.101541 -1.636690
v -1.883160 -0.037093 -1.391060
v -1.933570 0.000242 -1.554370
v -1.936030 0.050256 -1.390960
v -1.971060 0.062185 -1.554300
v -2.027240 0.116572 -1.374350
v -2.035740 0.109213 -1.542520
v -2.060900 -0.066581 -1.593040
v -2.062730 -0.131324 -1.445590
v -2.120750 -0.027489 -1.606480
v -2.147110 -0.076198 -1.464540
v -2.141620 0.031597 -1.585640
v -2.176550 0.007122 -1.435160
v -2.065650 -0.069940 -1.685960
v -2.060900 -0.066581 -1.593040
v -2.124030 -0.031807 -1.699070
v -2.120750 -0.027489 -1.606480
v -2.144390 0.025829 -1.678750
v -2.141620 0.031597 -1.585640
v -2.141620 0.031597 -1.585640
v -2.176550 0.007122 -1.435160
v -2.106040 0.072099 -1.580450
v -2.126370 0.064235 -1.427840
v -2.035740 0.109213 -1.542520
v -2.027240 0.116572 -1.374350
v -2.144390 0.025829 -1.678750
v -2.141620 0.031597 -1.585640
v -2.109680 0.065337 -1.673680
v -2.106040 0.072099 -1.580450
v -2.041110 0.101541 -1.636690
v -2.035740 0.109213 -1.542520
v -1.933570 0.000242 -1.554370
v -1.883160 -0.037093 -1.391060
v -1.978340 -0.040403 -1.584880
v -1.946310 -0.094409 -1.434080
v -2.060900 -0.066581 -1.593040
v -2.062730 -0.131324 -1.445590
v -1.941440 -0.004756 -1.648240
v -1.933570 0.000242 -1.554370
v -1.985120 -0.044404 -1.678000
v -1.978340 -0.040403 -1.584880
v -2.065650 -0.069940 -1.685960
v -2.060900 -0.066581 -1.593040
v -2.499140 0.065869 -1.599430
v -2.446370 0.055450 -1.454600
v -2.539870 0.021438 -1.611160
v -2.503820 -0.007204 -1.471150
v -2.618070 0.002624 -1.607760
v -2.614080 -0.033735 -1.466340
v -2.667970 0.032736 -1.597970
v -2.684450 0.008728 -1.452550
v -2.685660 0.076268 -1.589990
v -2.709400 0.070115 -1.441290
v -2.678970 0.119735 -1.569030
v -2.699970 0.131410 -1.411740
v -2.513190 0.059260 -1.692200
v -2.499140 0.065869 -1.599430
v -2.552920 0.015919 -1.703640
v -2.539870 0.021438 -1.611160
v -2.629200 -0.002433 -1.700320
v -2.618070 0.002624 -1.607760
v -2.677880 0.026940 -1.690780
v -2.667970 0.032736 -1.597970
v -2.695140 0.069404 -1.682990
v -2.685660 0.076268 -1.589990
v -2.688610 0.111805 -1.662550
v -2.678970 0.119735 -1.569030
v 5.528190 -0.187994 1.878840
v 5.647190 -0.180827 1.833270
v 5.471930 -0.124761 1.783840
v 5.608970 -0.118941 1.756530
v 5.425780 -0.108973 1.703030
v 5.563250 -0.121422 1.673960
v 5.397970 -0.091858 1.612900
v 5.580800 -0.087606 1.612790
v 5.837870 -0.133476 1.580150
v 5.800780 -0.119210 1.517260
v 5.773410 -0.115635 1.664520
v 5.672190 -0.084580 1.603430
v 5.764770 -0.130098 1.718480
v 5.681730 -0.104789 1.721160
v 5.783730 -0.154070 1.780130
v 5.710150 -0.148588 1.799310
v 5.470780 -0.083289 1.448230
v 5.535180 -0.097403 1.418840
v 5.434590 -0.107837 1.409070
v 5.480650 -0.122412 1.380050
v 5.373650 -0.229820 1.324030
v 5.763950 -0.100019 1.500770
v 5.800780 -0.119210 1.517260
v 5.884860 -0.189115 1.500860
v 5.837870 -0.133476 1.580150
v 5.912150 -0.184463 1.556570
v 5.672390 -0.096882 1.446350
v 5.681090 -0.082800 1.493620
v 5.755280 -0.131155 1.442810
v 5.763950 -0.100019 1.500770
v 5.857750 -0.201892 1.435690
v 5.884860 -0.189115 1.500860
v 5.580220 -0.065964 1.486130
v 5.681090 -0.082800 1.493620
v 5.580730 -0.088793 1.437990
v 5.672390 -0.096882 1.446350
v 5.573800 -0.194774 1.391240
v 5.755280 -0.131155 1.442810
v 5.675000 -0.210700 1.389410
v 5.857750 -0.201892 1.435690
v 5.757510 -0.227928 1.396560
v 5.511560 -0.261047 1.302180
v 5.373650 -0.229820 1.324030
v 5.546350 -0.191878 1.354700
v 5.480650 -0.122412 1.380050
v 5.573800 -0.194774 1.391240
v 5.535180 -0.097403 1.418840
v 5.580730 -0.088793 1.437990
v 5.470780 -0.083289 1.448230
v 5.580220 -0.065964 1.486130
v 4.883020 0.454503 3.052320
v 4.856250 0.428407 3.032470
v 4.763340 0.490588 3.029490
v 4.755190 0.437651 3.007480
v 4.662220 0.501958 2.995010
v 4.681850 0.447575 2.989700
v 4.497720 0.498999 2.986140
v 4.554460 0.411911 2.950080
v 4.444740 0.421855 2.914460
v 4.538180 0.337906 2.952010
v 4.159230 0.484537 2.388560
v 4.153170 0.361008 2.523480
v 4.281290 0.348340 2.494410
v 4.290380 0.361530 2.551000
v 4.354410 0.363920 2.541640
v 4.380990 0.400356 2.646360
v 4.222800 0.514092 2.666840
v 4.151090 0.451099 2.541600
v 4.148870 0.547907 2.587490
v 4.131950 0.483196 2.489420
v 4.119990 0.610520 2.501760
v 4.137660 0.622360 2.383500
v 4.119990 0.610520 2.501760
v 4.159230 0.484537 2.388560
v 4.131950 0.483196 2.489420
v 4.153170 0.361008 2.523480
v 4.151090 0.451099 2.541600
v 4.197610 0.418773 2.602720
v 4.222800 0.514092 2.666840
v 4.296540 0.486799 2.682440
v 4.267320 0.176280 2.560650
v 4.354410 0.363920 2.541640
v 4.274890 0.240415 2.658690
v 4.380990 0.400356 2.646360
v 4.369750 0.483234 2.736860
v 4.296540 0.486799 2.682440
v 4.275400 0.607740 2.758570
v 4.222800 0.514092 2.666840
v 4.211810 0.600480 2.721150
v 4.148870 0.547907 2.587490
v 4.154570 0.690890 2.629140
v 4.119990 0.610520 2.501760
v 4.126160 0.733860 2.559590
v 4.137660 0.622360 2.383500
v 4.143790 0.762730 2.452380
v 4.245220 0.333981 2.447190
v 4.281290 0.348340 2.494410
v 4.354940 0.340191 2.502820
v 4.354410 0.363920 2.541640
v 4.278050 0.098691 2.415320
v 4.267320 0.176280 2.560650
v 4.305410 0.100747 2.497910
v 5.895900 -0.273955 1.621390
v 5.837870 -0.133476 1.580150
v 5.849790 -0.257613 1.632140
v 5.773410 -0.115635 1.664520
v 5.840660 -0.251532 1.660600
v 5.764770 -0.130098 1.718480
v 5.803420 -0.228658 1.699450
v 5.783730 -0.154070 1.780130
v 5.998090 -0.331326 1.670530
v 5.959460 -0.251563 1.595890
v 5.895900 -0.273955 1.621390
v 5.912150 -0.184463 1.556570
v 5.837870 -0.133476 1.580150
v 5.842090 -0.307936 1.866370
v 5.730430 -0.228812 1.874330
v 5.741780 -0.313769 1.902620
v 5.685190 -0.249911 1.890860
v 5.687040 -0.327895 1.938300
v 5.566340 -0.247755 1.937340
v 5.604890 -0.324887 1.984750
v 5.383210 -0.236208 2.058320
v 5.421810 -0.315105 2.124010
v 5.321140 -0.319054 2.234220
v 5.424280 -0.439156 2.159810
v 5.378290 -0.439101 2.207110
v 5.647190 -0.180827 1.833270
v 5.685190 -0.249911 1.890860
v 5.710150 -0.148588 1.799310
v 5.730430 -0.228812 1.874330
v 5.813220 -0.243399 1.854240
v 5.842090 -0.307936 1.866370
v 4.094110 0.139775 2.327940
v 4.150300 0.478386 2.259230
v 4.245220 0.333981 2.447190
v 4.159230 0.484537 2.388560
v 4.281290 0.348340 2.494410
v 4.662220 0.501958 2.995010
v 4.615660 0.539326 3.072530
v 4.763340 0.490588 3.029490
v 4.735140 0.512230 3.084120
v 4.883020 0.454503 3.052320
v 4.460790 0.511312 3.134280
v 4.615660 0.539326 3.072530
v 4.460580 0.518342 3.061530
v 4.662220 0.501958 2.995010
v 4.497720 0.498999 2.986140
v 4.829570 0.383167 3.019460
v 4.856250 0.428407 3.032470
v 5.096150 0.336069 3.198380
v 4.883020 0.454503 3.052320
v 4.854960 0.485650 3.098890
v 4.735140 0.512230 3.084120
v 4.753020 0.534619 3.138360
v 4.615660 0.539326 3.072530
v 4.624800 0.550785 3.147030
v 4.460790 0.511312 3.134280
v -3.158520 -1.635760 -2.967210
v -3.186750 -1.464270 -3.018680
v -3.098730 -1.691650 -3.100460
v -3.082740 -1.493220 -3.159640
v -2.981820 -1.785620 -3.170230
v -2.922910 -1.497870 -3.198380
v -2.729570 -1.815900 -3.164320
v -2.791750 -1.517210 -3.197330
v -2.631550 -1.776040 -3.121230
v -2.583580 -1.717260 -3.075610
v -2.593510 -1.381110 -3.097490
v -2.524720 -1.600200 -3.122950
v -2.740820 -1.313670 -3.158940
v -2.791750 -1.517210 -3.197330
v -2.870420 -1.281780 -3.163060
v -2.922910 -1.497870 -3.198380
v -3.006870 -1.268880 -3.136800
v -3.082740 -1.493220 -3.159640
v -3.074560 -1.282090 -3.048190
v -3.186750 -1.464270 -3.018680
v -3.194170 -1.445860 -2.909890
v -3.158520 -1.635760 -2.967210
v -3.184140 -1.595550 -2.859390
v -3.843260 -0.554942 -0.542742
v -3.733770 -0.549799 -0.703260
v -3.805840 -0.537897 -0.360301
v -3.729470 -0.535606 -0.430711
v -3.778910 -0.502918 -0.103315
v -3.750630 -0.501965 0.246797
v -3.818600 -0.494232 -0.084030
v -3.778910 -0.502918 -0.103315
v -3.900960 -0.530239 -0.342223
v -3.805840 -0.537897 -0.360301
v -3.949810 -0.579466 -0.525137
v -3.843260 -0.554942 -0.542742
v -3.745010 -0.535934 0.597142
v -3.750630 -0.501965 0.246797
v -3.695560 -0.490157 0.245040
v -3.778910 -0.502918 -0.103315
v -3.740630 -0.524138 -0.119516
v -3.729470 -0.535606 -0.430711
v -3.676450 -0.516234 -0.112657
v -3.666540 -0.516921 -0.701710
v -3.569390 -0.402767 -0.322984
v -3.676450 -0.516234 -0.112657
v -3.655240 -0.457869 0.243753
v -3.695560 -0.490157 0.245040
v -3.703190 -0.522922 0.601842
v -3.745010 -0.535934 0.597142
v -3.765740 -0.544941 0.945730
v -3.743750 -0.539611 -0.928560
v -3.733770 -0.549799 -0.703260
v -3.884590 -0.586982 -0.822810
v -3.843260 -0.554942 -0.542742
v -3.974500 -0.602903 -0.730940
v -3.949810 -0.579466 -0.525137
v -4.029730 -0.574965 -0.604580
v -3.900960 -0.530239 -0.342223
v -3.978120 -0.537940 -0.384780
v -3.818600 -0.494232 -0.084030
v -3.823640 -0.520193 -1.118870
v -3.743750 -0.539611 -0.928560
v -3.914010 -0.587807 -1.048190
v -3.884590 -0.586982 -0.822810
v -4.018870 -0.592809 -0.974530
v -3.974500 -0.602903 -0.730940
v -4.129290 -0.559405 -0.790130
v -4.029730 -0.574965 -0.604580
v -3.683070 -0.323427 -1.153310
v -3.581960 -0.334289 -0.975290
v -3.823640 -0.520193 -1.118870
v -3.639700 -0.495850 -0.803690
v -3.743750 -0.539611 -0.928560
v -3.666540 -0.516921 -0.701710
v -3.733770 -0.549799 -0.703260
v -3.697890 -0.537453 -0.513295
v -3.729470 -0.535606 -0.430711
v -3.699780 -0.527324 -0.321241
v -3.676450 -0.516234 -0.112657
v -3.697890 -0.537453 -0.513295
v -3.666540 -0.516921 -0.701710
v -4.107190 -0.558809 -1.397860
v -4.207570 -0.593764 -1.484160
v -4.075030 -0.397336 -1.465740
v -4.192490 -0.455973 -1.515190
v -4.321270 -0.463732 -1.524830
v -4.309740 -0.588989 -1.305190
v -4.405360 -0.631638 -1.482780
v -4.184150 -0.589851 -1.159420
v -4.297770 -0.616367 -1.451240
v -4.154330 -0.604512 -1.239170
v -4.207570 -0.593764 -1.484160
v -4.015310 -0.568991 -1.221290
v -4.107190 -0.558809 -1.397860
v -3.890390 -0.456272 -1.311440
v -4.075030 -0.397336 -1.465740
v -3.828490 -0.324565 -1.347900
v -3.683070 -0.323427 -1.153310
v -3.890390 -0.456272 -1.311440
v -3.823640 -0.520193 -1.118870
v -4.015310 -0.568991 -1.221290
v -3.914010 -0.587807 -1.048190
v -4.154330 -0.604512 -1.239170
v -4.018870 -0.592809 -0.974530
v -4.184150 -0.589851 -1.159420
v -4.129290 -0.559405 -0.790130
v -4.309740 -0.588989 -1.305190
v 1.640090 -1.685460 -0.235896
v 2.013530 -1.630150 -0.223643
v 2.108910 -1.698350 0.081532
v 2.384640 -1.481720 -0.153259
v 2.439830 -1.569980 0.043275
v 2.594500 -1.419920 0.015712
v 2.607430 -1.412880 0.230412
v 2.702580 -1.234270 0.241254
v 2.734180 -1.304470 0.477429
v 2.790660 -1.156150 0.482984
v 2.790680 -1.156920 0.657847
v 2.898730 -1.089960 0.710576
v 2.811500 -1.096100 0.907758
v 3.061090 -1.012850 0.835886
v 2.948390 -0.953718 1.222020
v 3.189660 -0.938782 1.346160
v 3.163180 -0.901098 1.648630
v 3.528450 -0.928103 1.498790
v 3.473410 -0.893318 1.804810
v 3.650970 -0.917277 1.902400
v 3.590530 -0.850654 2.139750
v 3.882000 -0.914997 2.203090
v 3.814880 -0.881660 2.407080
v 3.922440 -0.922223 2.411120
v 3.823350 -0.867016 2.580390
v 3.857920 -0.959727 2.580210
v 1.428880 -1.572570 -0.548030
v 1.536040 -1.624260 -0.547216
v 1.640090 -1.685460 -0.235896
v 1.644180 -1.647150 -0.419212
v 2.013530 -1.630150 -0.223643
v 1.635140 -1.623630 -0.526561
v 3.988170 -0.437652 2.928300
v 4.000110 -0.125406 2.862820
v 3.828000 -0.205319 2.791200
v 3.961910 -0.063913 2.786400
v 3.870550 -0.069696 2.730770
v 3.903910 0.073808 2.680160
v 3.823350 -0.010304 2.580390
v 3.857920 0.082407 2.580210
v 3.966640 0.110631 2.407950
v 3.982910 0.201149 2.426050
v 4.094110 0.139775 2.327940
v 4.017510 0.292994 2.434830
v 4.150300 0.478386 2.259230
v 4.031520 0.479800 2.406910
v 4.127900 0.651850 2.267020
v 4.036950 0.633900 2.430830
v 4.152170 0.786340 2.307440
v 4.103300 0.925080 2.477220
v 4.000110 -0.751914 2.862820
v 3.988170 -0.437652 2.928300
v 3.787340 -0.437501 2.834770
v 3.828000 -0.205319 2.791200
v 3.716360 -0.438660 2.782050
v 3.727090 -0.288611 2.747070
v 3.454970 -0.438660 2.608540
v 3.458300 -0.335998 2.590320
v 3.247410 -0.438660 2.511990
v 3.233970 -0.366229 2.497850
v 3.009100 -0.404440 2.410260
v 3.036360 -0.268822 2.352650
v 2.396350 -1.036380 1.680900
v 2.514160 -1.113190 1.427370
v 2.542440 -1.087250 1.438590
v 2.604220 -1.208330 1.167490
v 2.679450 -1.159230 1.126090
v 2.706960 -1.288240 0.832257
v 2.753160 -1.151800 0.839489
v 2.731510 -1.330240 0.657663
v 2.649410 -1.463460 0.470195
v 2.731510 -1.330240 0.657663
v 2.668940 -1.453030 0.644842
v 2.706960 -1.288240 0.832257
v 2.616000 -1.399410 0.886377
v 2.604220 -1.208330 1.167490
v 2.570400 -1.269060 1.177340
v 2.514160 -1.113190 1.427370
v 2.482920 -1.141080 1.436300
v 2.396350 -1.036380 1.680900
v -1.417600 -0.967925 2.114840
v -1.714430 -0.686254 2.186620
v -1.744730 -0.872467 2.173510
v -2.100170 -0.667905 2.228640
v -2.137520 -0.871802 2.191840
v -2.697370 -0.657456 2.309950
v -2.703110 -0.833787 2.264100
v -3.077670 -0.656028 2.309770
v -1.338490 -1.164100 2.052390
v -1.417600 -0.967925 2.114840
v -1.465430 -1.160780 2.094000
v -1.744730 -0.872467 2.173510
v -1.929730 -1.245050 2.055850
v -2.137520 -0.871802 2.191840
v -2.172140 -1.243980 2.061670
v -2.703110 -0.833787 2.264100
v -1.115590 -1.258280 1.831040
v -1.338490 -1.164100 2.052390
v -1.403850 -1.341490 1.971720
v -1.465430 -1.160780 2.094000
v -1.582190 -1.421010 2.006200
v -1.929730 -1.245050 2.055850
v -1.996120 -1.502760 1.826550
v -2.172140 -1.243980 2.061670
v -0.910602 -1.276400 1.642780
v -1.115590 -1.258280 1.831040
v -1.278900 -1.385500 1.630710
v -1.403850 -1.341490 1.971720
v -1.551530 -1.488850 1.838690
v -1.582190 -1.421010 2.006200
v -1.721810 -1.551970 1.829920
v -1.996120 -1.502760 1.826550
v -0.115190 -1.784860 0.897087
v -0.910602 -1.276400 1.642780
v -0.969076 -1.584880 1.339860
v -1.278900 -1.385500 1.630710
v -1.200770 -1.542050 1.417480
v -1.551530 -1.488850 1.838690
v -1.552900 -1.589700 1.567310
v -1.721810 -1.551970 1.829920
v 0.539150 -1.759670 0.586922
v -0.115190 -1.784860 0.897087
v 0.005537 -1.910930 0.602179
v -0.969076 -1.584880 1.339860
v -0.752416 -1.906010 0.876792
v -1.200770 -1.542050 1.417480
v -1.147920 -1.692850 1.246610
v -1.552900 -1.589700 1.567310
v 0.943855 -1.713430 0.337533
v 0.539150 -1.759670 0.586922
v 0.516872 -1.795290 0.417947
v 0.005537 -1.910930 0.602179
v 0.018086 -1.961860 0.441525
v -0.752416 -1.906010 0.876792
v -0.645496 -2.022980 0.617921
v -1.147920 -1.692850 1.246610
v 1.664160 -1.705390 0.249001
v 0.943855 -1.713430 0.337533
v 0.960321 -1.681790 0.130608
v 0.516872 -1.795290 0.417947
v 0.542386 -1.809040 0.250433
v 0.018086 -1.961860 0.441525
v 0.034087 -1.981610 0.213601
v -0.645496 -2.022980 0.617921
v 0.546875 -1.801900 0.047720
v 0.948819 -1.541620 -0.199908
v 0.974530 -1.579010 -0.086613
v 1.373220 -1.544910 -0.125960
v 1.678620 -1.729840 0.028599
v 2.136270 -1.716720 0.250994
v 1.664160 -1.705390 0.249001
v 1.678620 -1.729840 0.028599
v 0.960321 -1.681790 0.130608
v 0.974530 -1.579010 -0.086613
v 0.542386 -1.809040 0.250433
v 0.546875 -1.801900 0.047720
v 0.034087 -1.981610 0.213601
v -0.597781 -1.079710 1.928280
v -0.192546 -1.138740 1.744190
v -0.179548 -0.983173 1.909960
v 0.243473 -1.258650 1.572740
v 0.305671 -1.068380 1.737080
v 0.921312 -1.437990 1.194320
v 0.857323 -1.312690 1.423660
v 1.570690 -1.427770 1.376990
v 0.927775 -1.671700 0.633885
v 1.649030 -1.650630 0.663118
v 1.630080 -1.611030 0.858896
v 2.023440 -1.583060 0.967998
v 1.975940 -1.457080 1.266620
v 1.958250 -1.300470 1.568930
v 1.570690 -1.427770 1.376990
v 1.975940 -1.457080 1.266620
v 1.582200 -1.506840 1.209740
v 1.630080 -1.611030 0.858896
v 0.939271 -1.624530 0.818646
v 0.927775 -1.671700 0.633885
v 0.316341 -1.524920 1.223970
v -1.017770 -0.980625 2.046480
v -0.597781 -1.079710 1.928280
v -0.626493 -0.881796 2.024090
v -0.179548 -0.983173 1.909960
v -0.247999 -0.827802 2.003810
v 0.305671 -1.068380 1.737080
v 0.289039 -0.868715 1.935110
v 0.857323 -1.312690 1.423660
v 0.760722 -1.139200 1.643700
v 1.570690 -1.427770 1.376990
v 1.517130 -1.179740 1.773030
v 1.958250 -1.300470 1.568930
v 1.859440 -1.070880 1.889050
v 2.141790 -1.734230 0.383354
v 2.081700 -1.698120 0.721909
v 1.660350 -1.684660 0.458057
v 1.649030 -1.650630 0.663118
v 0.950215 -1.694850 0.481411
v 0.927775 -1.671700 0.633885
v 0.539252 -1.693150 0.792644
v 0.316341 -1.524920 1.223970
v -0.406155 -1.409750 1.443750
v -0.192546 -1.138740 1.744190
v -0.674657 -1.199720 1.771670
v -0.597781 -1.079710 1.928280
v -1.046070 -1.199720 1.947760
v -1.017770 -0.980625 2.046480
v -1.292760 -0.952690 2.095170
v 2.189850 -0.956161 1.907650
v 1.859440 -1.070880 1.889050
v 2.266000 -1.101990 1.711910
v 1.958250 -1.300470 1.568930
v 2.347320 -1.197420 1.504770
v 1.975940 -1.457080 1.266620
v 2.399390 -1.353940 1.220750
v 2.023440 -1.583060 0.967998
v 2.448970 -1.476000 0.968518
v 2.081700 -1.698120 0.721909
v 2.495350 -1.570740 0.689182
v 2.141790 -1.734230 0.383354
v 2.500490 -1.608840 0.403631
v -1.396330 -0.706302 2.162440
v -1.292760 -0.952690 2.095170
v -1.227610 -0.714689 2.147760
v -1.017770 -0.980625 2.046480
v -0.954897 -0.731694 2.116200
v -0.626493 -0.881796 2.024090
v -0.557624 -0.710122 2.079940
v -0.247999 -0.827802 2.003810
v -0.267035 -0.705237 2.065720
v 0.289039 -0.868715 1.935110
v 0.237330 -0.727332 2.034410
v 0.760722 -1.139200 1.643700
v 0.725959 -0.900464 1.916720
v 1.517130 -1.179740 1.773030
v 1.504950 -1.024640 1.922150
v 1.859440 -1.070880 1.889050
v 1.821950 -0.842411 2.056870
v 2.189850 -0.956161 1.907650
v 2.096550 -0.765470 2.117140
v 2.452590 -1.577460 0.194588
v 2.500490 -1.608840 0.403631
v 2.136270 -1.716720 0.250994
v 2.141790 -1.734230 0.383354
v 1.664160 -1.705390 0.249001
v 1.660350 -1.684660 0.458057
v 0.943855 -1.713430 0.337533
v 0.950215 -1.694850 0.481411
v 0.539150 -1.759670 0.586922
v 0.539252 -1.693150 0.792644
v -0.115190 -1.784860 0.897087
v -0.406155 -1.409750 1.443750
v -0.910602 -1.276400 1.642780
v -0.674657 -1.199720 1.771670
v -1.115590 -1.258280 1.831040
v -1.046070 -1.199720 1.947760
v -1.338490 -1.164100 2.052390
v -1.292760 -0.952690 2.095170
v -1.417600 -0.967925 2.114840
v -1.396330 -0.706302 2.162440
v -1.714430 -0.686254 2.186620
v 2.132390 -0.618931 2.194480
v 2.096550 -0.765470 2.117140
v 2.183000 -0.780427 2.092730
v 2.189850 -0.956161 1.907650
v 2.301360 -0.984675 1.836380
v 2.266000 -1.101990 1.711910
v 2.396350 -1.036380 1.680900
v 2.347320 -1.197420 1.504770
v 2.482920 -1.141080 1.436300
v 2.399390 -1.353940 1.220750
v 2.570400 -1.269060 1.177340
v 2.448970 -1.476000 0.968518
v 2.616000 -1.399410 0.886377
v 2.495350 -1.570740 0.689182
v 2.668940 -1.453030 0.644842
v 2.500490 -1.608840 0.403631
v 2.649410 -1.463460 0.470195
v 2.452590 -1.577460 0.194588
v 2.339600 -0.438660 2.246360
v 2.132390 -0.618931 2.194480
v 2.361090 -0.641255 2.205320
v 2.183000 -0.780427 2.092730
v 2.406970 -0.780139 2.083990
v 2.301360 -0.984675 1.836380
v 2.519030 -0.861622 1.924590
v 2.396350 -1.036380 1.680900
v 2.553870 -0.950995 1.722940
v 2.542440 -1.087250 1.438590
v 2.637460 -1.020270 1.455920
v 2.679450 -1.159230 1.126090
v 2.747940 -1.054330 1.150910
v 2.753160 -1.151800 0.839489
v 3.252220 -0.586875 2.465010
v 3.276330 -0.732926 2.302430
v 3.460200 -0.619028 2.542150
v 3.479420 -0.756138 2.416910
v 3.745670 -0.680590 2.704660
v 3.086670 -0.777523 2.071650
v 3.337540 -0.778870 2.187590
v 3.058370 -0.735997 2.212010
v 3.276330 -0.732926 2.302430
v 3.036360 -0.608498 2.352650
v 3.252220 -0.586875 2.465010
v 3.009100 -0.472880 2.410260
v 3.870550 -0.807624 2.730770
v 3.745670 -0.680590 2.704660
v 3.758210 -0.761711 2.645340
v 3.479420 -0.756138 2.416910
v 3.541190 -0.825026 2.287840
v 3.337540 -0.778870 2.187590
v 3.377230 -0.839441 2.026460
v 3.086670 -0.777523 2.071650
v 3.115380 -0.818888 1.931050
v 2.985370 -0.438660 2.421320
v 3.009100 -0.472880 2.410260
v 3.233970 -0.511091 2.497850
v 3.252220 -0.586875 2.465010
v 3.458300 -0.541322 2.590320
v 3.460200 -0.619028 2.542150
v 3.727090 -0.588709 2.747070
v 3.745670 -0.680590 2.704660
v 3.828000 -0.672001 2.791200
v 3.870550 -0.807624 2.730770
v 2.854290 -0.933310 1.532610
v 3.115380 -0.818888 1.931050
v 2.815370 -0.852059 1.816240
v 3.086670 -0.777523 2.071650
v 2.775680 -0.791489 1.977370
v 3.058370 -0.735997 2.212010
v 2.738130 -0.733706 2.125990
v 3.036360 -0.608498 2.352650
v 2.715710 -0.606369 2.266880
v 3.009100 -0.472880 2.410260
v 2.723500 -0.438660 2.337500
v 2.985370 -0.438660 2.421320
v 2.715710 -0.270951 2.266880
v 2.339600 -0.438660 2.246360
v 2.723500 -0.438660 2.337500
v 2.361090 -0.641255 2.205320
v 2.715710 -0.606369 2.266880
v 2.406970 -0.780139 2.083990
v 2.738130 -0.733706 2.125990
v 2.519030 -0.861622 1.924590
v 2.775680 -0.791489 1.977370
v 2.553870 -0.950995 1.722940
v 2.815370 -0.852059 1.816240
v 2.637460 -1.020270 1.455920
v 2.854290 -0.933310 1.532610
v 2.747940 -1.054330 1.150910
v 3.967080 -0.976303 2.719310
v 3.961910 -0.813407 2.786400
v 3.870550 -0.807624 2.730770
v 4.000110 -0.751914 2.862820
v 3.828000 -0.672001 2.791200
v 3.787340 -0.437501 2.834770
v 3.727090 -0.588709 2.747070
v 3.716360 -0.438660 2.782050
v 3.458300 -0.541322 2.590320
v 3.454970 -0.438660 2.608540
v 3.233970 -0.511091 2.497850
v 3.247410 -0.438660 2.511990
v 2.985370 -0.438660 2.421320
v 3.009100 -0.404440 2.410260
v 2.723500 -0.438660 2.337500
v 3.036360 -0.268822 2.352650
v 2.715710 -0.270951 2.266880
v 3.058370 -0.141323 2.212010
v 4.554460 -1.289230 2.950080
v 4.444740 -1.299170 2.914460
v 4.601510 -1.232850 2.971980
v 4.538180 -1.215230 2.952010
v 4.592620 -1.229110 3.008540
v 4.520160 -1.201090 2.996630
v 4.574540 -1.219020 3.108520
v 4.520600 -1.184200 3.077820
v 4.476090 -1.130960 3.045310
v 4.520600 -1.184200 3.077820
v 4.484670 -1.147550 2.973110
v 4.520160 -1.201090 2.996630
v 4.474630 -1.190550 2.903870
v 4.538180 -1.215230 2.952010
v 4.382050 -1.237420 2.872130
v 4.444740 -1.299170 2.914460
v 4.352600 -1.329190 2.963550
v 4.554460 -1.289230 2.950080
v 4.546660 -1.242440 3.147760
v 4.574540 -1.219020 3.108520
v 4.465270 -1.195930 3.134090
v 4.520600 -1.184200 3.077820
v 4.411540 -1.151790 3.102480
v 4.476090 -1.130960 3.045310
v 4.681850 -1.324890 2.989700
v 4.554460 -1.289230 2.950080
v 4.683340 -1.260590 2.992880
v 4.601510 -1.232850 2.971980
v 4.674690 -1.246670 3.037490
v 4.592620 -1.229110 3.008540
v 4.656570 -1.238340 3.119200
v 4.574540 -1.219020 3.108520
v 4.646700 -1.260950 3.167350
v 4.546660 -1.242440 3.147760
v 4.755190 -1.314970 3.007480
v 4.681850 -1.324890 2.989700
v 4.737890 -1.269050 3.003310
v 4.683340 -1.260590 2.992880
v 4.729450 -1.246170 3.044860
v 4.674690 -1.246670 3.037490
v 4.748030 -1.238700 3.122460
v 4.656570 -1.238340 3.119200
v 4.728930 -1.271280 3.160550
v 4.646700 -1.260950 3.167350
v 4.829570 -1.260490 3.019460
v 4.821340 -1.228300 3.060160
v 5.096150 -1.213390 3.198380
v 4.821320 -1.230550 3.130450
v 4.811800 -1.254070 3.167340
v 4.856250 -1.305730 3.032470
v 4.755190 -1.314970 3.007480
v 4.829570 -1.260490 3.019460
v 4.737890 -1.269050 3.003310
v 4.821340 -1.228300 3.060160
v 4.729450 -1.246170 3.044860
v 4.821320 -1.230550 3.130450
v 4.748030 -1.238700 3.122460
v 4.811800 -1.254070 3.167340
v 4.728930 -1.271280 3.160550
v 4.719170 -1.304620 3.189750
v 4.646700 -1.260950 3.167350
v 4.636910 -1.295520 3.189160
v 4.546660 -1.242440 3.147760
v 4.509550 -1.258630 3.158470
v 4.465270 -1.195930 3.134090
v 4.418950 -1.221190 3.146060
v 4.411540 -1.151790 3.102480
v 4.356680 -1.157710 3.121660
v 4.460580 -1.395660 3.061530
v 4.352600 -1.329190 2.963550
v 4.497720 -1.376320 2.986140
v 4.554460 -1.289230 2.950080
v 4.662220 -1.379280 2.995010
v 4.681850 -1.324890 2.989700
v 4.763340 -1.367910 3.029490
v 4.755190 -1.314970 3.007480
v 4.883020 -1.331820 3.052320
v 4.856250 -1.305730 3.032470
v 4.025360 -0.841257 2.797960
v 4.077560 -0.948998 2.743850
v 4.043800 -0.839052 2.825180
v 4.113930 -0.965131 2.772790
v 4.078510 -0.910853 2.850470
v 4.121990 -1.008690 2.896690
v 4.088360 -0.892453 2.949570
v 4.104290 -0.982097 2.976640
v 4.151180 -0.933266 3.017720
v 4.176060 -1.057040 3.075540
v 4.277170 -1.030030 3.091100
v 4.356680 -1.157710 3.121660
v 4.359480 -1.035480 3.054500
v 4.411540 -1.151790 3.102480
v 4.423030 -1.042220 3.000000
v 4.476090 -1.130960 3.045310
v 4.440760 -1.067950 2.929010
v 4.484670 -1.147550 2.973110
v 4.440710 -1.067790 2.837130
v 4.474630 -1.190550 2.903870
v 4.320630 -1.121240 2.824190
v 4.382050 -1.237420 2.872130
v 4.262800 -1.256980 2.929330
v 4.352600 -1.329190 2.963550
v 4.343220 -1.331770 3.028200
v 4.460580 -1.395660 3.061530
v 4.460790 -1.388630 3.134280
v 4.101750 -0.172804 2.995750
v 4.084510 -0.220492 3.009640
v 4.187260 -0.302816 3.028880
v 4.189880 -0.437797 3.045580
v 4.342350 -0.298343 3.019840
v 4.024210 -0.437673 2.966590
v 4.079810 -0.437709 3.010310
v 4.029020 -0.189275 2.957840
v 4.084510 -0.220492 3.009640
v 4.055260 -0.141378 2.943940
v 4.101750 -0.172804 2.995750
v 4.063200 -0.095673 2.948340
v 4.452380 -0.308405 2.963220
v 4.342350 -0.298343 3.019840
v 4.317600 -0.437915 3.027590
v 4.189880 -0.437797 3.045580
v 4.187260 -0.574504 3.028880
v 4.079810 -0.437709 3.010310
v 4.084510 -0.656828 3.009640
v 4.024210 -0.437673 2.966590
v 4.029020 -0.688045 2.957840
v 4.088360 0.015133 2.949570
v 4.063200 -0.095673 2.948340
v 4.100910 -0.136264 2.999290
v 4.101750 -0.172804 2.995750
v 4.203320 -0.219496 3.027850
v 4.187260 -0.302816 3.028880
v 4.332080 -0.243743 3.025140
v 4.342350 -0.298343 3.019840
v 4.440140 -0.169496 2.949190
v 4.452380 -0.308405 2.963220
v 4.035750 -0.782617 2.838200
v 4.029020 -0.688045 2.957840
v 4.000110 -0.751914 2.862820
v 4.024210 -0.437673 2.966590
v 3.988170 -0.437652 2.928300
v 4.029020 -0.189275 2.957840
v 4.000110 -0.125406 2.862820
v 4.055260 -0.141378 2.943940
v 4.035750 -0.094703 2.838200
v 4.063200 -0.095673 2.948340
v 4.043800 -0.038268 2.825180
v 4.088360 0.015133 2.949570
v 4.078510 0.033533 2.850470
v 3.990740 -1.149450 2.644110
v 4.044730 -1.182870 2.693120
v 3.928870 -1.054340 2.662580
v 4.010850 -1.060810 2.708910
v 3.967080 -0.976303 2.719310
v 4.077560 -0.948998 2.743850
v 3.961910 -0.813407 2.786400
v 4.025360 -0.841257 2.797960
v 4.000110 -0.751914 2.862820
v 4.043800 -0.839052 2.825180
v 4.035750 -0.782617 2.838200
v 4.055260 -0.735942 2.943940
v 4.029020 -0.688045 2.957840
v 4.101750 -0.704516 2.995750
v 4.084510 -0.656828 3.009640
v 4.203320 -0.657824 3.027850
v 4.187260 -0.574504 3.028880
v 4.342350 -0.578977 3.019840
v 4.317600 -0.437915 3.027590
v 4.454960 -0.438057 2.961960
v 4.452380 -0.308405 2.963220
v 4.577570 -0.182464 2.828190
v 4.440140 -0.169496 2.949190
v 4.429890 -0.131766 2.934420
v 4.332080 -0.243743 3.025140
v 4.339600 -0.179769 3.031300
v 4.203320 -0.219496 3.027850
v 4.211650 -0.174649 3.041200
v 4.100910 -0.136264 2.999290
v 4.117370 -0.054160 3.007170
v 4.088360 0.015133 2.949570
v 4.104290 0.104777 2.976640
v 4.078510 0.033533 2.850470
v 4.121990 0.131369 2.896690
v 4.193960 0.178045 2.809140
v 4.138690 0.203651 2.912670
v 4.192790 0.229356 2.850630
v 4.262800 0.379656 2.929330
v 4.382050 0.360097 2.872130
v 4.444740 0.421855 2.914460
v 4.474630 0.313230 2.903870
v 4.538180 0.337906 2.952010
v 4.484670 0.270228 2.973110
v 4.520160 0.323767 2.996630
v 4.476090 0.253641 3.045310
v 4.520600 0.306882 3.077820
v 4.465270 0.318607 3.134090
v 4.546660 0.365120 3.147760
v 4.418950 0.343871 3.146060
v 4.509550 0.381312 3.158470
v 4.462370 0.444015 3.164660
v 4.616630 0.500673 3.188150
v 4.460790 0.511312 3.134280
v 4.624800 0.550785 3.147030
v 1.337880 -1.459960 -0.507056
v 1.428880 -1.572570 -0.548030
v 1.373220 -1.544910 -0.125960
v 1.640090 -1.685460 -0.235896
v 1.678620 -1.729840 0.028599
v 2.108910 -1.698350 0.081532
v 2.136270 -1.716720 0.250994
v 2.439830 -1.569980 0.043275
v 2.452590 -1.577460 0.194588
v 2.607430 -1.412880 0.230412
v 2.649410 -1.463460 0.470195
v 2.734180 -1.304470 0.477429
v 2.731510 -1.330240 0.657663
v 2.790680 -1.156920 0.657847
v 2.753160 -1.151800 0.839489
v 2.811500 -1.096100 0.907758
v 2.747940 -1.054330 1.150910
v 2.948390 -0.953718 1.222020
v 2.854290 -0.933310 1.532610
v 3.163180 -0.901098 1.648630
v 3.115380 -0.818888 1.931050
v 3.473410 -0.893318 1.804810
v 3.377230 -0.839441 2.026460
v 3.590530 -0.850654 2.139750
v 3.541190 -0.825026 2.287840
v 3.814880 -0.881660 2.407080
v 3.758210 -0.761711 2.645340
v 3.823350 -0.867016 2.580390
v 3.870550 -0.807624 2.730770
v 3.857920 -0.959727 2.580210
v 3.903910 -0.951128 2.680160
v 3.892380 -1.042250 2.588090
v 3.928870 -1.054340 2.662580
v 3.945460 -1.128200 2.568760
v 3.990740 -1.149450 2.644110
v 4.024700 -1.252880 2.626520
v 4.044730 -1.182870 2.693120
v 4.079120 -1.283670 2.702760
v 4.146070 -1.146030 2.716760
v 4.172140 -1.217630 2.742050
v 4.212060 -1.064590 2.718110
v 4.229330 -1.111410 2.713180
v 4.296770 -0.967456 2.699080
v 4.274890 -1.117730 2.658690
v 4.314790 -0.979310 2.580820
v 4.267320 -1.053600 2.560650
v 4.305410 -0.978067 2.497910
v -3.413370 -0.580969 2.310260
v -3.358510 -0.818755 2.248910
v -3.077670 -0.656028 2.309770
v -3.075310 -0.801809 2.284660
v -2.703110 -0.833787 2.264100
v -2.715250 -1.043310 2.185420
v -2.172140 -1.243980 2.061670
v -2.205790 -1.520320 1.794680
v -1.996120 -1.502760 1.826550
v -1.980390 -1.581860 1.572700
v -1.721810 -1.551970 1.829920
v -1.733700 -1.620150 1.522520
v -1.552900 -1.589700 1.567310
v -1.454530 -1.677520 1.313700
v -1.147920 -1.692850 1.246610
v -1.120720 -1.895650 0.862676
v -0.645496 -2.022980 0.617921
v -0.536767 -2.120890 0.294206
v 0.034087 -1.981610 0.213601
v 0.010486 -2.014960 -0.063657
v 0.546875 -1.801900 0.047720
v 0.550658 -1.769970 -0.194355
v 0.948819 -1.541620 -0.199908
v 0.939974 -1.458470 -0.456079
v 1.373220 -1.544910 -0.125960
v 1.252960 -1.440300 -0.490165
v 1.337880 -1.459960 -0.507056
v 5.383210 -0.236208 2.058320
v 5.566340 -0.247755 1.937340
v 5.373130 -0.191948 1.979800
v 5.528190 -0.187994 1.878840
v 5.334330 -0.106021 1.841370
v 5.471930 -0.124761 1.783840
v 5.296960 -0.080676 1.761100
v 5.425780 -0.108973 1.703030
v 5.260650 -0.086598 1.622830
v 5.397970 -0.091858 1.612900
v 5.158320 -0.020617 1.675430
v 4.927280 0.087667 1.925610
v 5.223190 -0.050591 1.810150
v 4.982820 0.068946 1.941730
v 5.233180 -0.075672 1.881120
v 5.247760 -0.330114 1.287210
v 5.137070 -0.293818 1.263180
v 5.153740 -0.220312 1.270230
v 4.996710 -0.157889 1.249220
v 5.197560 -0.136187 1.361070
v 3.107530 -0.703262 -0.252359
v 3.118120 -0.438660 -0.265265
v 3.342160 -0.640009 0.053986
v 3.335210 -0.438660 0.062905
v 3.514980 -0.626249 0.316774
v 3.486030 -0.438660 0.296977
v 3.731690 -0.438660 0.625051
v 3.737010 -0.261841 0.620497
v 3.929250 -0.438660 0.850349
v 3.955640 -0.241074 0.871077
v 4.126560 -0.438660 1.080690
v 4.120840 -0.253199 1.065800
v 4.380850 -0.438530 1.143230
v 4.359050 -0.272009 1.139070
v 4.655450 -0.438758 1.196680
v 4.669690 -0.250364 1.176820
v 4.920860 -0.438978 1.251000
v 4.963530 -0.295220 1.236040
v 5.112560 -0.439140 1.279350
v 5.137070 -0.293818 1.263180
v 5.213430 -0.439225 1.295440
v 5.247760 -0.330114 1.287210
v 2.274530 -1.006030 -0.994830
v 2.486530 -1.066480 -0.836310
v 2.318790 -1.112520 -0.855430
v 2.510840 -1.116720 -0.720130
v 2.354290 -1.173850 -0.755090
v 2.514170 -1.145270 -0.639060
v 2.386470 -1.200030 -0.677410
v 2.520420 -1.178100 -0.516125
v 2.079600 -1.093660 -1.034720
v 2.126240 -1.159670 -0.891510
v 2.059840 -1.297620 -1.122670
v 2.111560 -1.335230 -0.938280
v 2.071450 -1.444850 -0.971460
v 2.141270 -1.379910 -0.795980
v 2.099570 -1.494420 -0.821340
v 2.177450 -1.413080 -0.689110
v 2.148550 -1.504070 -0.664410
v 2.825540 -0.991257 -0.128918
v 2.647370 -1.108140 -0.172890
v 2.637660 -1.075700 -0.329516
v 2.539200 -1.189130 -0.289118
v 2.520420 -1.178100 -0.516125
v 2.407310 -1.243750 -0.536320
v 2.386470 -1.200030 -0.677410
v 2.180010 -1.260470 -0.691900
v 2.354290 -1.173850 -0.755090
v 2.158050 -1.222600 -0.770950
v 2.318790 -1.112520 -0.855430
v 2.126240 -1.159670 -0.891510
v 2.274530 -1.006030 -0.994830
v 2.079600 -1.093660 -1.034720
v 2.740890 -0.902264 -0.900570
v 2.803740 -0.876988 -0.817210
v 2.617970 -0.958898 -0.796940
v 2.757950 -0.910344 -0.661300
v 2.670250 -0.982678 -0.669710
v 2.857670 -0.829855 -0.491965
v 2.669280 -0.995826 -0.492004
v 2.710720 -0.971153 -0.391431
v 2.637660 -1.075700 -0.329516
v 2.910770 -0.869851 -0.199784
v 2.825540 -0.991257 -0.128918
v 1.832790 -1.303740 -2.857850
v 1.865130 -1.493640 -2.915170
v 1.841890 -1.453430 -2.807340
v 1.926180 -1.532410 -2.850220
v 1.886440 -1.485980 -2.753080
v 1.981190 -1.619190 -3.002620
v 1.926180 -1.532410 -2.850220
v 1.919390 -1.549530 -3.048420
v 1.865130 -1.493640 -2.915170
v 1.839520 -1.322150 -2.966630
v 1.832790 -1.303740 -2.857850
v 1.970050 -1.503840 -2.703200
v 1.886440 -1.485980 -2.753080
v 2.031260 -1.549780 -2.818050
v 1.926180 -1.532410 -2.850220
v 2.138770 -1.653390 -2.959020
v 1.981190 -1.619190 -3.002620
v 2.110030 -1.507480 -2.709600
v 1.970050 -1.503840 -2.703200
v 2.148880 -1.514860 -2.782960
v 2.031260 -1.549780 -2.818050
v 2.247980 -1.566120 -2.904140
v 2.138770 -1.653390 -2.959020
v 2.170040 -1.417530 -2.695840
v 2.110030 -1.507480 -2.709600
v 2.201940 -1.435160 -2.787800
v 2.148880 -1.514860 -2.782960
v 2.281230 -1.482140 -2.899590
v 2.247980 -1.566120 -2.904140
v 1.848270 -1.435630 -2.488600
v 1.806370 -1.422720 -2.511070
v 1.855130 -1.424790 -2.644570
v 1.735080 -1.411410 -2.584070
v 1.802390 -1.400510 -2.650960
v 1.721750 -1.417770 -2.678230
v 1.811800 -1.371760 -2.696980
v 1.718320 -1.360460 -2.336810
v 1.771420 -1.384760 -2.330360
v 1.678990 -1.330400 -2.074480
v 1.737620 -1.356990 -2.046360
v 1.648790 -1.368020 -1.841350
v 1.710410 -1.392960 -1.833560
v 1.624900 -1.402050 -1.648640
v 1.720030 -1.410010 -1.666910
v 1.572980 -1.424480 -1.388930
v 1.717140 -1.442750 -1.370870
v 1.541750 -1.452850 -1.204950
v 1.650320 -1.492010 -1.207220
v 1.516700 -1.507180 -1.014390
v 1.612400 -1.538390 -1.047070
v 1.601720 -1.580080 -0.823700
v 1.805210 -1.603980 -0.829770
v 1.838890 -1.640070 -0.648540
v 2.024690 -1.611120 -0.635990
v 1.700800 -1.262910 -2.356130
v 1.718320 -1.360460 -2.336810
v 1.655950 -1.282930 -2.082270
v 1.678990 -1.330400 -2.074480
v 1.586320 -1.319630 -1.835090
v 1.648790 -1.368020 -1.841350
v 1.529300 -1.326010 -1.653420
v 1.624900 -1.402050 -1.648640
v 1.508710 -1.373020 -1.369920
v 1.572980 -1.424480 -1.388930
v 1.480630 -1.392110 -1.201470
v 1.541750 -1.452850 -1.204950
v 1.454820 -1.415230 -0.991570
v 1.516700 -1.507180 -1.014390
v 1.497480 -1.526920 -0.844540
v 1.601720 -1.580080 -0.823700
v 1.645820 -1.612430 -0.648780
v 1.838890 -1.640070 -0.648540
v -0.072300 0.648740 -1.011590
v -0.063012 0.426422 -1.144360
v -0.535144 0.481896 -1.177320
v -0.078470 0.361570 -1.249610
v -0.422877 0.384763 -1.312540
v -0.543078 0.125165 -1.371810
v -0.564074 0.364531 -1.350740
v -0.680046 0.380420 -1.329660
v -0.535144 0.481896 -1.177320
v -0.523838 -0.050653 -1.411400
v -0.977375 0.060087 -1.354470
v -0.543078 0.125165 -1.371810
v -0.812845 0.329851 -1.346760
v -0.680046 0.380420 -1.329660
v -0.953236 0.460520 -1.107280
v -0.535144 0.481896 -1.177320
v -0.526127 0.729080 -1.056340
v -0.072300 0.648740 -1.011590
v -0.071941 0.798720 -0.908330
v -0.155114 -0.438660 -1.389620
v -0.523838 -0.050653 -1.411400
v -0.112666 -0.055336 -1.367920
v -0.543078 0.125165 -1.371810
v -0.094135 0.118264 -1.330430
v -0.078470 0.361570 -1.249610
v 0.480235 -0.840621 -1.192860
v -0.155114 -0.438660 -1.389620
v 0.446550 -0.438660 -1.234290
v -0.112666 -0.055336 -1.367920
v 0.480235 -0.036699 -1.192860
v -0.094135 0.118264 -1.330430
v 0.489819 0.233732 -1.086290
v -0.078470 0.361570 -1.249610
v 0.538756 0.326251 -0.969940
v -0.063012 0.426422 -1.144360
v 0.530629 0.491182 -0.877760
v -0.072300 0.648740 -1.011590
v 0.544825 0.658240 -0.694460
v -0.071941 0.798720 -0.908330
v 0.527724 0.815150 -0.424194
v -0.041570 0.956520 -0.705170
v 0.550658 0.892650 -0.194355
v 0.021051 1.072890 -0.393271
v 0.546875 0.924580 0.047720
v 0.010486 1.137640 -0.063657
v 0.912989 -0.858207 -1.060650
v 0.480235 -0.840621 -1.192860
v 0.927497 -0.438660 -1.119830
v 0.446550 -0.438660 -1.234290
v 0.912989 -0.019113 -1.060650
v 0.480235 -0.036699 -1.192860
v 0.912699 0.137525 -1.016410
v 0.489819 0.233732 -1.086290
v 0.922703 0.289647 -0.857370
v 0.538756 0.326251 -0.969940
v 0.930660 0.392536 -0.777860
v 0.530629 0.491182 -0.877760
v 0.956456 0.482403 -0.631840
v 0.544825 0.658240 -0.694460
v 0.939974 0.581150 -0.456079
v 0.527724 0.815150 -0.424194
v 0.948819 0.664300 -0.199908
v 0.550658 0.892650 -0.194355
v 0.974530 0.701690 -0.086613
v 0.546875 0.924580 0.047720
v 1.985330 0.454485 -1.782660
v 1.906370 0.526227 -1.843620
v 1.918640 0.562610 -1.644990
v 1.839220 0.559691 -1.670610
v 1.818850 0.584930 -1.318320
v 1.717140 0.565430 -1.370870
v 1.650320 0.614690 -1.207220
v 1.428880 0.695250 -0.548030
v 1.536040 0.746940 -0.547216
v 1.438440 0.659410 -0.709370
v 1.524410 0.703590 -0.686650
v 1.497480 0.649600 -0.844540
v 1.601720 0.702760 -0.823700
v 1.612400 0.661070 -1.047070
v 1.801790 0.690620 -1.026800
v 1.650320 0.614690 -1.207220
v 1.804930 0.650540 -1.143290
v 1.818850 0.584930 -1.318320
v 1.941770 0.558794 -1.320800
v 1.918640 0.562610 -1.644990
v 2.013090 0.472383 -1.613250
v 1.985330 0.454485 -1.782660
v 1.454820 0.537909 -0.991570
v 1.480630 0.514787 -1.201470
v 1.451830 0.264098 -1.138200
v 1.473890 0.360916 -1.380290
v 1.596750 0.245995 -1.283370
v 1.572980 0.547163 -1.388930
v 1.508710 0.495699 -1.369920
v 1.541750 0.575530 -1.204950
v 1.480630 0.514787 -1.201470
v 1.516700 0.629860 -1.014390
v 1.454820 0.537909 -0.991570
v 1.430820 0.586260 -0.862550
v 1.348220 0.406544 -0.843400
v 1.310870 0.476178 -0.697660
v 1.337880 0.582640 -0.507056
v 1.428880 0.695250 -0.548030
v 1.310870 0.476178 -0.697660
v 1.438440 0.659410 -0.709370
v 1.430820 0.586260 -0.862550
v 1.497480 0.649600 -0.844540
v 1.516700 0.629860 -1.014390
v 1.612400 0.661070 -1.047070
v 1.541750 0.575530 -1.204950
v 1.650320 0.614690 -1.207220
v 1.572980 0.547163 -1.388930
v 1.717140 0.565430 -1.370870
v 1.289450 -0.438660 -1.107940
v 1.223420 -0.004138 -1.094000
v 1.599890 0.184525 -1.156870
v 1.210550 0.138181 -1.021400
v 1.451830 0.264098 -1.138200
v 1.192040 0.240047 -0.891950
v 1.328860 0.320073 -0.913970
v 1.219160 0.384369 -0.779680
v 1.348220 0.406544 -0.843400
v 1.230120 0.455883 -0.646780
v 1.310870 0.476178 -0.697660
v 1.252960 0.562980 -0.490165
v 1.337880 0.582640 -0.507056
v 1.373220 0.667590 -0.125960
v 1.428880 0.695250 -0.548030
v 1.223420 -0.873182 -1.094000
v 1.289450 -0.438660 -1.107940
v 1.604940 -0.438660 -1.118340
v 1.599890 0.184525 -1.156870
v 1.721210 0.163272 -1.151530
v 1.596750 0.245995 -1.283370
v 1.718320 0.483136 -2.336810
v 1.734570 0.547736 -2.527220
v 1.700800 0.385590 -2.356130
v 1.705950 0.393970 -2.567970
v 1.736430 0.298206 -2.305020
v 1.776020 0.268915 -2.541430
v 1.857470 0.231328 -2.512060
v 1.900480 0.289961 -2.693270
v 1.857470 0.231328 -2.512060
v 1.741850 0.262045 -2.675520
v 1.776020 0.268915 -2.541430
v 1.709170 0.369280 -2.694490
v 1.705950 0.393970 -2.567970
v 1.735080 0.534091 -2.584070
v 1.734570 0.547736 -2.527220
v 1.806370 0.545398 -2.511070
v 1.718320 0.483136 -2.336810
v 1.898570 0.555678 -2.629610
v 1.855130 0.547469 -2.644570
v 1.806370 0.545398 -2.511070
v 1.802390 0.523191 -2.650960
v 1.735080 0.534091 -2.584070
v 1.721750 0.540451 -2.678230
v 1.709170 0.369280 -2.694490
v 2.091540 0.508369 -2.593780
v 1.980620 0.525577 -2.605240
v 1.911790 0.511457 -2.457110
v 1.898570 0.555678 -2.629610
v 1.848270 0.558306 -2.488600
v 1.806370 0.545398 -2.511070
v 1.771420 0.507440 -2.330360
v 1.718320 0.483136 -2.336810
v 2.113590 0.412988 -2.573190
v 2.217370 0.450267 -2.717430
v 2.091540 0.508369 -2.593780
v 2.170040 0.540206 -2.695840
v 1.980620 0.525577 -2.605240
v 2.281230 0.604820 -2.899590
v 2.201940 0.557843 -2.787800
v 2.236410 0.453370 -2.781390
v 2.217370 0.450267 -2.717430
v 2.187490 0.361625 -2.722880
v 2.113590 0.412988 -2.573190
v 2.059840 0.420297 -1.122670
v 2.111560 0.457910 -0.938280
v 2.079600 0.216337 -1.034720
v 2.126240 0.282351 -0.891510
v 2.249660 0.092610 -1.054040
v 2.274530 0.128706 -0.994830
v 2.422300 0.055509 -1.072260
v 2.457060 0.101206 -0.962300
v 2.515310 0.044615 -1.068400
v 2.663020 0.039489 -1.001830
v 2.721130 -0.076282 -1.081760
v 2.824360 -0.083647 -0.968600
v 1.635140 0.746310 -0.526561
v 1.867660 0.768270 -0.481973
v 1.645820 0.735110 -0.648780
v 1.838890 0.762750 -0.648540
v 1.805210 0.726660 -0.829770
v 1.966700 0.715060 -0.789500
v 1.974220 0.630290 -1.030550
v 2.071450 0.567530 -0.971460
v 1.937010 0.588180 -1.186760
v 2.036040 0.528491 -1.140420
v 2.021590 0.473433 -1.316630
v -3.338740 0.250976 2.037590
v -3.278080 0.415298 1.871080
v -3.476230 0.266106 1.726460
v -3.442150 0.324274 1.544150
v -3.639880 0.176543 1.453850
v -2.825830 0.770380 1.194560
v -3.244770 0.472285 1.634200
v -2.930310 0.687220 1.542240
v -3.278080 0.415298 1.871080
v -3.028930 0.502664 1.900180
v -3.338740 0.250976 2.037590
v -3.085650 0.345819 2.096000
v -3.631290 -0.018384 1.139670
v -3.639880 0.176543 1.453850
v -3.582870 0.259127 1.173080
v -3.442150 0.324274 1.544150
v -3.379130 0.447336 1.206570
v -3.244770 0.472285 1.634200
v -3.196410 0.547253 1.236220
v -2.825830 0.770380 1.194560
v -2.790630 0.785610 0.907470
v -3.109050 0.126663 2.228140
v -3.085650 0.345819 2.096000
v -3.395380 0.116110 2.164990
v -3.338740 0.250976 2.037590
v -3.513000 0.172726 1.886710
v -3.476230 0.266106 1.726460
v -3.655150 0.135032 1.629600
v -3.639880 0.176543 1.453850
v -3.664360 -0.067911 1.371510
v -3.631290 -0.018384 1.139670
v -3.578170 -0.150158 1.276370
v -3.075310 -0.075511 2.284660
v -3.109050 0.126663 2.228140
v -3.358510 -0.058565 2.248910
v -3.395380 0.116110 2.164990
v -3.527170 0.074019 2.022170
v -3.513000 0.172726 1.886710
v -3.684620 0.062768 1.789350
v -3.655150 0.135032 1.629600
v -3.672430 -0.073669 1.482880
v -3.664360 -0.067911 1.371510
v -2.520950 0.834960 0.997696
v -2.790630 0.785610 0.907470
v -2.536110 0.831000 1.095290
v -2.825830 0.770380 1.194560
v -2.572290 0.813530 1.274150
v -2.930310 0.687220 1.542240
v -2.684930 0.671830 1.700680
v -3.028930 0.502664 1.900180
v -2.717480 0.437311 2.015460
v -3.085650 0.345819 2.096000
v -2.715250 0.165993 2.185420
v -3.109050 0.126663 2.228140
v -2.703110 -0.043533 2.264100
v -3.075310 -0.075511 2.284660
v -2.158400 0.834300 0.820202
v -2.520950 0.834960 0.997696
v -2.256280 0.799640 0.985986
v -2.536110 0.831000 1.095290
v -2.298250 0.765220 1.206990
v -2.572290 0.813530 1.274150
v -2.296060 0.732480 1.501470
v -2.684930 0.671830 1.700680
v -2.205790 0.643000 1.794680
v -2.717480 0.437311 2.015460
v -2.172140 0.366658 2.061670
v -2.715250 0.165993 2.185420
v -2.137520 -0.005518 2.191840
v -2.703110 -0.043533 2.264100
v -2.021160 0.796020 0.850639
v -2.158400 0.834300 0.820202
v -2.030190 0.751100 0.986282
v -2.256280 0.799640 0.985986
v -2.013660 0.720170 1.249390
v -2.298250 0.765220 1.206990
v -1.980390 0.704540 1.572700
v -2.296060 0.732480 1.501470
v -1.996120 0.625440 1.826550
v -2.205790 0.643000 1.794680
v -1.929730 0.367730 2.055850
v -2.172140 0.366658 2.061670
v -1.744730 -0.004853 2.173510
v -2.137520 -0.005518 2.191840
v -1.796160 0.804980 0.891042
v -2.021160 0.796020 0.850639
v -1.807420 0.770760 1.095800
v -2.030190 0.751100 0.986282
v -1.733700 0.742830 1.522520
v -2.013660 0.720170 1.249390
v -1.721810 0.674650 1.829920
v -1.980390 0.704540 1.572700
v -1.582190 0.543689 2.006200
v -1.996120 0.625440 1.826550
v -1.465430 0.283465 2.094000
v -1.929730 0.367730 2.055850
v -1.417600 0.090605 2.114840
v -1.744730 -0.004853 2.173510
v -1.405680 0.913520 1.012490
v -1.796160 0.804980 0.891042
v -1.454530 0.800200 1.313700
v -1.807420 0.770760 1.095800
v -1.552900 0.712380 1.567310
v -1.733700 0.742830 1.522520
v -1.551530 0.611530 1.838690
v -1.721810 0.674650 1.829920
v -1.403850 0.464167 1.971720
v -1.582190 0.543689 2.006200
v -1.338490 0.286781 2.052390
v -1.465430 0.283465 2.094000
v -1.292760 0.075370 2.095170
v -1.417600 0.090605 2.114840
v -1.120720 1.018330 0.862676
v -1.405680 0.913520 1.012490
v -1.147920 0.815530 1.246610
v -1.454530 0.800200 1.313700
v -1.200770 0.664730 1.417480
v -1.552900 0.712380 1.567310
v -1.278900 0.508183 1.630710
v -1.551530 0.611530 1.838690
v -1.115590 0.380963 1.831040
v -1.403850 0.464167 1.971720
v -1.046070 0.322400 1.947760
v -1.338490 0.286781 2.052390
v -1.017770 0.103305 2.046480
v -1.292760 0.075370 2.095170
v -0.645496 1.145660 0.617921
v -1.120720 1.018330 0.862676
v -0.752416 1.028690 0.876792
v -1.147920 0.815530 1.246610
v -0.969076 0.707560 1.339860
v -1.200770 0.664730 1.417480
v -0.910602 0.399080 1.642780
v -1.278900 0.508183 1.630710
v -0.674657 0.322399 1.771670
v -1.115590 0.380963 1.831040
v -0.597781 0.202387 1.928280
v -1.046070 0.322400 1.947760
v -0.626493 0.004476 2.024090
v -1.017770 0.103305 2.046480
v 0.018086 1.084540 0.441525
v -0.645496 1.145660 0.617921
v 0.005537 1.033610 0.602179
v -0.752416 1.028690 0.876792
v -0.115190 0.907540 0.897087
v -0.969076 0.707560 1.339860
v -0.406155 0.532428 1.443750
v -0.910602 0.399080 1.642780
v -0.192546 0.261420 1.744190
v -0.674657 0.322399 1.771670
v -0.179548 0.105853 1.909960
v -0.597781 0.202387 1.928280
v -0.247999 -0.049518 2.003810
v -0.626493 0.004476 2.024090
v 0.516872 0.917970 0.417947
v 0.018086 1.084540 0.441525
v 0.539150 0.882350 0.586922
v 0.005537 1.033610 0.602179
v 0.539252 0.815830 0.792644
v -0.115190 0.907540 0.897087
v 0.316341 0.647600 1.223970
v -0.406155 0.532428 1.443750
v 0.243473 0.381333 1.572740
v -0.192546 0.261420 1.744190
v 0.305671 0.191059 1.737080
v -0.179548 0.105853 1.909960
v 0.289039 -0.008605 1.935110
v -0.247999 -0.049518 2.003810
v 0.943855 0.836110 0.337533
v 0.516872 0.917970 0.417947
v 0.950215 0.817530 0.481411
v 0.539150 0.882350 0.586922
v 0.927775 0.794380 0.633885
v 0.539252 0.815830 0.792644
v 0.939271 0.747210 0.818646
v 0.316341 0.647600 1.223970
v 0.921312 0.560670 1.194320
v 0.243473 0.381333 1.572740
v 0.857323 0.435369 1.423660
v 0.305671 0.191059 1.737080
v 0.760722 0.261885 1.643700
v 0.289039 -0.008605 1.935110
v -3.077670 -0.221292 2.309770
v -3.413370 -0.296351 2.310260
v -3.227500 -0.307631 2.400400
v -3.445900 -0.315431 2.362170
v -3.469720 -0.367519 2.400160
v -3.698930 -0.372020 2.226600
v -3.712830 -0.438660 2.233150
v -3.875140 -0.438660 1.919020
v -3.860820 -0.500797 1.918380
v -3.887340 -0.496295 1.442530
v -3.851210 -0.538491 1.446250
v -3.844470 -0.491792 0.936836
v -3.811190 -0.530693 0.940595
v -3.786820 -0.522893 0.592443
v 1.678620 0.852520 0.028599
v 0.943855 0.836110 0.337533
v 1.664160 0.828070 0.249001
v 0.950215 0.817530 0.481411
v 1.660350 0.807340 0.458057
v 0.927775 0.794380 0.633885
v 1.649030 0.773310 0.663118
v 0.939271 0.747210 0.818646
v 1.630080 0.733710 0.858896
v 0.921312 0.560670 1.194320
v 1.582200 0.629520 1.209740
v 0.857323 0.435369 1.423660
v 1.570690 0.550448 1.376990
v 0.760722 0.261885 1.643700
v 0.725959 0.023144 1.916720
v 0.289039 -0.008605 1.935110
v 0.237330 -0.149988 2.034410
v -0.247999 -0.049518 2.003810
v -0.267035 -0.172083 2.065720
v -0.626493 0.004476 2.024090
v -0.557624 -0.167198 2.079940
v -1.017770 0.103305 2.046480
v -0.954897 -0.145626 2.116200
v -1.292760 0.075370 2.095170
v -1.227610 -0.162631 2.147760
v -1.417600 0.090605 2.114840
v -1.396330 -0.171018 2.162440
v -1.744730 -0.004853 2.173510
v -1.714430 -0.191066 2.186620
v -2.137520 -0.005518 2.191840
v -2.100170 -0.209415 2.228640
v -2.703110 -0.043533 2.264100
v -2.697370 -0.219864 2.309950
v -3.075310 -0.075511 2.284660
v -3.077670 -0.221292 2.309770
v -3.358510 -0.058565 2.248910
v -3.413370 -0.296351 2.310260
v 2.668940 0.575710 0.644842
v 2.734180 0.427150 0.477429
v 2.649410 0.586140 0.470195
v 2.702580 0.356951 0.241254
v 2.607430 0.535558 0.230412
v 2.690580 0.380683 0.070603
v 2.594500 0.542603 0.015712
v 2.618310 0.366831 -0.110432
v 2.543370 0.498522 -0.109371
v 2.539200 0.311815 -0.289118
v 2.448970 0.598680 0.968518
v 2.668940 0.575710 0.644842
v 2.495350 0.693420 0.689182
v 2.649410 0.586140 0.470195
v 2.500490 0.731520 0.403631
v 2.607430 0.535558 0.230412
v 2.452590 0.700140 0.194588
v 2.594500 0.542603 0.015712
v 2.439830 0.692660 0.043275
v 2.543370 0.498522 -0.109371
v 1.975940 0.579760 1.266620
v 2.448970 0.598680 0.968518
v 2.023440 0.705740 0.967998
v 2.495350 0.693420 0.689182
v 2.081700 0.820800 0.721909
v 2.500490 0.731520 0.403631
v 2.141790 0.856910 0.383354
v 2.452590 0.700140 0.194588
v 2.136270 0.839400 0.250994
v 2.439830 0.692660 0.043275
v 2.384640 0.604400 -0.153259
v 2.543370 0.498522 -0.109371
v 2.410370 0.402445 -0.339339
v 2.539200 0.311815 -0.289118
v 0.737904 -0.156947 2.042870
v 1.504950 0.147316 1.922150
v 1.517130 0.302416 1.773030
v 1.958250 0.423153 1.568930
v 1.975940 0.579760 1.266620
v 2.399390 0.476619 1.220750
v 2.448970 0.598680 0.968518
v 2.616000 0.522088 0.886377
v 2.668940 0.575710 0.644842
v 2.731510 0.452925 0.657663
v 2.734180 0.427150 0.477429
v 2.790660 0.278828 0.482984
v 2.743990 0.279617 0.308808
v 2.292450 0.443740 -0.433192
v 2.245620 0.557118 -0.425712
v 2.410370 0.402445 -0.339339
v 2.346080 0.574640 -0.306690
v 2.384640 0.604400 -0.153259
v 2.108910 0.821030 0.081532
v 2.136270 0.839400 0.250994
v -3.660930 -0.554091 2.208700
v -3.445900 -0.561889 2.362170
v -3.469720 -0.509801 2.400160
v -3.238220 -0.514305 2.444060
v -3.242150 -0.438660 2.460050
v -3.037560 -0.438660 2.440190
v -3.053100 -0.387556 2.407470
v -2.629470 -0.438660 2.356860
v -2.672900 -0.371492 2.343770
v -2.057390 -0.438660 2.279970
v -2.079600 -0.300285 2.256450
v -1.676510 -0.438660 2.265550
v -1.683860 -0.317159 2.227700
v -1.350950 -0.438660 2.245670
v -1.365950 -0.304759 2.208270
v -1.179470 -0.438660 2.225310
v -1.215560 -0.305166 2.195760
v -0.866132 -0.438660 2.193330
v -0.894132 -0.286749 2.151310
v -0.547248 -0.438660 2.180790
v -0.559706 -0.252553 2.132840
v -0.228904 -0.438660 2.172930
v -0.221516 -0.287257 2.125010
v 0.234527 -0.438660 2.168780
v 0.223642 -0.277917 2.122730
v 0.733818 -0.438660 2.179530
v 0.737904 -0.156947 2.042870
v 1.497140 -0.037552 2.057590
v 1.504950 0.147316 1.922150
v 1.859440 0.193562 1.889050
v 1.958250 0.423153 1.568930
v 2.347320 0.320103 1.504770
v 2.399390 0.476619 1.220750
v 2.570400 0.391745 1.177340
v 2.616000 0.522088 0.886377
v 2.706960 0.410922 0.832257
v 2.731510 0.452925 0.657663
v 2.790680 0.279603 0.657847
v 2.790660 0.278828 0.482984
v 2.919870 0.203800 0.523535
v 2.743990 0.279617 0.308808
v 2.835440 0.139230 0.207559
v 2.736200 0.220685 0.092435
v 2.881060 0.083308 -0.054486
v 2.688130 0.234315 -0.078849
v 2.825540 0.113937 -0.128918
v 2.647370 0.230825 -0.172890
v 2.637660 0.198379 -0.329516
v 2.539200 0.311815 -0.289118
v 2.520420 0.300785 -0.516125
v 2.410370 0.402445 -0.339339
v 2.407310 0.366431 -0.536320
v 2.292450 0.443740 -0.433192
v 2.229350 0.424166 -0.554063
v 2.245620 0.557118 -0.425712
v 2.222080 0.575480 -0.518682
v 2.013530 0.752830 -0.223643
v 2.158590 0.674990 -0.517149
v 2.058190 0.724860 -0.492578
v 2.024690 0.733800 -0.635990
v -3.821690 -0.546291 1.916650
v -3.660930 -0.554091 2.208700
v -3.698930 -0.505300 2.226600
v -3.469720 -0.509801 2.400160
v -3.478430 -0.438660 2.414070
v -3.242150 -0.438660 2.460050
v -3.238220 -0.363015 2.444060
v -3.053100 -0.387556 2.407470
v 1.644180 0.769830 -0.419212
v 1.640090 0.808140 -0.235896
v 2.013530 0.752830 -0.223643
v 1.678620 0.852520 0.028599
v 2.108910 0.821030 0.081532
v 1.664160 0.828070 0.249001
v 2.136270 0.839400 0.250994
v 1.660350 0.807340 0.458057
v 2.141790 0.856910 0.383354
v 1.649030 0.773310 0.663118
v 2.081700 0.820800 0.721909
v 1.630080 0.733710 0.858896
v 2.023440 0.705740 0.967998
v 1.582200 0.629520 1.209740
v 1.975940 0.579760 1.266620
v 1.570690 0.550448 1.376990
v 1.517130 0.302416 1.773030
v 0.725959 0.023144 1.916720
v 0.737904 -0.156947 2.042870
v 0.237330 -0.149988 2.034410
v 0.223642 -0.277917 2.122730
v -0.267035 -0.172083 2.065720
v -0.221516 -0.287257 2.125010
v -0.557624 -0.167198 2.079940
v -0.559706 -0.252553 2.132840
v -0.954897 -0.145626 2.116200
v -0.894132 -0.286749 2.151310
v -1.227610 -0.162631 2.147760
v -1.215560 -0.305166 2.195760
v -1.396330 -0.171018 2.162440
v -1.365950 -0.304759 2.208270
v -1.714430 -0.191066 2.186620
v -1.683860 -0.317159 2.227700
v -2.100170 -0.209415 2.228640
v -2.079600 -0.300285 2.256450
v -2.697370 -0.219864 2.309950
v -2.672900 -0.371492 2.343770
v -3.077670 -0.221292 2.309770
v -3.053100 -0.387556 2.407470
v -3.227500 -0.307631 2.400400
v -3.238220 -0.363015 2.444060
v -3.469720 -0.367519 2.400160
v -3.478430 -0.438660 2.414070
v -3.712830 -0.438660 2.233150
v -3.698930 -0.505300 2.226600
v -3.860820 -0.500797 1.918380
v -3.821690 -0.546291 1.916650
v -3.851210 -0.538491 1.446250
v 2.053110 0.386193 -1.299620
v 2.021590 0.473433 -1.316630
v 2.059840 0.420297 -1.122670
v 2.036040 0.528491 -1.140420
v 2.111560 0.457910 -0.938280
v 2.071450 0.567530 -0.971460
v 2.099570 0.617100 -0.821340
v 1.966700 0.715060 -0.789500
v 2.024690 0.733800 -0.635990
v 1.838890 0.762750 -0.648540
v 2.058190 0.724860 -0.492578
v 1.867660 0.768270 -0.481973
v 2.013530 0.752830 -0.223643
v 1.635140 0.746310 -0.526561
v 1.644180 0.769830 -0.419212
v 1.945210 0.234064 -1.577110
v 2.053110 0.386193 -1.299620
v 1.991890 0.214110 -1.309740
v 2.059840 0.420297 -1.122670
v 1.963150 0.174201 -1.150180
v 2.079600 0.216337 -1.034720
v 2.048200 0.117172 -1.143320
v 2.243490 -0.007517 -1.146120
v 1.773000 0.206280 -1.791630
v 1.945210 0.234064 -1.577110
v 1.747670 0.200181 -1.628860
v 1.991890 0.214110 -1.309740
v 1.740320 0.225438 -1.241170
v 1.963150 0.174201 -1.150180
v 1.756350 0.266768 -2.007740
v 1.773000 0.206280 -1.791630
v 1.677600 0.257658 -1.799290
v 1.747670 0.200181 -1.628860
v 1.643400 0.250905 -1.637920
v 1.740320 0.225438 -1.241170
v 1.960640 0.462230 -2.274200
v 1.994080 0.385893 -2.274390
v 2.057500 0.405565 -2.448620
v 2.001340 0.323857 -2.409050
v 2.073690 0.343994 -2.582190
v 1.830670 0.464653 -2.297460
v 1.864060 0.496941 -2.031290
v 1.880970 0.451540 -2.294580
v 1.930750 0.456083 -2.024880
v 1.960640 0.462230 -2.274200
v 1.953910 0.391934 -2.023570
v 1.994080 0.385893 -2.274390
v 1.720030 0.532694 -1.666910
v 1.818270 0.529992 -1.875190
v 1.710410 0.515636 -1.833560
v 1.801130 0.499933 -2.046030
v 1.737620 0.479674 -2.046360
v 1.830670 0.464653 -2.297460
v 1.624900 0.524731 -1.648640
v 1.720030 0.532694 -1.666910
v 1.648790 0.490705 -1.841350
v 1.710410 0.515636 -1.833560
v 1.678990 0.453085 -2.074480
v 1.737620 0.479674 -2.046360
v 1.529300 0.448693 -1.653420
v 1.624900 0.524731 -1.648640
v 1.586320 0.442309 -1.835090
v 1.648790 0.490705 -1.841350
v 1.655950 0.405609 -2.082270
v 1.678990 0.453085 -2.074480
v 1.544090 0.347772 -1.642060
v 1.529300 0.448693 -1.653420
v 1.601290 0.349036 -1.828470
v 1.586320 0.442309 -1.835090
v 1.663490 0.352113 -2.047300
v 1.655950 0.405609 -2.082270
v 2.059220 0.236276 -2.791420
v 2.187490 0.361625 -2.722880
v 2.073690 0.343994 -2.582190
v 2.113590 0.412988 -2.573190
v 2.057500 0.405565 -2.448620
v 2.091540 0.508369 -2.593780
v 2.021370 0.506901 -2.443070
v 1.911790 0.511457 -2.457110
v 1.880970 0.451540 -2.294580
v 1.848270 0.558306 -2.488600
v 1.830670 0.464653 -2.297460
v 1.771420 0.507440 -2.330360
v 1.737620 0.479674 -2.046360
v 1.718320 0.483136 -2.336810
v 1.678990 0.453085 -2.074480
v 1.700800 0.385590 -2.356130
v 1.655950 0.405609 -2.082270
v 1.736430 0.298206 -2.305020
v 1.663490 0.352113 -2.047300
v 1.756350 0.266768 -2.007740
v 1.601290 0.349036 -1.828470
v 1.677600 0.257658 -1.799290
v 1.544090 0.347772 -1.642060
v 1.643400 0.250905 -1.637920
v 1.945630 0.264458 -2.438050
v 1.972650 0.333836 -2.290190
v 1.884320 0.263339 -2.285740
v 1.947260 0.293927 -2.004570
v 1.828660 0.234810 -2.038690
v 1.921880 0.254018 -1.718960
v 2.048200 -0.994492 -1.143320
v 2.243490 -0.869803 -1.146120
v 2.249660 -0.969930 -1.054040
v 2.422300 -0.932829 -1.072260
v 2.457060 -0.978526 -0.962300
v 2.515310 -0.921935 -1.068400
v 2.549320 -0.973816 -0.896550
v 2.663020 -0.916809 -1.001830
v 3.045720 -0.176919 -0.329126
v 3.065540 -0.438660 -0.350108
v 2.970900 -0.438660 -0.521004
v 2.960120 -0.723403 -0.503167
v 2.931760 -0.438660 -0.691000
v 2.928790 -0.750714 -0.668810
v 2.896230 -0.438660 -0.880900
v 2.893100 -0.770709 -0.863510
v 2.821380 -0.438660 -0.992870
v 2.824360 -0.793673 -0.968600
v 2.706960 -0.438660 -1.090190
v 2.721130 -0.801038 -1.081760
v 2.534230 -0.438660 -1.178420
v 2.545260 -0.824970 -1.154640
v 2.348180 -0.438660 -1.185940
v 2.396610 -0.828632 -1.154580
v 2.167170 -0.438660 -1.157670
v 2.243490 -0.869803 -1.146120
v 1.920430 -0.438660 -1.128740
v 2.048200 -0.994492 -1.143320
v 1.963150 -1.051520 -1.150180
v 3.747720 0.080002 1.623590
v 4.041660 0.058262 1.478420
v 3.823140 0.022859 1.291710
v 4.068250 -0.037847 1.237590
v 3.849350 -0.051462 1.103110
v 4.105200 -0.138659 1.111240
v 3.861840 -0.126699 0.999298
v 1.929730 0.250878 -2.859760
v 2.059220 0.236276 -2.791420
v 1.998100 0.280195 -2.601290
v 2.073690 0.343994 -2.582190
v 1.945630 0.264458 -2.438050
v 2.001340 0.323857 -2.409050
v 1.972650 0.333836 -2.290190
v 1.994080 0.385893 -2.274390
v 1.947260 0.293927 -2.004570
v 1.953910 0.391934 -2.023570
v 2.024530 0.372624 -1.756670
v 1.930750 0.456083 -2.024880
v 1.985330 0.454485 -1.782660
v 1.864060 0.496941 -2.031290
v 1.906370 0.526227 -1.843620
v 1.818270 0.529992 -1.875190
v 1.839220 0.559691 -1.670610
v 1.720030 0.532694 -1.666910
v 1.717140 0.565430 -1.370870
v 1.624900 0.524731 -1.648640
v 1.572980 0.547163 -1.388930
v 1.529300 0.448693 -1.653420
v 1.508710 0.495699 -1.369920
v 1.544090 0.347772 -1.642060
v 1.473890 0.360916 -1.380290
v 1.643400 0.250905 -1.637920
v 1.596750 0.245995 -1.283370
v 1.740320 0.225438 -1.241170
v 1.721210 0.163272 -1.151530
v 1.963150 0.174201 -1.150180
v 1.920430 -0.438660 -1.128740
v 2.048200 0.117172 -1.143320
v 2.167170 -0.438660 -1.157670
v 2.243490 -0.007517 -1.146120
v 2.348180 -0.438660 -1.185940
v 2.396610 -0.048688 -1.154580
v 2.534230 -0.438660 -1.178420
v 2.545260 -0.052350 -1.154640
v 2.706960 -0.438660 -1.090190
v 2.721130 -0.076282 -1.081760
v 2.821380 -0.438660 -0.992870
v 2.824360 -0.083647 -0.968600
v 2.896230 -0.438660 -0.880900
v 2.893100 -0.106611 -0.863510
v 2.931760 -0.438660 -0.691000
v 2.928790 -0.126606 -0.668810
v 2.970900 -0.438660 -0.521004
v 2.960120 -0.153917 -0.503167
v 3.045720 -0.176919 -0.329126
v 2.857670 -0.047465 -0.491965
v 2.993070 -0.096064 -0.269774
v 2.910770 -0.007469 -0.199784
v 3.053140 -0.111729 -0.171021
v 2.986410 -0.009696 0.025157
v 3.286430 -0.162329 0.137916
v 3.199570 -0.058510 0.284921
v 3.438950 -0.181645 0.356080
v 3.378800 -0.083298 0.512396
v 3.674710 -0.130820 0.777499
v 3.641200 -0.076462 0.846114
v 3.861840 -0.126699 0.999298
v 3.619650 -0.046918 0.910706
v 3.849350 -0.051462 1.103110
v 3.559390 0.013875 1.145180
v 3.823140 0.022859 1.291710
v 3.528450 0.050783 1.498790
v 3.747720 0.080002 1.623590
v 3.473410 0.015998 1.804810
v -3.556550 -0.719290 1.143540
v -3.599080 -0.438660 1.234880
v -3.566990 -0.438660 1.095630
v -3.578170 -0.150158 1.276370
v -3.556550 -0.158030 1.143540
v -3.631290 -0.018384 1.139670
v -3.570380 0.085820 0.824224
v -3.582870 0.259127 1.173080
v -3.504520 0.408406 0.844234
v -3.379130 0.447336 1.206570
v -3.306870 0.548960 0.818373
v -3.196410 0.547253 1.236220
v -3.112560 0.646160 0.896036
v -2.790630 0.785610 0.907470
v -2.787010 0.798690 0.703155
v -2.520950 0.834960 0.997696
v -2.473750 0.878030 0.739605
v -2.158400 0.834300 0.820202
v -2.070410 0.896450 0.646426
v -2.021160 0.796020 0.850639
v -1.932920 0.865930 0.671632
v -1.796160 0.804980 0.891042
v -1.810920 0.853600 0.726252
v -1.405680 0.913520 1.012490
v -1.479590 1.001380 0.734406
v -1.120720 1.018330 0.862676
v -1.077310 1.114730 0.603668
v -0.645496 1.145660 0.617921
v -0.536767 1.243570 0.294206
v 0.018086 1.084540 0.441525
v 0.034087 1.104290 0.213601
v 0.516872 0.917970 0.417947
v 0.542386 0.931720 0.250433
v 0.943855 0.836110 0.337533
v 0.960321 0.804470 0.130608
v 1.678620 0.852520 0.028599
v 1.373220 0.667590 -0.125960
v 1.640090 0.808140 -0.235896
v 1.428880 0.695250 -0.548030
v 1.644180 0.769830 -0.419212
v 1.536040 0.746940 -0.547216
v 1.635140 0.746310 -0.526561
v 1.524410 0.703590 -0.686650
v 1.645820 0.735110 -0.648780
v 1.601720 0.702760 -0.823700
v 1.805210 0.726660 -0.829770
v 1.801790 0.690620 -1.026800
v 1.974220 0.630290 -1.030550
v 1.804930 0.650540 -1.143290
v 1.937010 0.588180 -1.186760
v 1.941770 0.558794 -1.320800
v 2.021590 0.473433 -1.316630
v 2.013090 0.472383 -1.613250
v 2.053110 0.386193 -1.299620
v 2.047700 0.376052 -1.611480
v 1.945210 0.234064 -1.577110
v 1.921880 0.254018 -1.718960
v 1.773000 0.206280 -1.791630
v 1.828660 0.234810 -2.038690
v 1.756350 0.266768 -2.007740
v 1.884320 0.263339 -2.285740
v 1.841280 0.269349 -2.277350
v 1.945630 0.264458 -2.438050
v 1.857470 0.231328 -2.512060
v 1.998100 0.280195 -2.601290
v 1.900480 0.289961 -2.693270
v 1.929730 0.250878 -2.859760
v 1.806410 0.395795 -2.734680
v 1.832790 0.426418 -2.857850
v 1.811800 0.494436 -2.696980
v 1.841890 0.576110 -2.807340
v 1.855130 0.547469 -2.644570
v 1.886440 0.608660 -2.753080
v 1.898570 0.555678 -2.629610
v 1.970050 0.626520 -2.703200
v 1.980620 0.525577 -2.605240
v 2.110030 0.630160 -2.709600
v 2.170040 0.540206 -2.695840
v 2.148880 0.637540 -2.782960
v 2.201940 0.557843 -2.787800
v 2.247980 0.688800 -2.904140
v 2.281230 0.604820 -2.899590
v 2.343300 0.756600 -3.069190
v 2.386830 0.697820 -3.023560
v 2.440240 0.580760 -3.070900
v 2.281230 0.604820 -2.899590
v 2.327020 0.519574 -2.913660
v 2.236410 0.453370 -2.781390
v 2.235940 0.385295 -2.804440
v 2.187490 0.361625 -2.722880
v 2.107990 0.238347 -2.924910
v 2.059220 0.236276 -2.791420
v 1.941320 0.262654 -2.996140
v 1.929730 0.250878 -2.859760
v 1.839520 0.444828 -2.966630
v 1.832790 0.426418 -2.857850
v 1.841890 0.576110 -2.807340
v 1.210550 -1.015500 -1.021400
v 0.912989 -0.858207 -1.060650
v 1.223420 -0.873182 -1.094000
v 0.927497 -0.438660 -1.119830
v 1.289450 -0.438660 -1.107940
v 0.912989 -0.019113 -1.060650
v 1.223420 -0.004138 -1.094000
v 0.912699 0.137525 -1.016410
v 1.210550 0.138181 -1.021400
v 0.922703 0.289647 -0.857370
v 1.192040 0.240047 -0.891950
v 0.930660 0.392536 -0.777860
v 1.219160 0.384369 -0.779680
v 0.956456 0.482403 -0.631840
v 1.230120 0.455883 -0.646780
v 0.939974 0.581150 -0.456079
v 1.252960 0.562980 -0.490165
v 0.948819 0.664300 -0.199908
v 1.373220 0.667590 -0.125960
v 0.974530 0.701690 -0.086613
v 0.960321 0.804470 0.130608
v 0.546875 0.924580 0.047720
v 0.542386 0.931720 0.250433
v 0.010486 1.137640 -0.063657
v 0.034087 1.104290 0.213601
v -0.533528 1.262750 -0.143620
v -0.536767 1.243570 0.294206
v -1.053430 1.251590 0.096107
v -1.077310 1.114730 0.603668
v -1.489700 1.072330 0.414445
v -1.479590 1.001380 0.734406
v -1.795130 0.932500 0.472099
v -1.810920 0.853600 0.726252
v -1.897390 0.927140 0.476512
v -1.932920 0.865930 0.671632
v -2.064790 0.973210 0.457449
v -2.070410 0.896450 0.646426
v -2.433370 0.932610 0.516882
v -2.473750 0.878030 0.739605
v -2.687020 0.851910 0.515441
v -2.787010 0.798690 0.703155
v -3.044650 0.726270 0.662981
v -3.112560 0.646160 0.896036
v -3.251180 0.614780 0.613723
v -3.306870 0.548960 0.818373
v -3.424260 0.479619 0.597298
v -3.504520 0.408406 0.844234
v -3.520190 0.179901 0.578824
v -3.570380 0.085820 0.824224
v -3.536650 -0.116660 0.880937
v -3.556550 -0.158030 1.143540
v -3.544510 -0.438660 0.905807
v -3.566990 -0.438660 1.095630
v -3.536650 -0.760660 0.880937
v -3.556550 -0.719290 1.143540
v -3.631290 -0.858936 1.139670
v 1.643400 -1.128220 -1.637920
v 1.596750 -1.123310 -1.283370
v 1.747670 -1.077500 -1.628860
v 1.740320 -1.102760 -1.241170
v 1.945210 -1.111380 -1.577110
v 1.991890 -1.091430 -1.309740
v 1.677600 -1.134980 -1.799290
v 1.643400 -1.128220 -1.637920
v 1.773000 -1.083600 -1.791630
v 1.747670 -1.077500 -1.628860
v 1.921880 -1.131340 -1.718960
v 1.945210 -1.111380 -1.577110
v 1.451830 -1.141420 -1.138200
v 1.599890 -1.061840 -1.156870
v 1.473890 -1.238240 -1.380290
v 1.596750 -1.123310 -1.283370
v 1.544090 -1.225090 -1.642060
v 1.643400 -1.128220 -1.637920
v 1.601290 -1.226360 -1.828470
v 1.677600 -1.134980 -1.799290
v 1.663490 -1.229430 -2.047300
v 1.328860 -1.197390 -0.913970
v 1.210550 -1.015500 -1.021400
v 1.451830 -1.141420 -1.138200
v 1.223420 -0.873182 -1.094000
v 1.599890 -1.061840 -1.156870
v 1.604940 -0.438660 -1.118340
v 1.721210 -1.040590 -1.151530
v 1.963150 -1.051520 -1.150180
v 1.991890 -1.091430 -1.309740
v -0.063012 -1.303740 -1.144360
v 0.489819 -1.111050 -1.086290
v 0.538756 -1.203570 -0.969940
v 0.912699 -1.014840 -1.016410
v 0.922703 -1.166970 -0.857370
v 1.192040 -1.117370 -0.891950
v 1.219160 -1.261690 -0.779680
v 1.348220 -1.283860 -0.843400
v 1.310870 -1.353500 -0.697660
v 1.438440 -1.536730 -0.709370
v -0.535144 -1.359220 -1.177320
v -0.422877 -1.262080 -1.312540
v -0.063012 -1.303740 -1.144360
v -0.078470 -1.238890 -1.249610
v 0.489819 -1.111050 -1.086290
v -0.094135 -0.995584 -1.330430
v -0.112666 -0.821984 -1.367920
v -0.530369 -0.438660 -1.422150
v -0.112666 -0.821984 -1.367920
v -0.523838 -0.826667 -1.411400
v -0.094135 -0.995584 -1.330430
v -0.543078 -1.002480 -1.371810
v -0.422877 -1.262080 -1.312540
v -0.564074 -1.241850 -1.350740
v -0.535144 -1.359220 -1.177320
v -0.680046 -1.257740 -1.329660
v -0.972514 -0.066011 -1.384120
v -0.530369 -0.438660 -1.422150
v -0.956007 -0.438660 -1.387070
v -0.523838 -0.826667 -1.411400
v -0.972514 -0.811309 -1.384120
v -0.543078 -1.002480 -1.371810
v -0.977375 -0.937407 -1.354470
v -0.680046 -1.257740 -1.329660
v -0.812845 -1.207170 -1.346760
v -0.535144 -1.359220 -1.177320
v -1.376190 -1.157610 -1.223330
v -1.397470 -1.009200 -1.255150
v -1.266740 -0.996582 -1.253280
v -1.406690 -0.889059 -1.258660
v -1.305100 -0.922890 -1.269800
v -1.386500 -0.789483 -1.279780
v -0.972514 -0.811309 -1.384120
v -1.395730 -0.438660 -1.285150
v -0.956007 -0.438660 -1.387070
v -1.386500 -0.087837 -1.279780
v -0.972514 -0.066011 -1.384120
v -1.305100 0.045570 -1.269800
v -1.108760 0.034373 -1.332090
v -1.266740 0.119262 -1.253280
v -3.392810 -0.438660 2.208020
v -3.358510 -0.058565 2.248910
v -3.519720 -0.121530 2.123890
v -3.527170 0.074019 2.022170
v -3.697970 -0.005228 1.905360
v -3.684620 0.062768 1.789350
v -3.695870 -0.121831 1.595640
v -3.672430 -0.073669 1.482880
v -3.358510 -0.818755 2.248910
v -3.392810 -0.438660 2.208020
v -3.507690 -0.438660 2.138870
v -3.519720 -0.121530 2.123890
v -3.734990 -0.143458 2.028090
v -3.697970 -0.005228 1.905360
v -3.701630 -0.168191 1.711310
v -3.695870 -0.121831 1.595640
v -3.085650 -1.223140 2.096000
v -3.338740 -1.128300 2.037590
v -3.278080 -1.292620 1.871080
v -3.513000 -1.050050 1.886710
v -3.476230 -1.143430 1.726460
v -3.519720 -0.755790 2.123890
v -3.527170 -0.951339 2.022170
v -3.395380 -0.993430 2.164990
v -3.338740 -1.128300 2.037590
v -3.109050 -1.003980 2.228140
v -3.085650 -1.223140 2.096000
v -2.717480 -1.314630 2.015460
v -3.655150 -1.012350 1.629600
v -3.476230 -1.143430 1.726460
v -3.684620 -0.940088 1.789350
v -3.513000 -1.050050 1.886710
v -3.697970 -0.872092 1.905360
v -3.527170 -0.951339 2.022170
v -3.734990 -0.733862 2.028090
v -3.519720 -0.755790 2.123890
v -3.672430 -0.803651 1.482880
v -3.655150 -1.012350 1.629600
v -3.695870 -0.755489 1.595640
v -3.684620 -0.940088 1.789350
v -3.701630 -0.709129 1.711310
v -3.697970 -0.872092 1.905360
v -3.709740 -0.650405 1.789850
v -3.734990 -0.733862 2.028090
v -3.623860 -0.438660 1.350220
v -3.672430 -0.803651 1.482880
v -3.622330 -0.438660 1.444040
v -3.695870 -0.755489 1.595640
v -3.608590 -0.438660 1.602240
v -3.701630 -0.709129 1.711310
v -3.601670 -0.438660 1.731710
v -3.709740 -0.650405 1.789850
v -3.709830 -0.438660 1.856420
v -3.734990 -0.733862 2.028090
v -3.690690 -0.438660 2.040740
v -3.519720 -0.755790 2.123890
v -2.296060 -1.609800 1.501470
v -2.717480 -1.314630 2.015460
v -2.684930 -1.549150 1.700680
v -3.085650 -1.223140 2.096000
v -3.028930 -1.379980 1.900180
v -3.278080 -1.292620 1.871080
v -3.244770 -1.349600 1.634200
v -3.476230 -1.143430 1.726460
v -3.442150 -1.201590 1.544150
v -3.655150 -1.012350 1.629600
v -3.639880 -1.053860 1.453850
v -3.672430 -0.803651 1.482880
v -3.664360 -0.809409 1.371510
v -3.623860 -0.438660 1.350220
v -3.578170 -0.727162 1.276370
v -2.013660 -1.597490 1.249390
v -2.296060 -1.609800 1.501470
v -2.298250 -1.642540 1.206990
v -2.684930 -1.549150 1.700680
v -2.572290 -1.690850 1.274150
v -3.028930 -1.379980 1.900180
v -2.930310 -1.564540 1.542240
v -3.244770 -1.349600 1.634200
v -3.196410 -1.424570 1.236220
v -3.442150 -1.201590 1.544150
v -3.379130 -1.324660 1.206570
v -3.639880 -1.053860 1.453850
v -3.582870 -1.136450 1.173080
v -3.664360 -0.809409 1.371510
v -1.807420 -1.648080 1.095800
v -2.013660 -1.597490 1.249390
v -2.030190 -1.628420 0.986282
v -2.298250 -1.642540 1.206990
v -2.256280 -1.676960 0.985986
v -2.572290 -1.690850 1.274150
v -2.536110 -1.708320 1.095290
v -2.930310 -1.564540 1.542240
v -2.825830 -1.647700 1.194560
v -3.196410 -1.424570 1.236220
v -3.112560 -1.523480 0.896036
v -3.379130 -1.324660 1.206570
v -3.306870 -1.426280 0.818373
v -3.582870 -1.136450 1.173080
v -1.405680 -1.790840 1.012490
v -1.807420 -1.648080 1.095800
v -1.796160 -1.682300 0.891042
v -2.030190 -1.628420 0.986282
v -2.021160 -1.673340 0.850639
v -2.256280 -1.676960 0.985986
v -2.158400 -1.711620 0.820202
v -2.536110 -1.708320 1.095290
v -2.520950 -1.712280 0.997696
v -2.825830 -1.647700 1.194560
v -2.790630 -1.662930 0.907470
v -3.112560 -1.523480 0.896036
v -3.044650 -1.603590 0.662981
v -3.306870 -1.426280 0.818373
v -1.077310 -1.992050 0.603668
v -1.405680 -1.790840 1.012490
v -1.479590 -1.878700 0.734406
v -1.796160 -1.682300 0.891042
v -1.810920 -1.730920 0.726252
v -2.021160 -1.673340 0.850639
v -1.932920 -1.743250 0.671632
v -2.158400 -1.711620 0.820202
v -2.070410 -1.773770 0.646426
v -2.520950 -1.712280 0.997696
v -2.473750 -1.755350 0.739605
v -2.790630 -1.662930 0.907470
v -2.787010 -1.676010 0.703155
v -3.044650 -1.603590 0.662981
v -0.533528 -2.140070 -0.143620
v -1.077310 -1.992050 0.603668
v -1.053430 -2.128910 0.096107
v -1.479590 -1.878700 0.734406
v -1.489700 -1.949650 0.414445
v -1.810920 -1.730920 0.726252
v -1.795130 -1.809820 0.472099
v -1.932920 -1.743250 0.671632
v -1.897390 -1.804460 0.476512
v -2.070410 -1.773770 0.646426
v -2.064790 -1.850530 0.457449
v -2.473750 -1.755350 0.739605
v -2.433370 -1.809930 0.516882
v -2.787010 -1.676010 0.703155
v 0.021051 -1.950210 -0.393271
v -0.533528 -2.140070 -0.143620
v -0.505045 -2.084270 -0.475167
v -1.053430 -2.128910 0.096107
v -1.077210 -2.071800 -0.430989
v -1.489700 -1.949650 0.414445
v -1.395500 -1.991920 -0.260042
v -1.795130 -1.809820 0.472099
v -1.802860 -1.839970 0.156137
v -1.897390 -1.804460 0.476512
v -1.950550 -1.815690 0.163087
v -2.064790 -1.850530 0.457449
v -2.187630 -1.845560 0.063206
v -2.433370 -1.809930 0.516882
v 0.527724 -1.692470 -0.424194
v 0.021051 -1.950210 -0.393271
v -0.041570 -1.833840 -0.705170
v -0.505045 -2.084270 -0.475167
v -0.487217 -1.942690 -0.754860
v -1.077210 -2.071800 -0.430989
v -1.061270 -1.934890 -0.703220
v -1.395500 -1.991920 -0.260042
v -1.376180 -1.890270 -0.510097
v -1.802860 -1.839970 0.156137
v -1.837860 -1.734510 -0.102211
v -1.950550 -1.815690 0.163087
v -2.033650 -1.716300 -0.087352
v -2.187630 -1.845560 0.063206
v 0.956456 -1.359720 -0.631840
v 0.527724 -1.692470 -0.424194
v 0.544825 -1.535560 -0.694460
v -0.041570 -1.833840 -0.705170
v -0.071941 -1.676040 -0.908330
v -0.487217 -1.942690 -0.754860
v -0.524231 -1.751680 -0.960610
v -1.061270 -1.934890 -0.703220
v -1.001370 -1.792000 -0.897240
v -1.376180 -1.890270 -0.510097
v -1.402350 -1.747710 -0.689190
v -1.837860 -1.734510 -0.102211
v -1.782930 -1.612280 -0.332126
v -2.033650 -1.716300 -0.087352
v -0.952525 -1.607310 -1.001920
v -1.407660 -1.551590 -0.797370
v -1.198510 -1.324090 -1.017440
v -1.366870 -1.346230 -0.901550
v -1.376190 -1.157610 -1.223330
v 1.230120 -1.333200 -0.646780
v 0.956456 -1.359720 -0.631840
v 0.930660 -1.269860 -0.777860
v 0.544825 -1.535560 -0.694460
v 0.530629 -1.368500 -0.877760
v -0.071941 -1.676040 -0.908330
v -0.072300 -1.526060 -1.011590
v -0.524231 -1.751680 -0.960610
v -0.526127 -1.606400 -1.056340
v -1.001370 -1.792000 -0.897240
v -0.952525 -1.607310 -1.001920
v -1.402350 -1.747710 -0.689190
v -1.407660 -1.551590 -0.797370
v -1.782930 -1.612280 -0.332126
v -1.226560 0.248683 -1.216500
v -1.266740 0.119262 -1.253280
v -1.376190 0.280294 -1.223330
v -1.397470 0.131881 -1.255150
v -1.480220 0.167978 -1.217940
v -1.406690 0.011739 -1.258660
v -1.519340 0.063081 -1.215120
v -1.386500 -0.087837 -1.279780
v -1.576200 -0.080514 -1.257660
v -1.395730 -0.438660 -1.285150
v -1.610030 -0.438660 -1.272910
v -1.386500 -0.789483 -1.279780
v -1.576200 -0.796806 -1.257660
v -1.406690 -0.889059 -1.258660
v -1.519340 -0.940401 -1.215120
v -1.397470 -1.009200 -1.255150
v -1.480220 -1.045300 -1.217940
v -1.376190 -1.157610 -1.223330
v -1.552230 -1.174370 -1.116420
v -1.366870 -1.346230 -0.901550
v -1.456660 -1.332900 -0.856870
v -1.407660 -1.551590 -0.797370
v -1.757570 -1.514490 -0.506677
v -1.782930 -1.612280 -0.332126
v -2.050290 -1.552830 -0.316906
v -2.033650 -1.716300 -0.087352
v -2.276340 -1.706690 -0.251163
v -2.187630 -1.845560 0.063206
v -2.414730 -1.834040 0.330283
v -2.433370 -1.809930 0.516882
v -2.687020 -1.729230 0.515441
v -2.787010 -1.676010 0.703155
v -2.971550 -1.654630 0.470698
v -3.044650 -1.603590 0.662981
v -3.251180 -1.492100 0.613723
v -3.306870 -1.426280 0.818373
v -3.504520 -1.285730 0.844234
v -3.582870 -1.136450 1.173080
v -3.631290 -0.858936 1.139670
v -3.664360 -0.809409 1.371510
v -3.556550 -0.719290 1.143540
v -3.578170 -0.727162 1.276370
v -3.599080 -0.438660 1.234880
v -3.623860 -0.438660 1.350220
v -3.664360 -0.067911 1.371510
v -3.622330 -0.438660 1.444040
v -3.672430 -0.073669 1.482880
v -3.608590 -0.438660 1.602240
v -3.695870 -0.121831 1.595640
v -3.601670 -0.438660 1.731710
v -3.701630 -0.168191 1.711310
v -3.709740 -0.226915 1.789850
v -3.734990 -0.143458 2.028090
v -3.690690 -0.438660 2.040740
v -3.507690 -0.438660 2.138870
v -3.519720 -0.755790 2.123890
v -3.358510 -0.818755 2.248910
v -3.395380 -0.993430 2.164990
v -3.075310 -0.801809 2.284660
v -3.109050 -1.003980 2.228140
v -2.715250 -1.043310 2.185420
v -2.717480 -1.314630 2.015460
v -2.205790 -1.520320 1.794680
v -2.296060 -1.609800 1.501470
v -1.980390 -1.581860 1.572700
v -2.013660 -1.597490 1.249390
v -1.733700 -1.620150 1.522520
v -1.807420 -1.648080 1.095800
v -1.454530 -1.677520 1.313700
v -1.405680 -1.790840 1.012490
v -1.120720 -1.895650 0.862676
v -1.077310 -1.992050 0.603668
v -0.536767 -2.120890 0.294206
v -0.533528 -2.140070 -0.143620
v 0.010486 -2.014960 -0.063657
v 0.021051 -1.950210 -0.393271
v 0.550658 -1.769970 -0.194355
v 0.527724 -1.692470 -0.424194
v 0.939974 -1.458470 -0.456079
v 0.956456 -1.359720 -0.631840
v 1.252960 -1.440300 -0.490165
v 1.230120 -1.333200 -0.646780
v 1.337880 -1.459960 -0.507056
v 1.524410 -1.580910 -0.686650
v 1.438440 -1.536730 -0.709370
v 1.430820 -1.463580 -0.862550
v 1.348220 -1.283860 -0.843400
v 1.328860 -1.197390 -0.913970
v 1.192040 -1.117370 -0.891950
v 1.210550 -1.015500 -1.021400
v 0.912699 -1.014840 -1.016410
v 0.912989 -0.858207 -1.060650
v 0.489819 -1.111050 -1.086290
v 0.480235 -0.840621 -1.192860
v -0.112666 -0.821984 -1.367920
v -0.155114 -0.438660 -1.389620
v -0.530369 -0.438660 -1.422150
v -0.523838 -0.050653 -1.411400
v -0.972514 -0.066011 -1.384120
v -0.977375 0.060087 -1.354470
v -1.108760 0.034373 -1.332090
v -1.089640 0.246494 -1.318540
v -1.266740 0.119262 -1.253280
v -1.091170 0.288582 -1.268460
v -1.226560 0.248683 -1.216500
v -1.200690 0.360528 -1.138910
v -1.376190 0.280294 -1.223330
v -1.366870 0.468907 -0.901550
v -1.456660 0.455580 -0.856870
v -1.407660 0.674270 -0.797370
v -1.782300 0.504721 -0.581920
v -1.757570 0.637170 -0.506677
v -2.033410 0.525560 -0.471370
v -2.043590 0.590220 -0.437163
v -2.306660 0.522578 -0.678320
v -2.299360 0.606030 -0.586790
v -2.462840 0.527735 -0.866840
v -2.566750 0.728440 -0.772650
v -2.687160 0.549388 -1.101150
v -2.765070 0.645650 -1.122500
v -2.837150 0.482903 -1.353070
v -2.918290 0.566000 -1.465520
v -2.892440 0.439460 -1.512150
v -2.969690 0.544176 -1.659280
v -2.981190 0.419693 -1.704060
v -3.007480 0.545619 -1.832050
v -3.030610 0.445670 -1.872560
v -3.022820 0.540488 -2.083580
v -3.046610 0.462112 -2.072220
v -3.016420 0.528011 -2.326430
v -3.040040 0.475954 -2.342230
v -3.008410 0.465975 -2.461100
v -3.069810 0.406576 -2.490100
v -2.928680 0.486112 -2.634230
v -3.011990 0.422313 -2.653340
v -2.944620 0.378394 -2.843460
v -3.087340 0.392996 -2.911800
v -3.074560 0.404772 -3.048190
v 1.736430 -1.175530 -2.305020
v 1.700800 -1.262910 -2.356130
v 1.663490 -1.229430 -2.047300
v 1.655950 -1.282930 -2.082270
v 1.601290 -1.226360 -1.828470
v 1.586320 -1.319630 -1.835090
v 1.544090 -1.225090 -1.642060
v 1.529300 -1.326010 -1.653420
v 1.473890 -1.238240 -1.380290
v 1.508710 -1.373020 -1.369920
v 1.451830 -1.141420 -1.138200
v 1.480630 -1.392110 -1.201470
v 1.328860 -1.197390 -0.913970
v 1.454820 -1.415230 -0.991570
v 1.430820 -1.463580 -0.862550
v 1.497480 -1.526920 -0.844540
v 1.524410 -1.580910 -0.686650
v 1.645820 -1.612430 -0.648780
v 2.091540 -1.385690 -2.593780
v 2.021370 -1.384220 -2.443070
v 1.980620 -1.402900 -2.605240
v 1.911790 -1.388780 -2.457110
v 1.848270 -1.435630 -2.488600
v 1.830670 -1.341970 -2.297460
v 1.806370 -1.422720 -2.511070
v 1.771420 -1.384760 -2.330360
v 1.734570 -1.425060 -2.527220
v 1.718320 -1.360460 -2.336810
v 1.705950 -1.271290 -2.567970
v 1.700800 -1.262910 -2.356130
v 1.776020 -1.146230 -2.541430
v 1.736430 -1.175530 -2.305020
v 1.841280 -1.146670 -2.277350
v 1.663490 -1.229430 -2.047300
v 1.756350 -1.144090 -2.007740
v 1.677600 -1.134980 -1.799290
v 1.828660 -1.112130 -2.038690
v 1.773000 -1.083600 -1.791630
v 1.947260 -1.171250 -2.004570
v 1.921880 -1.131340 -1.718960
v 1.972650 -1.211160 -2.290190
v 2.001340 -1.201180 -2.409050
v 1.884320 -1.140660 -2.285740
v 1.945630 -1.141780 -2.438050
v 1.857470 -1.108650 -2.512060
v 1.900480 -1.167280 -2.693270
v 1.832790 -1.303740 -2.857850
v 1.806410 -1.273110 -2.734680
v 1.841890 -1.453430 -2.807340
v 1.811800 -1.371760 -2.696980
v 1.886440 -1.485980 -2.753080
v 1.855130 -1.424790 -2.644570
v 1.970050 -1.503840 -2.703200
v 1.898570 -1.433000 -2.629610
v 2.110030 -1.507480 -2.709600
v 1.980620 -1.402900 -2.605240
v 2.170040 -1.417530 -2.695840
v 2.091540 -1.385690 -2.593780
v 2.113590 -1.290310 -2.573190
v 2.021370 -1.384220 -2.443070
v 2.057500 -1.282880 -2.448620
v 1.994080 -1.263210 -2.274390
v 1.972650 -1.211160 -2.290190
v 1.953910 -1.269250 -2.023570
v 1.741850 -1.139360 -2.675520
v 1.857470 -1.108650 -2.512060
v 1.900480 -1.167280 -2.693270
v 1.945630 -1.141780 -2.438050
v 1.998100 -1.157510 -2.601290
v 2.001340 -1.201180 -2.409050
v 2.073690 -1.221310 -2.582190
v 2.113590 -1.290310 -2.573190
v 2.217370 -1.327590 -2.717430
v 2.170040 -1.417530 -2.695840
v 2.236410 -1.330690 -2.781390
v 2.201940 -1.435160 -2.787800
v 2.327020 -1.396890 -2.913660
v 2.281230 -1.482140 -2.899590
v 2.386830 -1.575140 -3.023560
v 2.247980 -1.566120 -2.904140
v 2.343300 -1.633920 -3.069190
v 2.138770 -1.653390 -2.959020
v 2.254360 -1.673780 -3.112270
v 1.981190 -1.619190 -3.002620
v 2.025470 -1.643500 -3.118180
v 1.919390 -1.549530 -3.048420
v 1.933900 -1.351100 -3.107590
v 1.839520 -1.322150 -2.966630
v 1.941320 -1.139970 -2.996140
v 1.832790 -1.303740 -2.857850
v 1.929730 -1.128200 -2.859760
v 1.900480 -1.167280 -2.693270
v 2.059220 -1.113600 -2.791420
v 1.998100 -1.157510 -2.601290
v 2.187490 -1.238940 -2.722880
v 2.073690 -1.221310 -2.582190
v 2.217370 -1.327590 -2.717430
v 5.241470 -0.054695 1.479130
v 5.223570 -0.076543 1.412690
v 5.021250 -0.033093 1.389970
v 5.197560 -0.136187 1.361070
v 5.004630 -0.093387 1.347300
v 4.996710 -0.157889 1.249220
v 4.712070 -0.105267 1.209170
v 4.669690 -0.250364 1.176820
v 4.319800 -0.147448 1.169670
v 4.359050 -0.272009 1.139070
v 4.105200 -0.138659 1.111240
v 4.120840 -0.253199 1.065800
v 3.861840 -0.126699 0.999298
v 3.889630 -0.191295 0.913937
v 3.674710 -0.130820 0.777499
v 3.700360 -0.197898 0.704454
v 3.438950 -0.181645 0.356080
v 3.514980 -0.251071 0.316774
v 3.286430 -0.162329 0.137916
v 3.342160 -0.237311 0.053986
v 3.053140 -0.111729 -0.171021
v 3.107530 -0.174058 -0.252359
v 3.045720 -0.176919 -0.329126
v 3.118120 -0.438660 -0.265265
v 3.065540 -0.438660 -0.350108
v 3.107530 -0.703262 -0.252359
v 3.045720 -0.700401 -0.329126
v 2.993070 -0.781256 -0.269774
v 2.960120 -0.723403 -0.503167
v 2.857670 -0.829855 -0.491965
v 2.928790 -0.750714 -0.668810
v 2.847360 -0.840961 -0.665150
v 2.893100 -0.770709 -0.863510
v 2.803740 -0.876988 -0.817210
v 2.824360 -0.793673 -0.968600
v 2.740890 -0.902264 -0.900570
v 2.663020 -0.916809 -1.001830
v 2.617970 -0.958898 -0.796940
v 2.549320 -0.973816 -0.896550
v 2.486530 -1.066480 -0.836310
v 2.457060 -0.978526 -0.962300
v 2.274530 -1.006030 -0.994830
v 2.249660 -0.969930 -1.054040
v 2.079600 -1.093660 -1.034720
v 2.048200 -0.994492 -1.143320
v 2.059840 -1.297620 -1.122670
v 1.963150 -1.051520 -1.150180
v 2.053110 -1.263510 -1.299620
v 1.991890 -1.091430 -1.309740
v 2.047700 -1.253370 -1.611480
v 1.945210 -1.111380 -1.577110
v 2.024530 -1.249940 -1.756670
v 1.921880 -1.131340 -1.718960
v 1.953910 -1.269250 -2.023570
v 1.947260 -1.171250 -2.004570
v 1.972650 -1.211160 -2.290190
v 1.828660 -1.112130 -2.038690
v 1.884320 -1.140660 -2.285740
v 1.841280 -1.146670 -2.277350
v 1.857470 -1.108650 -2.512060
v 1.776020 -1.146230 -2.541430
v 1.741850 -1.139360 -2.675520
v 1.705950 -1.271290 -2.567970
v 1.709170 -1.246600 -2.694490
v 1.721750 -1.417770 -2.678230
v 5.264430 -0.256966 1.294230
v 5.299010 -0.178483 1.347650
v 5.373650 -0.229820 1.324030
v 5.370710 -0.101228 1.418930
v 5.434590 -0.107837 1.409070
v 5.425350 -0.095940 1.474630
v 5.470780 -0.083289 1.448230
v 5.479630 -0.074472 1.549970
v 5.748610 -0.233561 1.359150
v 5.704630 -0.310530 1.287820
v 5.603370 -0.276325 1.291410
v 5.568750 -0.367270 1.273310
v 5.449160 -0.334751 1.286190
v 5.757510 -0.227928 1.396560
v 5.638370 -0.216112 1.343060
v 5.675000 -0.210700 1.389410
v 5.546350 -0.191878 1.354700
v 5.573800 -0.194774 1.391240
v 5.250480 -0.053426 1.561690
v 5.388450 -0.086777 1.558080
v 5.241470 -0.054695 1.479130
v 5.379460 -0.088912 1.484480
v 5.223570 -0.076543 1.412690
v 5.370710 -0.101228 1.418930
v 5.197560 -0.136187 1.361070
v 5.299010 -0.178483 1.347650
v 5.153740 -0.220312 1.270230
v 5.264430 -0.256966 1.294230
v 5.247760 -0.330114 1.287210
v 5.356900 -0.300336 1.289780
v 5.449160 -0.334751 1.286190
v 5.511560 -0.261047 1.302180
v 5.603370 -0.276325 1.291410
v 5.638370 -0.216112 1.343060
v 5.748610 -0.233561 1.359150
v 5.757510 -0.227928 1.396560
v 5.218820 -0.239354 2.242210
v 5.383210 -0.236208 2.058320
v 5.216860 -0.158863 2.075300
v 5.373130 -0.191948 1.979800
v 5.233180 -0.075672 1.881120
v 5.334330 -0.106021 1.841370
v 5.223190 -0.050591 1.810150
v 5.296960 -0.080676 1.761100
v 5.158320 -0.020617 1.675430
v 5.260650 -0.086598 1.622830
v 5.250480 -0.053426 1.561690
v 5.397970 -0.091858 1.612900
v 5.388450 -0.086777 1.558080
v 5.580800 -0.087606 1.612790
v 5.479630 -0.074472 1.549970
v 5.598280 -0.051666 1.533400
v 5.470780 -0.083289 1.448230
v 5.580220 -0.065964 1.486130
v 5.072170 -0.229432 2.482290
v 5.156640 -0.318667 2.381560
v 5.127160 -0.227446 2.381420
v 5.218820 -0.239354 2.242210
v 5.152700 -0.151618 2.269320
v 5.216860 -0.158863 2.075300
v 5.133170 -0.104402 2.154220
v 5.233180 -0.075672 1.881120
v 5.103430 -0.004385 2.063060
v 4.982820 0.068946 1.941730
v 4.917970 0.105541 2.120140
v 4.927280 0.087667 1.925610
v 4.141190 0.060682 1.447430
v 4.277230 0.112159 1.516410
v 4.297890 0.009327 1.350170
v 4.333500 0.042857 1.389840
v 4.416470 0.020179 1.359920
v 4.496190 0.140831 1.463230
v 4.744870 0.052422 1.389600
v 4.743250 0.124761 1.497870
v 0.737904 -0.720373 2.042870
v 1.497140 -0.839768 2.057590
v 1.483830 -0.727441 2.136250
v 1.798720 -0.698012 2.153110
v 1.807580 -0.616287 2.195210
v 2.069380 -0.651406 2.166480
v 2.042210 -0.438660 2.215810
v 2.128140 -0.438660 2.227060
v 2.132390 -0.258389 2.194480
v 2.361090 -0.236065 2.205320
v 2.406970 -0.097181 2.083990
v 2.738130 -0.143614 2.125990
v 2.775680 -0.085831 1.977370
v 3.086670 -0.099797 2.071650
v 3.115380 -0.058432 1.931050
v 3.337540 -0.098450 2.187590
v 3.377230 -0.037879 2.026460
v 3.590530 -0.026666 2.139750
v 3.650970 0.039957 1.902400
v 3.886060 0.066170 1.988800
v 3.988510 0.100877 1.736470
v 4.085560 0.105746 1.727540
v 4.141190 0.060682 1.447430
v 4.175440 0.175328 1.788990
v 4.277230 0.112159 1.516410
v 4.247730 0.210936 1.819720
v 4.366870 0.191921 1.569800
v 4.329610 0.222825 1.903460
v 4.449010 0.208771 1.699590
v 4.431000 0.200228 1.974410
v 4.522250 0.206232 1.836940
v 4.596480 0.160322 1.951650
v 4.679120 0.150998 1.877090
v 4.715650 0.145679 1.940860
v 4.761600 0.132710 1.801670
v 4.955360 0.066570 1.675380
v 4.733660 0.154223 1.666030
v 4.991710 0.065489 1.601760
v 4.743250 0.124761 1.497870
v 5.011080 0.019902 1.505430
v 4.744870 0.052422 1.389600
v 5.030290 0.002143 2.266080
v 5.058180 -0.021273 2.226850
v 4.991900 0.071726 2.199490
v 5.019840 0.046902 2.178570
v 4.936070 0.118616 2.176330
v 4.917970 0.105541 2.120140
v 4.862640 0.131495 2.122800
v 4.927280 0.087667 1.925610
v 4.798410 0.131958 1.911810
v 5.158320 -0.020617 1.675430
v 4.955360 0.066570 1.675380
v 5.250480 -0.053426 1.561690
v 4.991710 0.065489 1.601760
v 5.241470 -0.054695 1.479130
v 5.011080 0.019902 1.505430
v 5.021250 -0.033093 1.389970
v 4.744870 0.052422 1.389600
v 4.728810 -0.032859 1.317390
v 4.416470 0.020179 1.359920
v 4.712070 -0.105267 1.209170
v 4.399630 -0.046805 1.289120
v 4.319800 -0.147448 1.169670
v 4.297890 0.009327 1.350170
v 4.216370 -0.032787 1.290990
v 4.141190 0.060682 1.447430
v 4.041660 0.058262 1.478420
v 3.988510 0.100877 1.736470
v 3.747720 0.080002 1.623590
v 3.650970 0.039957 1.902400
v 3.473410 0.015998 1.804810
v 3.377230 -0.037879 2.026460
v 3.163180 0.023778 1.648630
v 3.115380 -0.058432 1.931050
v 2.815370 -0.025261 1.816240
v 2.775680 -0.085831 1.977370
v 2.519030 -0.015698 1.924590
v 2.406970 -0.097181 2.083990
v 2.183000 -0.096893 2.092730
v 2.132390 -0.258389 2.194480
v 2.069380 -0.225914 2.166480
v 2.042210 -0.438660 2.215810
v 1.794460 -0.438660 2.226380
v 1.807580 -0.616287 2.195210
v 1.462510 -0.661054 2.184140
v 1.483830 -0.727441 2.136250
v 0.733818 -0.438660 2.179530
v 0.737904 -0.720373 2.042870
v 0.234527 -0.438660 2.168780
v 0.223642 -0.599403 2.122730
v -0.228904 -0.438660 2.172930
v -0.221516 -0.590063 2.125010
v -0.547248 -0.438660 2.180790
v -0.559706 -0.624767 2.132840
v -0.866132 -0.438660 2.193330
v -0.894132 -0.590571 2.151310
v -1.179470 -0.438660 2.225310
v -1.215560 -0.572154 2.195760
v -1.350950 -0.438660 2.245670
v -1.365950 -0.572561 2.208270
v -1.676510 -0.438660 2.265550
v -1.683860 -0.560161 2.227700
v -2.057390 -0.438660 2.279970
v -2.079600 -0.577035 2.256450
v -2.629470 -0.438660 2.356860
v -2.672900 -0.505828 2.343770
v -3.037560 -0.438660 2.440190
v -3.053100 -0.489764 2.407470
v -3.238220 -0.514305 2.444060
v -3.227500 -0.569689 2.400400
v -3.445900 -0.561889 2.362170
v 4.995980 -0.094126 2.587450
v 5.072170 -0.229432 2.482290
v 5.060840 -0.129336 2.491990
v 5.127160 -0.227446 2.381420
v 5.097060 -0.109865 2.392870
v 5.152700 -0.151618 2.269320
v 5.105590 -0.091547 2.302750
v 5.058180 -0.021273 2.226850
v 5.085810 -0.030333 2.327160
v 5.030290 0.002143 2.266080
v 5.095380 -0.037144 2.399900
v 5.075990 0.005133 2.339660
v 5.067200 -0.016369 2.466360
v 5.057500 0.013314 2.441410
v 5.030640 -0.006331 2.540860
v 4.937950 0.048279 2.619810
v 4.995980 -0.094126 2.587450
v 5.030640 -0.006331 2.540860
v 5.060840 -0.129336 2.491990
v 5.067200 -0.016369 2.466360
v 5.097060 -0.109865 2.392870
v 5.095380 -0.037144 2.399900
v 5.085810 -0.030333 2.327160
v 5.075990 0.005133 2.339660
v 5.030290 0.002143 2.266080
v 4.872540 0.104231 2.597920
v 4.937950 0.048279 2.619810
v 4.927890 0.077919 2.595220
v 5.030640 -0.006331 2.540860
v 5.002440 0.029573 2.544410
v 5.057500 0.013314 2.441410
v 5.218820 -0.637966 2.242210
v 5.373130 -0.685372 1.979800
v 5.383210 -0.641112 2.058320
v 5.528190 -0.689326 1.878840
v 5.566340 -0.629565 1.937340
v 5.685190 -0.627409 1.890860
v 5.580800 -0.789714 1.612790
v 5.563250 -0.755898 1.673960
v 5.425780 -0.768347 1.703030
v 5.471930 -0.752559 1.783840
v 5.334330 -0.771299 1.841370
v 5.373130 -0.685372 1.979800
v 5.216860 -0.718457 2.075300
v 5.218820 -0.637966 2.242210
v 5.580730 -0.788527 1.437990
v 5.672390 -0.780438 1.446350
v 5.580220 -0.811356 1.486130
v 5.681090 -0.794520 1.493620
v 5.598280 -0.825654 1.533400
v 5.690120 -0.809510 1.531580
v 5.580800 -0.789714 1.612790
v 5.672190 -0.792740 1.603430
v 5.563250 -0.755898 1.673960
v 5.681730 -0.772531 1.721160
v 5.608970 -0.758379 1.756530
v 5.710150 -0.728732 1.799310
v 5.647190 -0.696493 1.833270
v 5.156640 -0.558653 2.381560
v 5.152700 -0.725702 2.269320
v 5.218820 -0.637966 2.242210
v 5.133170 -0.772918 2.154220
v 5.216860 -0.718457 2.075300
v 5.233180 -0.801648 1.881120
v 5.334330 -0.771299 1.841370
v 5.296960 -0.796644 1.761100
v 5.425780 -0.768347 1.703030
v 5.397970 -0.785462 1.612900
v 5.580800 -0.789714 1.612790
v 5.479630 -0.802848 1.549970
v 5.598280 -0.825654 1.533400
v 5.470780 -0.794031 1.448230
v 5.580220 -0.811356 1.486130
v 5.535180 -0.779917 1.418840
v 5.580730 -0.788527 1.437990
v 5.573800 -0.682546 1.391240
v 5.672390 -0.780438 1.446350
v 5.675000 -0.666620 1.389410
v 5.755280 -0.746165 1.442810
v 5.757510 -0.649392 1.396560
v 5.857750 -0.675428 1.435690
v 5.923810 -0.591744 1.463940
v 5.884860 -0.688205 1.500860
v 5.177550 -0.438874 2.370980
v 5.049690 -0.438731 2.471390
v 5.156640 -0.558653 2.381560
v 5.127160 -0.649874 2.381420
v 5.152700 -0.725702 2.269320
v 5.105590 -0.785773 2.302750
v 5.133170 -0.772918 2.154220
v 5.058180 -0.856047 2.226850
v 4.798300 0.152425 2.556850
v 4.807790 0.131733 2.582310
v 4.872540 0.104231 2.597920
v 4.881860 0.091628 2.633200
v 4.937950 0.048279 2.619810
v 4.893850 -0.020947 2.659180
v 4.995980 -0.094126 2.587450
v 4.971390 -0.213879 2.585350
v 5.072170 -0.229432 2.482290
v 5.049690 -0.438731 2.471390
v 5.156640 -0.318667 2.381560
v 5.177550 -0.438874 2.370980
v 5.011430 0.024545 2.314230
v 4.983030 0.067119 2.245000
v 4.991710 0.082101 2.282960
v 4.963550 0.114855 2.221820
v 4.908020 0.149222 2.234700
v 4.871150 0.153666 2.179900
v 4.816180 0.165366 2.236520
v 4.752340 0.152636 2.162050
v 4.697610 0.138003 2.206720
v 4.964940 0.061243 2.492240
v 5.020080 0.042318 2.416830
v 4.991750 0.084546 2.448480
v 5.011430 0.024545 2.314230
v 5.001900 0.048064 2.353060
v 4.991710 0.082101 2.282960
v 4.697020 0.165388 2.301240
v 4.742360 0.182990 2.320890
v 4.697610 0.138003 2.206720
v 4.760920 0.174460 2.320020
v 4.816180 0.165366 2.236520
v 4.852580 0.164445 2.254780
v 4.908020 0.149222 2.234700
v 4.944710 0.136714 2.279320
v 4.991710 0.082101 2.282960
v 4.982360 0.097530 2.311960
v 5.001900 0.048064 2.353060
v 4.953400 0.166949 2.346600
v 4.971870 0.147366 2.362740
v 4.953740 0.153596 2.391240
v 5.001900 0.048064 2.353060
v 4.973130 0.094806 2.431440
v 4.991750 0.084546 2.448480
v 4.935880 0.134193 2.490330
v 4.964940 0.061243 2.492240
v 4.918470 0.094053 2.523380
v -4.070740 -0.549214 -0.508988
v -3.978120 -0.537940 -0.384780
v -3.896200 -0.516543 -0.190523
v -3.818600 -0.494232 -0.084030
v -3.805690 -0.490132 0.248554
v -3.750630 -0.501965 0.246797
v -3.786820 -0.522893 0.592443
v -3.745010 -0.535934 0.597142
v -3.811190 -0.530693 0.940595
v -3.765740 -0.544941 0.945730
v -3.851210 -0.538491 1.446250
v -3.801840 -0.553948 1.451330
v -3.821690 -0.546291 1.916650
v -3.768240 -0.562955 1.914280
v -3.660930 -0.554091 2.208700
v -3.609020 -0.571964 2.184250
v -3.445900 -0.561889 2.362170
v -3.413370 -0.580969 2.310260
v -3.227500 -0.569689 2.400400
v -3.077670 -0.656028 2.309770
v -3.053100 -0.489764 2.407470
v -2.697370 -0.657456 2.309950
v -2.672900 -0.505828 2.343770
v -2.100170 -0.667905 2.228640
v -2.079600 -0.577035 2.256450
v -1.714430 -0.686254 2.186620
v -1.683860 -0.560161 2.227700
v -1.396330 -0.706302 2.162440
v -1.365950 -0.572561 2.208270
v -1.227610 -0.714689 2.147760
v -1.215560 -0.572154 2.195760
v -0.954897 -0.731694 2.116200
v -0.894132 -0.590571 2.151310
v -0.557624 -0.710122 2.079940
v -0.559706 -0.624767 2.132840
v -0.267035 -0.705237 2.065720
v -0.221516 -0.590063 2.125010
v 0.237330 -0.727332 2.034410
v 0.223642 -0.599403 2.122730
v 0.725959 -0.900464 1.916720
v 0.737904 -0.720373 2.042870
v 1.504950 -1.024640 1.922150
v 1.497140 -0.839768 2.057590
v 1.821950 -0.842411 2.056870
v 1.798720 -0.698012 2.153110
v 2.096550 -0.765470 2.117140
v 2.069380 -0.651406 2.166480
v 2.132390 -0.618931 2.194480
v 2.128140 -0.438660 2.227060
v 2.339600 -0.438660 2.246360
v 2.361090 -0.236065 2.205320
v 2.715710 -0.270951 2.266880
v 2.738130 -0.143614 2.125990
v 3.058370 -0.141323 2.212010
v 3.086670 -0.099797 2.071650
v 3.276330 -0.144394 2.302430
v 3.337540 -0.098450 2.187590
v 3.541190 -0.052294 2.287840
v 3.590530 -0.026666 2.139750
v 3.882000 0.037677 2.203090
v 3.886060 0.066170 1.988800
v 4.067580 0.096337 2.011330
v 4.085560 0.105746 1.727540
v 4.121120 0.148528 2.053110
v 4.175440 0.175328 1.788990
v 4.221810 0.155430 2.099430
v 4.247730 0.210936 1.819720
v 4.312220 0.201284 2.122050
v 4.329610 0.222825 1.903460
v 4.404220 0.177950 2.101090
v 4.431000 0.200228 1.974410
v 4.560020 0.150673 2.042680
v 4.596480 0.160322 1.951650
v 4.615410 0.139108 2.078300
v 4.715650 0.145679 1.940860
v 4.752340 0.152636 2.162050
v 4.862640 0.131495 2.122800
v 4.871150 0.153666 2.179900
v 4.936070 0.118616 2.176330
v 4.963550 0.114855 2.221820
v 4.991900 0.071726 2.199490
v 4.983030 0.067119 2.245000
v 5.030290 0.002143 2.266080
v 5.011430 0.024545 2.314230
v 5.075990 0.005133 2.339660
v 5.020080 0.042318 2.416830
v 5.057500 0.013314 2.441410
v 4.964940 0.061243 2.492240
v 5.002440 0.029573 2.544410
v 4.918470 0.094053 2.523380
v 4.927890 0.077919 2.595220
v 4.881570 0.101289 2.533230
v 4.872540 0.104231 2.597920
v 4.826000 0.137423 2.527840
v 4.798300 0.152425 2.556850
v 4.788480 0.169959 2.466710
v 4.751520 0.195474 2.478320
v 4.760920 0.174460 2.320020
v 4.728960 0.175647 2.474810
v 4.742360 0.182990 2.320890
v 4.688110 0.165858 2.485040
v 4.697020 0.165388 2.301240
v 4.560750 0.123768 2.223810
v 4.697610 0.138003 2.206720
v 4.615410 0.139108 2.078300
v 4.752340 0.152636 2.162050
v -4.387150 -0.484262 -1.529150
v -4.331330 -0.395067 -1.253930
v -4.351540 -0.463680 -1.509010
v -4.273070 -0.338782 -1.360220
v -4.321270 -0.463732 -1.524830
v -4.112450 -0.454986 -0.437105
v -4.216300 -0.334626 -0.722190
v -4.233830 -0.460734 -0.727880
v -4.252680 -0.293040 -0.999190
v -4.333830 -0.495598 -1.109590
v -4.331330 -0.395067 -1.253930
v -4.424120 -0.569499 -1.393080
v -4.387150 -0.484262 -1.529150
v -4.445840 -0.628362 -1.576470
v -3.932490 -0.476014 -0.117906
v -4.112450 -0.454986 -0.437105
v -4.070740 -0.549214 -0.508988
v -4.233830 -0.460734 -0.727880
v -4.227640 -0.508554 -0.789240
v -4.333830 -0.495598 -1.109590
v -3.820370 -0.168853 -0.800480
v -3.777710 -0.198165 -0.612750
v -3.581960 -0.334289 -0.975290
v -3.742610 -0.289299 -0.290714
v -3.569390 -0.402767 -0.322984
v -4.351540 -0.463680 -1.509010
v -4.321270 -0.463732 -1.524830
v -4.297770 -0.616367 -1.451240
v -4.192490 -0.455973 -1.515190
v -4.207570 -0.593764 -1.484160
v -2.035740 -0.986533 -1.542520
v -2.041110 -0.978861 -1.636690
v -1.971060 -0.939505 -1.554300
v -1.978020 -0.932987 -1.648170
v -1.933570 -0.877562 -1.554370
v -1.941440 -0.872564 -1.648240
v -2.027240 -0.993892 -1.374350
v -2.035740 -0.986533 -1.542520
v -1.936030 -0.927576 -1.390960
v -1.971060 -0.939505 -1.554300
v -1.883160 -0.840227 -1.391060
v -1.933570 -0.877562 -1.554370
v -2.060900 -0.810739 -1.593040
v -2.062730 -0.745996 -1.445590
v -1.978340 -0.836917 -1.584880
v -1.946310 -0.782911 -1.434080
v -1.933570 -0.877562 -1.554370
v -1.883160 -0.840227 -1.391060
v -2.065650 -0.807380 -1.685960
v -2.060900 -0.810739 -1.593040
v -1.985120 -0.832916 -1.678000
v -1.978340 -0.836917 -1.584880
v -1.941440 -0.872564 -1.648240
v -1.933570 -0.877562 -1.554370
v -2.141620 -0.908917 -1.585640
v -2.176550 -0.884442 -1.435160
v -2.120750 -0.849831 -1.606480
v -2.147110 -0.801122 -1.464540
v -2.060900 -0.810739 -1.593040
v -2.062730 -0.745996 -1.445590
v -2.144390 -0.903149 -1.678750
v -2.141620 -0.908917 -1.585640
v -2.124030 -0.845513 -1.699070
v -2.120750 -0.849831 -1.606480
v -2.065650 -0.807380 -1.685960
v -2.060900 -0.810739 -1.593040
v -2.035740 -0.986533 -1.542520
v -2.027240 -0.993892 -1.374350
v -2.106040 -0.949419 -1.580450
v -2.126370 -0.941555 -1.427840
v -2.141620 -0.908917 -1.585640
v -2.176550 -0.884442 -1.435160
v -2.041110 -0.978861 -1.636690
v -2.035740 -0.986533 -1.542520
v -2.109680 -0.942657 -1.673680
v -2.106040 -0.949419 -1.580450
v -2.144390 -0.903149 -1.678750
v -2.141620 -0.908917 -1.585640
v -2.678970 -0.997055 -1.569030
v -2.699970 -1.008730 -1.411740
v -2.685660 -0.953588 -1.589990
v -2.709400 -0.947435 -1.441290
v -2.667970 -0.910056 -1.597970
v -2.684450 -0.886048 -1.452550
v -2.618070 -0.879944 -1.607760
v -2.614080 -0.843585 -1.466340
v -2.539870 -0.898758 -1.611160
v -2.503820 -0.870116 -1.471150
v -2.499140 -0.943189 -1.599430
v -2.446370 -0.932770 -1.454600
v -2.688610 -0.989125 -1.662550
v -2.678970 -0.997055 -1.569030
v -2.695140 -0.946724 -1.682990
v -2.685660 -0.953588 -1.589990
v -2.677880 -0.904260 -1.690780
v -2.667970 -0.910056 -1.597970
v -2.629200 -0.874887 -1.700320
v -2.618070 -0.879944 -1.607760
v -2.552920 -0.893239 -1.703640
v -2.539870 -0.898758 -1.611160
v -2.513190 -0.936580 -1.692200
v -2.499140 -0.943189 -1.599430
v 5.233180 -0.801648 1.881120
v 5.133170 -0.772918 2.154220
v 5.103430 -0.872935 2.063060
v 5.058180 -0.856047 2.226850
v 5.019840 -0.924222 2.178570
v 5.030290 -0.879463 2.266080
v 4.991900 -0.949046 2.199490
v 5.011430 -0.901865 2.314230
v 4.983030 -0.944439 2.245000
v 4.991710 -0.959421 2.282960
v 5.685190 -0.627409 1.890860
v 5.604890 -0.552433 1.984750
v 5.566340 -0.629565 1.937340
v 5.421810 -0.562215 2.124010
v 5.383210 -0.641112 2.058320
v 5.218820 -0.637966 2.242210
v 5.744000 -0.439511 1.921400
v 5.680010 -0.439446 1.948670
v 5.741780 -0.563551 1.902620
v 5.687040 -0.549425 1.938300
v 5.730430 -0.648508 1.874330
v 5.685190 -0.627409 1.890860
v 5.156640 -0.558653 2.381560
v 5.218820 -0.637966 2.242210
v 5.177550 -0.438874 2.370980
v 5.321140 -0.558266 2.234220
v 5.378290 -0.439101 2.207110
v 5.421810 -0.562215 2.124010
v 5.424280 -0.439156 2.159810
v 5.604890 -0.552433 1.984750
v 5.588760 -0.439346 2.012510
v 5.680010 -0.439446 1.948670
v 5.687040 -0.327895 1.938300
v 5.744000 -0.439511 1.921400
v 5.741780 -0.313769 1.902620
v 5.741780 -0.563551 1.902620
v 5.842090 -0.569384 1.866370
v 5.744000 -0.439511 1.921400
v 5.835500 -0.439606 1.874940
v 5.741780 -0.313769 1.902620
v 5.842090 -0.307936 1.866370
v 5.842090 -0.569384 1.866370
v 5.741780 -0.563551 1.902620
v 5.813220 -0.633921 1.854240
v 5.730430 -0.648508 1.874330
v 5.783730 -0.723250 1.780130
v 5.710150 -0.728732 1.799310
v 5.998090 -0.545994 1.670530
v 5.941380 -0.617596 1.769480
v 5.931470 -0.654273 1.672140
v 5.886830 -0.611025 1.824330
v 5.847990 -0.700136 1.750230
v 5.813220 -0.633921 1.854240
v 5.783730 -0.723250 1.780130
v 5.963530 -0.439781 1.671070
v 5.963120 -0.439758 1.746440
v 5.998090 -0.545994 1.670530
v 5.979360 -0.563997 1.764190
v 5.941380 -0.617596 1.769480
v 5.915030 -0.575480 1.820820
v 5.886830 -0.611025 1.824330
v 5.842090 -0.569384 1.866370
v 5.813220 -0.633921 1.854240
v 5.961690 -0.348336 1.549640
v 5.963530 -0.439781 1.671070
v 5.927110 -0.439778 1.569850
v 5.998090 -0.545994 1.670530
v 5.961690 -0.528984 1.549640
v 5.950680 -0.614308 1.521390
v 5.915030 -0.301840 1.820820
v 5.979360 -0.313323 1.764190
v 5.886830 -0.266295 1.824330
v 5.941380 -0.259724 1.769480
v 5.847990 -0.177184 1.750230
v 5.931470 -0.223047 1.672140
v 5.842090 -0.307936 1.866370
v 5.915030 -0.301840 1.820820
v 5.813220 -0.243399 1.854240
v 5.886830 -0.266295 1.824330
v 5.783730 -0.154070 1.780130
v 5.847990 -0.177184 1.750230
v 5.857750 -0.201892 1.435690
v 5.884860 -0.189115 1.500860
v 5.950680 -0.263012 1.521390
v 5.959460 -0.251563 1.595890
v 5.961690 -0.348336 1.549640
v 5.998090 -0.331326 1.670530
v 5.963530 -0.439781 1.671070
v 5.979360 -0.313323 1.764190
v 5.963120 -0.439758 1.746440
v 5.915030 -0.301840 1.820820
v 5.908840 -0.439686 1.827630
v 5.842090 -0.307936 1.866370
v 5.835500 -0.439606 1.874940
v 2.158590 -1.552310 -0.517149
v 2.222080 -1.452800 -0.518682
v 2.058190 -1.602180 -0.492578
v 2.013530 -1.630150 -0.223643
v 1.867660 -1.645590 -0.481973
v 1.635140 -1.623630 -0.526561
v -1.200690 -1.237850 -1.138910
v -1.226560 -1.126000 -1.216500
v -0.953236 -1.337840 -1.107280
v -1.091170 -1.165900 -1.268460
v -0.972089 -1.207230 -1.335850
v -1.089640 -1.123810 -1.318540
v 5.783730 -0.723250 1.780130
v 5.710150 -0.728732 1.799310
v 5.764770 -0.747222 1.718480
v 5.681730 -0.772531 1.721160
v 5.773410 -0.761685 1.664520
v 5.672190 -0.792740 1.603430
v 5.837870 -0.743844 1.580150
v 5.800780 -0.758110 1.517260
v 5.912150 -0.692857 1.556570
v 5.884860 -0.688205 1.500860
v 5.950680 -0.614308 1.521390
v 5.923810 -0.591744 1.463940
v 5.961690 -0.528984 1.549640
v 5.934600 -0.515699 1.493460
v 5.927110 -0.439778 1.569850
v 5.908780 -0.439781 1.505580
v 5.961690 -0.348336 1.549640
v 5.934600 -0.361621 1.493460
v 5.950680 -0.263012 1.521390
v 5.923810 -0.285576 1.463940
v 5.857750 -0.201892 1.435690
v 5.878630 -0.310368 1.425140
v 5.757510 -0.227928 1.396560
v 5.851400 -0.333298 1.367670
v 5.748610 -0.233561 1.359150
v 5.797410 -0.366354 1.318690
v 5.704630 -0.310530 1.287820
v 5.679620 -0.439645 1.278160
v 5.568750 -0.367270 1.273310
v 5.579250 -0.439556 1.276460
v 5.449160 -0.334751 1.286190
v 5.469640 -0.439458 1.277380
v 5.247760 -0.330114 1.287210
v 5.323230 -0.439320 1.304700
v 5.213430 -0.439225 1.295440
v 5.247760 -0.547206 1.287210
v 5.112560 -0.439140 1.279350
v 5.137070 -0.583502 1.263180
v 4.920860 -0.438978 1.251000
v 4.963530 -0.582100 1.236040
v 4.655450 -0.438758 1.196680
v 4.669690 -0.626956 1.176820
v 4.380850 -0.438530 1.143230
v 4.359050 -0.605311 1.139070
v 4.126560 -0.438660 1.080690
v 4.120840 -0.624121 1.065800
v 3.929250 -0.438660 0.850349
v 3.955640 -0.636246 0.871077
v 3.731690 -0.438660 0.625051
v 3.737010 -0.615479 0.620497
v 3.514980 -0.626249 0.316774
v 3.438950 -0.695675 0.356080
v 3.342160 -0.640009 0.053986
v 3.286430 -0.714991 0.137916
v 3.107530 -0.703262 -0.252359
v 3.053140 -0.765591 -0.171021
v 2.993070 -0.781256 -0.269774
v 2.986410 -0.867624 0.025157
v 2.910770 -0.869851 -0.199784
v 2.881060 -0.960628 -0.054486
v 2.825540 -0.991257 -0.128918
v 2.688130 -1.111630 -0.078849
v 2.647370 -1.108140 -0.172890
v 2.618310 -1.244150 -0.110432
v 2.539200 -1.189130 -0.289118
v 2.410370 -1.279760 -0.339339
v 2.407310 -1.243750 -0.536320
v 2.229350 -1.301490 -0.554063
v 2.180010 -1.260470 -0.691900
v 2.222080 -1.452800 -0.518682
v 2.177450 -1.413080 -0.689110
v 2.158590 -1.552310 -0.517149
v 2.148550 -1.504070 -0.664410
v 2.058190 -1.602180 -0.492578
v 2.024690 -1.611120 -0.635990
v 1.867660 -1.645590 -0.481973
v 1.838890 -1.640070 -0.648540
v 1.635140 -1.623630 -0.526561
v 1.645820 -1.612430 -0.648780
v 1.536040 -1.624260 -0.547216
v 1.524410 -1.580910 -0.686650
v 1.428880 -1.572570 -0.548030
v 1.438440 -1.536730 -0.709370
v 1.337880 -1.459960 -0.507056
v 1.310870 -1.353500 -0.697660
v 1.230120 -1.333200 -0.646780
v 1.219160 -1.261690 -0.779680
v 0.930660 -1.269860 -0.777860
v 0.922703 -1.166970 -0.857370
v 0.530629 -1.368500 -0.877760
v 0.538756 -1.203570 -0.969940
v -0.072300 -1.526060 -1.011590
v -0.063012 -1.303740 -1.144360
v -0.526127 -1.606400 -1.056340
v -0.535144 -1.359220 -1.177320
v -0.952525 -1.607310 -1.001920
v -0.953236 -1.337840 -1.107280
v -1.198510 -1.324090 -1.017440
v -1.200690 -1.237850 -1.138910
v -1.376190 -1.157610 -1.223330
v -1.226560 -1.126000 -1.216500
v -1.266740 -0.996582 -1.253280
v -1.089640 -1.123810 -1.318540
v -0.977375 -0.937407 -1.354470
v -0.972089 -1.207230 -1.335850
v -0.812845 -1.207170 -1.346760
v -0.953236 -1.337840 -1.107280
v -0.535144 -1.359220 -1.177320
v 4.460790 -1.388630 3.134280
v 4.460580 -1.395660 3.061530
v 4.624800 -1.428100 3.147030
v 4.615660 -1.416650 3.072530
v 4.735140 -1.389550 3.084120
v 4.662220 -1.379280 2.995010
v 4.763340 -1.367910 3.029490
v 4.289050 -1.297350 2.611630
v 4.354410 -1.241240 2.541640
v 4.380990 -1.277680 2.646360
v 4.267320 -1.053600 2.560650
v 4.274890 -1.117730 2.658690
v 4.369750 -1.360550 2.736860
v 4.303190 -1.483070 2.785780
v 4.296540 -1.364120 2.682440
v 4.275400 -1.485060 2.758570
v 4.211810 -1.477800 2.721150
v 4.199320 -1.613200 2.743310
v 4.152560 -1.655710 2.674130
v 4.141760 -1.734000 2.718620
v 4.228520 -1.537230 2.873690
v 4.245860 -1.579970 2.813750
v 4.266260 -1.493460 2.860310
v 4.303190 -1.483070 2.785780
v 4.307090 -1.315860 2.806140
v 4.369750 -1.360550 2.736860
v 4.229330 -1.111410 2.713180
v 4.273010 -1.200830 2.749190
v 4.274890 -1.117730 2.658690
v 4.307090 -1.315860 2.806140
v 4.380990 -1.277680 2.646360
v 4.369750 -1.360550 2.736860
v 4.289050 -1.297350 2.611630
v 4.296540 -1.364120 2.682440
v 4.222800 -1.391410 2.666840
v 4.211810 -1.477800 2.721150
v 4.154570 -1.568210 2.629140
v 4.152560 -1.655710 2.674130
v 4.133170 -1.697980 2.613890
v 4.141760 -1.734000 2.718620
v 4.112680 -1.805570 2.633750
v 4.111930 -1.838610 2.673470
v 4.082990 -1.889590 2.614470
v 4.129930 -1.840920 2.747430
v 4.101730 -1.876820 2.750980
v 4.149440 -1.792350 2.779210
v 4.148930 -1.815540 2.827390
v 4.197520 -1.691700 2.787790
v 4.197640 -1.687310 2.833300
v 4.245860 -1.579970 2.813750
v 4.170470 -1.680510 2.897100
v 4.228520 -1.537230 2.873690
v 4.354940 -1.217510 2.502820
v 4.278050 -0.976011 2.415320
v 4.354410 -1.241240 2.541640
v 4.305410 -0.978067 2.497910
v 4.267320 -1.053600 2.560650
v 4.143790 -1.640050 2.452380
v 4.137660 -1.499680 2.383500
v 4.119990 -1.487840 2.501760
v 4.131950 -1.360520 2.489420
v 4.151090 -1.328420 2.541600
v 4.153170 -1.238330 2.523480
v 4.123290 -1.733800 2.525510
v 4.143790 -1.640050 2.452380
v 4.126160 -1.611180 2.559590
v 4.119990 -1.487840 2.501760
v 4.148870 -1.425230 2.587490
v 4.151090 -1.328420 2.541600
v 4.197610 -1.296090 2.602720
v 4.153170 -1.238330 2.523480
v 4.290380 -1.238850 2.551000
v 4.281290 -1.225660 2.494410
v 4.245220 -1.211300 2.447190
v 4.354940 -1.217510 2.502820
v 4.281290 -1.225660 2.494410
v 4.354410 -1.241240 2.541640
v 4.290380 -1.238850 2.551000
v 4.289050 -1.297350 2.611630
v 4.197610 -1.296090 2.602720
v 4.222800 -1.391410 2.666840
v 4.148870 -1.425230 2.587490
v 4.154570 -1.568210 2.629140
v 4.126160 -1.611180 2.559590
v 4.133170 -1.697980 2.613890
v 4.123290 -1.733800 2.525510
v 4.112680 -1.805570 2.633750
v 4.150300 -1.355710 2.259230
v 4.094110 -1.017090 2.327940
v 4.159230 -1.361860 2.388560
v 4.245220 -1.211300 2.447190
v 4.281290 -1.225660 2.494410
v -3.357010 -0.367444 2.220330
v -3.380840 -0.315387 2.258350
v -3.348270 -0.438575 2.206400
v -3.392810 -0.438660 2.208020
v -3.413370 -0.580969 2.310260
# 7772 vertices, 0 vertices normals


usemtl material_0
vt 0.000000 0.000000
f 1/1 2/1 3/1
f 4/1 5/1 6/1
f 7/1 8/1 9/1
f 10/1 11/1 12/1
f 13/1 14/1 15/1
f 16/1 17/1 18/1
f 19/1 20/1 21/1
f 22/1 23/1 24/1
f 25/1 26/1 27/1
f 28/1 29/1 30/1
f 31/1 32/1 33/1
f 34/1 35/1 36/1
f 37/1 38/1 39/1
f 40/1 41/1 42/1
f 43/1 44/1 45/1
f 46/1 47/1 48/1
f 49/1 50/1 51/1
f 52/1 53/1 54/1
f 55/1 56/1 57/1
f 58/1 59/1 60/1
f 61/1 62/1 63/1
f 64/1 65/1 66/1
f 67/1 68/1 69/1
f 70/1 71/1 72/1
f 73/1 74/1 75/1
f 76/1 77/1 78/1
f 79/1 80/1 81/1
f 82/1 83/1 84/1
f 85/1 86/1 87/1
f 88/1 89/1 90/1
f 91/1 92/1 93/1
f 94/1 95/1 96/1
f 97/1 98/1 99/1
f 100/1 101/1 102/1
f 103/1 104/1 105/1
f 106/1 107/1 108/1
f 109/1 110/1 111/1
f 112/1 113/1 114/1
f 115/1 116/1 117/1
f 118/1 119/1 120/1
f 121/1 122/1 123/1
f 124/1 125/1 126/1
f 127/1 128/1 129/1
f 130/1 131/1 132/1
f 133/1 134/1 135/1
f 136/1 137/1 138/1
f 139/1 140/1 141/1
f 142/1 143/1 144/1
f 145/1 146/1 147/1
f 148/1 149/1 150/1
f 151/1 152/1 153/1
f 154/1 155/1 156/1
f 157/1 158/1 159/1
f 160/1 161/1 162/1
f 163/1 164/1 165/1
f 166/1 167/1 168/1
f 169/1 170/1 171/1
f 172/1 173/1 174/1
f 175/1 176/1 177/1
f 178/1 179/1 180/1
f 181/1 182/1 183/1
f 184/1 185/1 186/1
f 187/1 188/1 189/1
f 190/1 191/1 192/1
f 193/1 194/1 195/1
f 196/1 197/1 198/1
f 199/1 200/1 201/1
f 202/1 203/1 204/1
f 205/1 206/1 207/1
f 208/1 209/1 210/1
f 211/1 212/1 213/1
f 214/1 215/1 216/1
f 217/1 218/1 219/1
f 220/1 221/1 222/1
f 223/1 224/1 225/1
f 226/1 227/1 228/1
f 229/1 230/1 231/1
f 232/1 233/1 234/1
f 235/1 236/1 237/1
f 238/1 239/1 240/1
f 241/1 242/1 243/1
f 244/1 245/1 246/1
f 247/1 248/1 249/1
f 250/1 251/1 252/1
f 253/1 254/1 255/1
f 256/1 257/1 258/1
f 259/1 260/1 261/1
f 262/1 263/1 264/1
f 265/1 266/1 267/1
f 268/1 269/1 270/1
f 271/1 272/1 273/1
f 274/1 275/1 276/1
f 277/1 278/1 279/1
f 280/1 281/1 282/1
f 283/1 284/1 285/1
f 286/1 287/1 288/1
f 289/1 290/1 291/1
f 292/1 293/1 294/1
f 295/1 296/1 297/1
f 298/1 299/1 300/1
f 301/1 302/1 303/1
f 304/1 305/1 306/1
f 307/1 308/1 309/1
f 310/1 311/1 312/1
f 313/1 314/1 315/1
f 316/1 317/1 318/1
f 319/1 320/1 321/1
f 322/1 323/1 324/1
f 323/1 325/1 324/1
f 326/1 327/1 328/1
f 327/1 329/1 328/1
f 330/1 331/1 332/1
f 331/1 333/1 332/1
f 334/1 335/1 336/1
f 335/1 337/1 336/1
f 338/1 339/1 340/1
f 339/1 341/1 340/1
f 342/1 343/1 344/1
f 343/1 345/1 344/1
f 346/1 347/1 348/1
f 347/1 349/1 348/1
f 350/1 351/1 352/1
f 351/1 353/1 352/1
f 354/1 355/1 356/1
f 355/1 357/1 356/1
f 358/1 359/1 360/1
f 359/1 361/1 360/1
f 362/1 363/1 364/1
f 363/1 365/1 364/1
f 366/1 367/1 368/1
f 367/1 369/1 368/1
f 370/1 371/1 372/1
f 371/1 373/1 372/1
f 374/1 375/1 376/1
f 375/1 377/1 376/1
f 378/1 379/1 380/1
f 379/1 381/1 380/1
f 382/1 383/1 384/1
f 383/1 385/1 384/1
f 386/1 387/1 388/1
f 387/1 389/1 388/1
f 390/1 391/1 392/1
f 391/1 393/1 392/1
f 394/1 395/1 396/1
f 395/1 397/1 396/1
f 398/1 399/1 400/1
f 399/1 401/1 400/1
f 402/1 403/1 404/1
f 403/1 405/1 404/1
f 406/1 407/1 408/1
f 407/1 409/1 408/1
f 410/1 411/1 412/1
f 411/1 413/1 412/1
f 414/1 415/1 416/1
f 415/1 417/1 416/1
f 418/1 419/1 420/1
f 419/1 421/1 420/1
f 422/1 423/1 424/1
f 423/1 425/1 424/1
f 426/1 427/1 428/1
f 427/1 429/1 428/1
f 430/1 431/1 432/1
f 431/1 433/1 432/1
f 434/1 435/1 436/1
f 435/1 437/1 436/1
f 438/1 439/1 440/1
f 439/1 441/1 440/1
f 442/1 443/1 444/1
f 443/1 445/1 444/1
f 446/1 447/1 448/1
f 447/1 449/1 448/1
f 450/1 451/1 452/1
f 451/1 453/1 452/1
f 454/1 455/1 456/1
f 455/1 457/1 456/1
f 458/1 459/1 460/1
f 459/1 461/1 460/1
f 462/1 463/1 464/1
f 463/1 465/1 464/1
f 466/1 467/1 468/1
f 467/1 469/1 468/1
f 470/1 471/1 472/1
f 471/1 473/1 472/1
f 474/1 475/1 476/1
f 475/1 477/1 476/1
f 478/1 479/1 480/1
f 479/1 481/1 480/1
f 482/1 483/1 484/1
f 483/1 485/1 484/1
f 486/1 487/1 488/1
f 487/1 489/1 488/1
f 490/1 491/1 492/1
f 491/1 493/1 492/1
f 494/1 495/1 496/1
f 495/1 497/1 496/1
f 498/1 499/1 500/1
f 499/1 501/1 500/1
f 502/1 503/1 504/1
f 503/1 505/1 504/1
f 506/1 507/1 508/1
f 507/1 509/1 508/1
f 510/1 511/1 512/1
f 511/1 513/1 512/1
f 514/1 515/1 516/1
f 515/1 517/1 516/1
f 518/1 519/1 520/1
f 519/1 521/1 520/1
f 522/1 523/1 524/1
f 523/1 525/1 524/1
f 526/1 527/1 528/1
f 527/1 529/1 528/1
f 530/1 531/1 532/1
f 531/1 533/1 532/1
f 534/1 535/1 536/1
f 535/1 537/1 536/1
f 538/1 539/1 540/1
f 539/1 541/1 540/1
f 542/1 543/1 544/1
f 543/1 545/1 544/1
f 546/1 547/1 548/1
f 547/1 549/1 548/1
f 550/1 551/1 552/1
f 551/1 553/1 552/1
f 554/1 555/1 556/1
f 555/1 557/1 556/1
f 558/1 559/1 560/1
f 559/1 561/1 560/1
f 562/1 563/1 564/1
f 563/1 565/1 564/1
f 566/1 567/1 568/1
f 567/1 569/1 568/1
f 570/1 571/1 572/1
f 571/1 573/1 572/1
f 574/1 575/1 576/1
f 575/1 577/1 576/1
f 578/1 579/1 580/1
f 579/1 581/1 580/1
f 582/1 583/1 584/1
f 583/1 585/1 584/1
f 586/1 587/1 588/1
f 587/1 589/1 588/1
f 590/1 591/1 592/1
f 591/1 593/1 592/1
f 594/1 595/1 596/1
f 595/1 597/1 596/1
f 598/1 599/1 600/1
f 599/1 601/1 600/1
f 602/1 603/1 604/1
f 603/1 605/1 604/1
f 606/1 607/1 608/1
f 607/1 609/1 608/1
f 610/1 611/1 612/1
f 611/1 613/1 612/1
f 614/1 615/1 616/1
f 615/1 617/1 616/1
f 618/1 619/1 620/1
f 619/1 621/1 620/1
f 622/1 623/1 624/1
f 623/1 625/1 624/1
f 626/1 627/1 628/1
f 627/1 629/1 628/1
f 630/1 631/1 632/1
f 631/1 633/1 632/1
f 634/1 635/1 636/1
f 635/1 637/1 636/1
f 638/1 639/1 640/1
f 639/1 641/1 640/1
f 642/1 643/1 644/1
f 643/1 645/1 644/1
f 646/1 647/1 648/1
f 647/1 649/1 648/1
f 650/1 651/1 652/1
f 651/1 653/1 652/1
f 654/1 655/1 656/1
f 655/1 657/1 656/1
f 658/1 659/1 660/1
f 659/1 661/1 660/1
f 662/1 663/1 664/1
f 663/1 665/1 664/1
f 666/1 667/1 668/1
f 667/1 669/1 668/1
f 670/1 671/1 672/1
f 671/1 673/1 672/1
f 674/1 675/1 676/1
f 675/1 677/1 676/1
f 678/1 679/1 680/1
f 679/1 681/1 680/1
f 682/1 683/1 684/1
f 683/1 685/1 684/1
f 686/1 687/1 688/1
f 687/1 689/1 688/1
f 690/1 691/1 692/1
f 691/1 693/1 692/1
f 694/1 695/1 696/1
f 695/1 697/1 696/1
f 698/1 699/1 700/1
f 699/1 701/1 700/1
f 702/1 703/1 704/1
f 703/1 705/1 704/1
f 706/1 707/1 708/1
f 707/1 709/1 708/1
f 710/1 711/1 712/1
f 711/1 713/1 712/1
f 714/1 715/1 716/1
f 715/1 717/1 716/1
f 718/1 719/1 720/1
f 719/1 721/1 720/1
f 722/1 723/1 724/1
f 723/1 725/1 724/1
f 726/1 727/1 728/1
f 727/1 729/1 728/1
f 730/1 731/1 732/1
f 731/1 733/1 732/1
f 734/1 735/1 736/1
f 735/1 737/1 736/1
f 738/1 739/1 740/1
f 739/1 741/1 740/1
f 742/1 743/1 744/1
f 743/1 745/1 744/1
f 746/1 747/1 748/1
f 747/1 749/1 748/1
f 750/1 751/1 752/1
f 751/1 753/1 752/1
f 754/1 755/1 756/1
f 755/1 757/1 756/1
f 758/1 759/1 760/1
f 759/1 761/1 760/1
f 762/1 763/1 764/1
f 763/1 765/1 764/1
f 766/1 767/1 768/1
f 767/1 769/1 768/1
f 770/1 771/1 772/1
f 771/1 773/1 772/1
f 774/1 775/1 776/1
f 775/1 777/1 776/1
f 778/1 779/1 780/1
f 779/1 781/1 780/1
f 782/1 783/1 784/1
f 783/1 785/1 784/1
f 786/1 787/1 788/1
f 787/1 789/1 788/1
f 790/1 791/1 792/1
f 791/1 793/1 792/1
f 794/1 795/1 796/1
f 795/1 797/1 796/1
f 798/1 799/1 800/1
f 799/1 801/1 800/1
f 802/1 803/1 804/1
f 803/1 805/1 804/1
f 806/1 807/1 808/1
f 807/1 809/1 808/1
f 810/1 811/1 812/1
f 811/1 813/1 812/1
f 814/1 815/1 816/1
f 815/1 817/1 816/1
f 818/1 819/1 820/1
f 819/1 821/1 820/1
f 822/1 823/1 824/1
f 823/1 825/1 824/1
f 826/1 827/1 828/1
f 827/1 829/1 828/1
f 830/1 831/1 832/1
f 831/1 833/1 832/1
f 834/1 835/1 836/1
f 835/1 837/1 836/1
f 838/1 839/1 840/1
f 839/1 841/1 840/1
f 842/1 843/1 844/1
f 843/1 845/1 844/1
f 846/1 847/1 848/1
f 847/1 849/1 848/1
f 850/1 851/1 852/1
f 851/1 853/1 852/1
f 854/1 855/1 856/1
f 855/1 857/1 856/1
f 858/1 859/1 860/1
f 859/1 861/1 860/1
f 862/1 863/1 864/1
f 863/1 865/1 864/1
f 866/1 867/1 868/1
f 867/1 869/1 868/1
f 870/1 871/1 872/1
f 871/1 873/1 872/1
f 874/1 875/1 876/1
f 875/1 877/1 876/1
f 878/1 879/1 880/1
f 879/1 881/1 880/1
f 882/1 883/1 884/1
f 883/1 885/1 884/1
f 886/1 887/1 888/1
f 887/1 889/1 888/1
f 890/1 891/1 892/1
f 891/1 893/1 892/1
f 894/1 895/1 896/1
f 895/1 897/1 896/1
f 898/1 899/1 900/1
f 899/1 901/1 900/1
f 902/1 903/1 904/1
f 903/1 905/1 904/1
f 906/1 907/1 908/1
f 907/1 909/1 908/1
f 910/1 911/1 912/1
f 911/1 913/1 912/1
f 914/1 915/1 916/1
f 915/1 917/1 916/1
f 918/1 919/1 920/1
f 919/1 921/1 920/1
f 922/1 923/1 924/1
f 923/1 925/1 924/1
f 926/1 927/1 928/1
f 927/1 929/1 928/1
f 930/1 931/1 932/1
f 931/1 933/1 932/1
f 934/1 935/1 936/1
f 935/1 937/1 936/1
f 938/1 939/1 940/1
f 939/1 941/1 940/1
f 942/1 943/1 944/1
f 943/1 945/1 944/1
f 946/1 947/1 948/1
f 947/1 949/1 948/1
f 950/1 951/1 952/1
f 951/1 953/1 952/1
f 954/1 955/1 956/1
f 955/1 957/1 956/1
f 958/1 959/1 960/1
f 959/1 961/1 960/1
f 962/1 963/1 964/1
f 963/1 965/1 964/1
f 966/1 967/1 968/1
f 967/1 969/1 968/1
f 970/1 971/1 972/1
f 971/1 973/1 972/1
f 974/1 975/1 976/1
f 975/1 977/1 976/1
f 978/1 979/1 980/1
f 979/1 981/1 980/1
f 982/1 983/1 984/1
f 983/1 985/1 984/1
f 986/1 987/1 988/1
f 987/1 989/1 988/1
f 990/1 991/1 992/1
f 991/1 993/1 992/1
f 994/1 995/1 996/1
f 995/1 997/1 996/1
f 998/1 999/1 1000/1
f 999/1 1001/1 1000/1
f 1002/1 1003/1 1004/1
f 1003/1 1005/1 1004/1
f 1006/1 1007/1 1008/1
f 1007/1 1009/1 1008/1
f 1010/1 1011/1 1012/1
f 1011/1 1013/1 1012/1
f 1014/1 1015/1 1016/1
f 1015/1 1017/1 1016/1
f 1018/1 1019/1 1020/1
f 1019/1 1021/1 1020/1
f 1022/1 1023/1 1024/1
f 1023/1 1025/1 1024/1
f 1026/1 1027/1 1028/1
f 1027/1 1029/1 1028/1
f 1030/1 1031/1 1032/1
f 1031/1 1033/1 1032/1
f 1034/1 1035/1 1036/1
f 1035/1 1037/1 1036/1
f 1038/1 1039/1 1040/1
f 1039/1 1041/1 1040/1
f 1042/1 1043/1 1044/1
f 1043/1 1045/1 1044/1
f 1046/1 1047/1 1048/1
f 1047/1 1049/1 1048/1
f 1050/1 1051/1 1052/1
f 1051/1 1053/1 1052/1
f 1054/1 1055/1 1056/1
f 1055/1 1057/1 1056/1
f 1058/1 1059/1 1060/1
f 1059/1 1061/1 1060/1
f 1062/1 1063/1 1064/1
f 1063/1 1065/1 1064/1
f 1066/1 1067/1 1068/1
f 1067/1 1069/1 1068/1
f 1070/1 1071/1 1072/1
f 1071/1 1073/1 1072/1
f 1074/1 1075/1 1076/1
f 1075/1 1077/1 1076/1
f 1078/1 1079/1 1080/1
f 1079/1 1081/1 1080/1
f 1082/1 1083/1 1084/1
f 1083/1 1085/1 1084/1
f 1086/1 1087/1 1088/1
f 1087/1 1089/1 1088/1
f 1090/1 1091/1 1092/1
f 1091/1 1093/1 1092/1
f 1094/1 1095/1 1096/1
f 1095/1 1097/1 1096/1
f 1098/1 1099/1 1100/1
f 1099/1 1101/1 1100/1
f 1102/1 1103/1 1104/1
f 1103/1 1105/1 1104/1
f 1106/1 1107/1 1108/1
f 1107/1 1109/1 1108/1
f 1110/1 1111/1 1112/1
f 1111/1 1113/1 1112/1
f 1114/1 1115/1 1116/1
f 1115/1 1117/1 1116/1
f 1118/1 1119/1 1120/1
f 1119/1 1121/1 1120/1
f 1122/1 1123/1 1124/1
f 1123/1 1125/1 1124/1
f 1126/1 1127/1 1128/1
f 1127/1 1129/1 1128/1
f 1130/1 1131/1 1132/1
f 1131/1 1133/1 1132/1
f 1134/1 1135/1 1136/1
f 1135/1 1137/1 1136/1
f 1138/1 1139/1 1140/1
f 1139/1 1141/1 1140/1
f 1142/1 1143/1 1144/1
f 1143/1 1145/1 1144/1
f 1146/1 1147/1 1148/1
f 1147/1 1149/1 1148/1
f 1150/1 1151/1 1152/1
f 1151/1 1153/1 1152/1
f 1154/1 1155/1 1156/1
f 1155/1 1157/1 1156/1
f 1158/1 1159/1 1160/1
f 1159/1 1161/1 1160/1
f 1162/1 1163/1 1164/1
f 1163/1 1165/1 1164/1
f 1166/1 1167/1 1168/1
f 1167/1 1169/1 1168/1
f 1170/1 1171/1 1172/1
f 1171/1 1173/1 1172/1
f 1174/1 1175/1 1176/1
f 1175/1 1177/1 1176/1
f 1178/1 1179/1 1180/1
f 1179/1 1181/1 1180/1
f 1182/1 1183/1 1184/1
f 1183/1 1185/1 1184/1
f 1186/1 1187/1 1188/1
f 1187/1 1189/1 1188/1
f 1190/1 1191/1 1192/1
f 1191/1 1193/1 1192/1
f 1194/1 1195/1 1196/1
f 1195/1 1197/1 1196/1
f 1198/1 1199/1 1200/1
f 1199/1 1201/1 1200/1
f 1202/1 1203/1 1204/1
f 1203/1 1205/1 1204/1
f 1206/1 1207/1 1208/1
f 1207/1 1209/1 1208/1
f 1210/1 1211/1 1212/1
f 1211/1 1213/1 1212/1
f 1214/1 1215/1 1216/1
f 1215/1 1217/1 1216/1
f 1218/1 1219/1 1220/1
f 1219/1 1221/1 1220/1
f 1222/1 1223/1 1224/1
f 1223/1 1225/1 1224/1
f 1226/1 1227/1 1228/1
f 1227/1 1229/1 1228/1
f 1230/1 1231/1 1232/1
f 1231/1 1233/1 1232/1
f 1234/1 1235/1 1236/1
f 1235/1 1237/1 1236/1
f 1238/1 1239/1 1240/1
f 1239/1 1241/1 1240/1
f 1242/1 1243/1 1244/1
f 1243/1 1245/1 1244/1
f 1246/1 1247/1 1248/1
f 1247/1 1249/1 1248/1
f 1250/1 1251/1 1252/1
f 1251/1 1253/1 1252/1
f 1254/1 1255/1 1256/1
f 1255/1 1257/1 1256/1
f 1258/1 1259/1 1260/1
f 1259/1 1261/1 1260/1
f 1262/1 1263/1 1264/1
f 1263/1 1265/1 1264/1
f 1266/1 1267/1 1268/1
f 1267/1 1269/1 1268/1
f 1270/1 1271/1 1272/1
f 1271/1 1273/1 1272/1
f 1274/1 1275/1 1276/1
f 1275/1 1277/1 1276/1
f 1278/1 1279/1 1280/1
f 1279/1 1281/1 1280/1
f 1282/1 1283/1 1284/1
f 1283/1 1285/1 1284/1
f 1286/1 1287/1 1288/1
f 1287/1 1289/1 1288/1
f 1290/1 1291/1 1292/1
f 1291/1 1293/1 1292/1
f 1294/1 1295/1 1296/1
f 1295/1 1297/1 1296/1
f 1298/1 1299/1 1300/1
f 1299/1 1301/1 1300/1
f 1302/1 1303/1 1304/1
f 1303/1 1305/1 1304/1
f 1306/1 1307/1 1308/1
f 1307/1 1309/1 1308/1
f 1310/1 1311/1 1312/1
f 1311/1 1313/1 1312/1
f 1314/1 1315/1 1316/1
f 1315/1 1317/1 1316/1
f 1318/1 1319/1 1320/1
f 1319/1 1321/1 1320/1
f 1322/1 1323/1 1324/1
f 1323/1 1325/1 1324/1
f 1326/1 1327/1 1328/1
f 1327/1 1329/1 1328/1
f 1330/1 1331/1 1332/1
f 1331/1 1333/1 1332/1
f 1334/1 1335/1 1336/1
f 1335/1 1337/1 1336/1
f 1338/1 1339/1 1340/1
f 1339/1 1341/1 1340/1
f 1342/1 1343/1 1344/1
f 1343/1 1345/1 1344/1
f 1346/1 1347/1 1348/1
f 1347/1 1349/1 1348/1
f 1350/1 1351/1 1352/1
f 1351/1 1353/1 1352/1
f 1354/1 1355/1 1356/1
f 1355/1 1357/1 1356/1
f 1358/1 1359/1 1360/1
f 1359/1 1361/1 1360/1
f 1362/1 1363/1 1364/1
f 1363/1 1365/1 1364/1
f 1366/1 1367/1 1368/1
f 1367/1 1369/1 1368/1
f 1370/1 1371/1 1372/1
f 1371/1 1373/1 1372/1
f 1374/1 1375/1 1376/1
f 1375/1 1377/1 1376/1
f 1378/1 1379/1 1380/1
f 1379/1 1381/1 1380/1
f 1382/1 1383/1 1384/1
f 1383/1 1385/1 1384/1
f 1386/1 1387/1 1388/1
f 1387/1 1389/1 1388/1
f 1390/1 1391/1 1392/1
f 1391/1 1393/1 1392/1
f 1394/1 1395/1 1396/1
f 1395/1 1397/1 1396/1
f 1398/1 1399/1 1400/1
f 1399/1 1401/1 1400/1
f 1402/1 1403/1 1404/1
f 1403/1 1405/1 1404/1
f 1406/1 1407/1 1408/1
f 1407/1 1409/1 1408/1
f 1410/1 1411/1 1412/1
f 1411/1 1413/1 1412/1
f 1414/1 1415/1 1416/1
f 1415/1 1417/1 1416/1
f 1418/1 1419/1 1420/1
f 1419/1 1421/1 1420/1
f 1422/1 1423/1 1424/1
f 1423/1 1425/1 1424/1
f 1426/1 1427/1 1428/1
f 1427/1 1429/1 1428/1
f 1430/1 1431/1 1432/1
f 1431/1 1433/1 1432/1
f 1434/1 1435/1 1436/1
f 1435/1 1437/1 1436/1
f 1438/1 1439/1 1440/1
f 1439/1 1441/1 1440/1
f 1442/1 1443/1 1444/1
f 1443/1 1445/1 1444/1
f 1446/1 1447/1 1448/1
f 1447/1 1449/1 1448/1
f 1450/1 1451/1 1452/1
f 1451/1 1453/1 1452/1
f 1454/1 1455/1 1456/1
f 1455/1 1457/1 1456/1
f 1458/1 1459/1 1460/1
f 1459/1 1461/1 1460/1
f 1462/1 1463/1 1464/1
f 1463/1 1465/1 1464/1
f 1466/1 1467/1 1468/1
f 1467/1 1469/1 1468/1
f 1470/1 1471/1 1472/1
f 1471/1 1473/1 1472/1
f 1474/1 1475/1 1476/1
f 1475/1 1477/1 1476/1
f 1478/1 1479/1 1480/1
f 1479/1 1481/1 1480/1
f 1482/1 1483/1 1484/1
f 1483/1 1485/1 1484/1
f 1486/1 1487/1 1488/1
f 1487/1 1489/1 1488/1
f 1490/1 1491/1 1492/1
f 1491/1 1493/1 1492/1
f 1494/1 1495/1 1496/1
f 1495/1 1497/1 1496/1
f 1498/1 1499/1 1500/1
f 1499/1 1501/1 1500/1
f 1502/1 1503/1 1504/1
f 1503/1 1505/1 1504/1
f 1506/1 1507/1 1508/1
f 1507/1 1509/1 1508/1
f 1510/1 1511/1 1512/1
f 1511/1 1513/1 1512/1
f 1514/1 1515/1 1516/1
f 1515/1 1517/1 1516/1
f 1518/1 1519/1 1520/1
f 1519/1 1521/1 1520/1
f 1522/1 1523/1 1524/1
f 1523/1 1525/1 1524/1
f 1526/1 1527/1 1528/1
f 1527/1 1529/1 1528/1
f 1530/1 1531/1 1532/1
f 1531/1 1533/1 1532/1
f 1534/1 1535/1 1536/1
f 1535/1 1537/1 1536/1
f 1538/1 1539/1 1540/1
f 1539/1 1541/1 1540/1
f 1542/1 1543/1 1544/1
f 1543/1 1545/1 1544/1
f 1546/1 1547/1 1548/1
f 1547/1 1549/1 1548/1
f 1550/1 1551/1 1552/1
f 1551/1 1553/1 1552/1
f 1554/1 1555/1 1556/1
f 1555/1 1557/1 1556/1
f 1558/1 1559/1 1560/1
f 1559/1 1561/1 1560/1
f 1562/1 1563/1 1564/1
f 1563/1 1565/1 1564/1
f 1566/1 1567/1 1568/1
f 1567/1 1569/1 1568/1
f 1570/1 1571/1 1572/1
f 1571/1 1573/1 1572/1
f 1574/1 1575/1 1576/1
f 1575/1 1577/1 1576/1
f 1578/1 1579/1 1580/1
f 1579/1 1581/1 1580/1
f 1582/1 1583/1 1584/1
f 1583/1 1585/1 1584/1
f 1586/1 1587/1 1588/1
f 1587/1 1589/1 1588/1
f 1590/1 1591/1 1592/1
f 1591/1 1593/1 1592/1
f 1594/1 1595/1 1596/1
f 1595/1 1597/1 1596/1
f 1598/1 1599/1 1600/1
f 1599/1 1601/1 1600/1
f 1602/1 1603/1 1604/1
f 1603/1 1605/1 1604/1
f 1606/1 1607/1 1608/1
f 1607/1 1609/1 1608/1
f 1610/1 1611/1 1612/1
f 1611/1 1613/1 1612/1
f 1614/1 1615/1 1616/1
f 1615/1 1617/1 1616/1
f 1618/1 1619/1 1620/1
f 1619/1 1621/1 1620/1
f 1622/1 1623/1 1624/1
f 1623/1 1625/1 1624/1
f 1626/1 1627/1 1628/1
f 1627/1 1629/1 1628/1
f 1630/1 1631/1 1632/1
f 1631/1 1633/1 1632/1
f 1634/1 1635/1 1636/1
f 1635/1 1637/1 1636/1
f 1638/1 1639/1 1640/1
f 1639/1 1641/1 1640/1
f 1642/1 1643/1 1644/1
f 1643/1 1645/1 1644/1
f 1646/1 1647/1 1648/1
f 1647/1 1649/1 1648/1
f 1650/1 1651/1 1652/1
f 1651/1 1653/1 1652/1
f 1654/1 1655/1 1656/1
f 1655/1 1657/1 1656/1
f 1658/1 1659/1 1660/1
f 1659/1 1661/1 1660/1
f 1662/1 1663/1 1664/1
f 1663/1 1665/1 1664/1
f 1666/1 1667/1 1668/1
f 1667/1 1669/1 1668/1
f 1668/1 1669/1 1670/1
f 1669/1 1671/1 1670/1
f 1670/1 1671/1 1672/1
f 1671/1 1673/1 1672/1
f 1672/1 1673/1 1674/1
f 1675/1 1676/1 1677/1
f 1676/1 1678/1 1677/1
f 1677/1 1678/1 1679/1
f 1678/1 1680/1 1679/1
f 1681/1 1682/1 1683/1
f 1682/1 1684/1 1683/1
f 1683/1 1684/1 1685/1
f 1684/1 1686/1 1685/1
f 1687/1 1688/1 1689/1
f 1688/1 1690/1 1689/1
f 1689/1 1690/1 1691/1
f 1690/1 1692/1 1691/1
f 1691/1 1692/1 1693/1
f 1694/1 1695/1 1696/1
f 1695/1 1697/1 1696/1
f 1696/1 1697/1 1698/1
f 1697/1 1699/1 1698/1
f 1698/1 1699/1 1700/1
f 1699/1 1701/1 1700/1
f 1702/1 1703/1 1704/1
f 1703/1 1705/1 1704/1
f 1704/1 1705/1 1706/1
f 1705/1 1707/1 1706/1
f 1706/1 1707/1 1708/1
f 1707/1 1709/1 1708/1
f 1708/1 1709/1 1710/1
f 1709/1 1711/1 1710/1
f 1712/1 1713/1 1714/1
f 1713/1 1715/1 1714/1
f 1714/1 1715/1 1716/1
f 1715/1 1717/1 1716/1
f 1718/1 1719/1 1720/1
f 1719/1 1721/1 1720/1
f 1720/1 1721/1 1722/1
f 1723/1 1724/1 1725/1
f 1724/1 1726/1 1725/1
f 1725/1 1726/1 1727/1
f 1726/1 1728/1 1727/1
f 1729/1 1730/1 1731/1
f 1730/1 1732/1 1731/1
f 1731/1 1732/1 1733/1
f 1732/1 1734/1 1733/1
f 1733/1 1734/1 1735/1
f 1734/1 1736/1 1735/1
f 1735/1 1736/1 1737/1
f 1738/1 1739/1 1740/1
f 1739/1 1741/1 1740/1
f 1740/1 1741/1 1742/1
f 1741/1 1743/1 1742/1
f 1742/1 1743/1 1744/1
f 1743/1 1745/1 1744/1
f 1744/1 1745/1 1746/1
f 1745/1 1747/1 1746/1
f 1746/1 1747/1 1748/1
f 1749/1 1750/1 1751/1
f 1750/1 1752/1 1751/1
f 1751/1 1752/1 1753/1
f 1752/1 1754/1 1753/1
f 1755/1 1756/1 1757/1
f 1756/1 1758/1 1757/1
f 1757/1 1758/1 1759/1
f 1758/1 1760/1 1759/1
f 1759/1 1760/1 1761/1
f 1760/1 1762/1 1761/1
f 1761/1 1762/1 1763/1
f 1762/1 1764/1 1763/1
f 1763/1 1764/1 1765/1
f 1764/1 1766/1 1765/1
f 1767/1 1768/1 1769/1
f 1768/1 1770/1 1769/1
f 1769/1 1770/1 1771/1
f 1770/1 1772/1 1771/1
f 1771/1 1772/1 1773/1
f 1772/1 1774/1 1773/1
f 1775/1 1776/1 1777/1
f 1776/1 1778/1 1777/1
f 1777/1 1778/1 1779/1
f 1778/1 1780/1 1779/1
f 1779/1 1780/1 1781/1
f 1782/1 1783/1 1784/1
f 1783/1 1785/1 1784/1
f 1784/1 1785/1 1786/1
f 1785/1 1787/1 1786/1
f 1786/1 1787/1 1788/1
f 1787/1 1789/1 1788/1
f 1788/1 1789/1 1790/1
f 1791/1 1792/1 1793/1
f 1792/1 1794/1 1793/1
f 1793/1 1794/1 1795/1
f 1794/1 1796/1 1795/1
f 1797/1 1798/1 1799/1
f 1798/1 1800/1 1799/1
f 1799/1 1800/1 1801/1
f 1800/1 1802/1 1801/1
f 1803/1 1804/1 1805/1
f 1804/1 1806/1 1805/1
f 1805/1 1806/1 1807/1
f 1806/1 1808/1 1807/1
f 1807/1 1808/1 1809/1
f 1808/1 1810/1 1809/1
f 1809/1 1810/1 1811/1
f 1810/1 1812/1 1811/1
f 1811/1 1812/1 1813/1
f 1812/1 1814/1 1813/1
f 1813/1 1814/1 1815/1
f 1814/1 1816/1 1815/1
f 1815/1 1816/1 1817/1
f 1818/1 1819/1 1820/1
f 1819/1 1821/1 1820/1
f 1820/1 1821/1 1822/1
f 1823/1 1824/1 1825/1
f 1824/1 1826/1 1825/1
f 1825/1 1826/1 1827/1
f 1828/1 1829/1 1830/1
f 1829/1 1831/1 1830/1
f 1830/1 1831/1 1832/1
f 1831/1 1833/1 1832/1
f 1832/1 1833/1 1834/1
f 1833/1 1835/1 1834/1
f 1834/1 1835/1 1836/1
f 1835/1 1837/1 1836/1
f 1836/1 1837/1 1838/1
f 1837/1 1839/1 1838/1
f 1838/1 1839/1 1840/1
f 1839/1 1841/1 1840/1
f 1840/1 1841/1 1842/1
f 1843/1 1844/1 1845/1
f 1844/1 1846/1 1845/1
f 1845/1 1846/1 1847/1
f 1846/1 1848/1 1847/1
f 1847/1 1848/1 1849/1
f 1848/1 1850/1 1849/1
f 1849/1 1850/1 1851/1
f 1850/1 1852/1 1851/1
f 1851/1 1852/1 1853/1
f 1852/1 1854/1 1853/1
f 1853/1 1854/1 1855/1
f 1854/1 1856/1 1855/1
f 1855/1 1856/1 1857/1
f 1856/1 1858/1 1857/1
f 1859/1 1860/1 1861/1
f 1860/1 1862/1 1861/1
f 1861/1 1862/1 1863/1
f 1862/1 1864/1 1863/1
f 1865/1 1866/1 1867/1
f 1866/1 1868/1 1867/1
f 1867/1 1868/1 1869/1
f 1868/1 1870/1 1869/1
f 1869/1 1870/1 1871/1
f 1872/1 1873/1 1874/1
f 1873/1 1875/1 1874/1
f 1874/1 1875/1 1876/1
f 1875/1 1877/1 1876/1
f 1876/1 1877/1 1878/1
f 1877/1 1879/1 1878/1
f 1878/1 1879/1 1880/1
f 1879/1 1881/1 1880/1
f 1880/1 1881/1 1882/1
f 1881/1 1883/1 1882/1
f 1882/1 1883/1 1884/1
f 1883/1 1885/1 1884/1
f 1884/1 1885/1 1886/1
f 1887/1 1888/1 1889/1
f 1888/1 1890/1 1889/1
f 1889/1 1890/1 1891/1
f 1890/1 1892/1 1891/1
f 1891/1 1892/1 1893/1
f 1892/1 1894/1 1893/1
f 1895/1 1896/1 1897/1
f 1896/1 1898/1 1897/1
f 1897/1 1898/1 1899/1
f 1898/1 1900/1 1899/1
f 1899/1 1900/1 1901/1
f 1900/1 1902/1 1901/1
f 1901/1 1902/1 1903/1
f 1902/1 1904/1 1903/1
f 1903/1 1904/1 1905/1
f 1904/1 1906/1 1905/1
f 1907/1 1908/1 1909/1
f 1908/1 1910/1 1909/1
f 1909/1 1910/1 1911/1
f 1910/1 1912/1 1911/1
f 1911/1 1912/1 1913/1
f 1912/1 1914/1 1913/1
f 1913/1 1914/1 1915/1
f 1916/1 1917/1 1918/1
f 1917/1 1919/1 1918/1
f 1918/1 1919/1 1920/1
f 1921/1 1922/1 1923/1
f 1922/1 1924/1 1923/1
f 1923/1 1924/1 1925/1
f 1924/1 1926/1 1925/1
f 1927/1 1928/1 1929/1
f 1928/1 1930/1 1929/1
f 1929/1 1930/1 1931/1
f 1930/1 1932/1 1931/1
f 1931/1 1932/1 1933/1
f 1932/1 1934/1 1933/1
f 1933/1 1934/1 1935/1
f 1934/1 1936/1 1935/1
f 1937/1 1938/1 1939/1
f 1938/1 1940/1 1939/1
f 1939/1 1940/1 1941/1
f 1940/1 1942/1 1941/1
f 1941/1 1942/1 1943/1
f 1942/1 1944/1 1943/1
f 1943/1 1944/1 1945/1
f 1944/1 1946/1 1945/1
f 1945/1 1946/1 1947/1
f 1946/1 1948/1 1947/1
f 1947/1 1948/1 1949/1
f 1950/1 1951/1 1952/1
f 1951/1 1953/1 1952/1
f 1952/1 1953/1 1954/1
f 1953/1 1955/1 1954/1
f 1954/1 1955/1 1956/1
f 1955/1 1957/1 1956/1
f 1956/1 1957/1 1958/1
f 1957/1 1959/1 1958/1
f 1958/1 1959/1 1960/1
f 1959/1 1961/1 1960/1
f 1962/1 1963/1 1964/1
f 1963/1 1965/1 1964/1
f 1964/1 1965/1 1966/1
f 1967/1 1968/1 1969/1
f 1968/1 1970/1 1969/1
f 1969/1 1970/1 1971/1
f 1970/1 1972/1 1971/1
f 1971/1 1972/1 1973/1
f 1972/1 1974/1 1973/1
f 1973/1 1974/1 1975/1
f 1974/1 1976/1 1975/1
f 1975/1 1976/1 1977/1
f 1976/1 1978/1 1977/1
f 1977/1 1978/1 1979/1
f 1980/1 1981/1 1982/1
f 1981/1 1983/1 1982/1
f 1982/1 1983/1 1984/1
f 1983/1 1985/1 1984/1
f 1984/1 1985/1 1986/1
f 1987/1 1988/1 1989/1
f 1988/1 1990/1 1989/1
f 1989/1 1990/1 1991/1
f 1990/1 1992/1 1991/1
f 1991/1 1992/1 1993/1
f 1992/1 1994/1 1993/1
f 1993/1 1994/1 1995/1
f 1994/1 1996/1 1995/1
f 1995/1 1996/1 1997/1
f 1998/1 1999/1 2000/1
f 1999/1 2001/1 2000/1
f 2000/1 2001/1 2002/1
f 2001/1 2003/1 2002/1
f 2002/1 2003/1 2004/1
f 2005/1 2006/1 2007/1
f 2006/1 2008/1 2007/1
f 2007/1 2008/1 2009/1
f 2010/1 2011/1 2012/1
f 2011/1 2013/1 2012/1
f 2012/1 2013/1 2014/1
f 2015/1 2016/1 2017/1
f 2016/1 2018/1 2017/1
f 2017/1 2018/1 2019/1
f 2018/1 2020/1 2019/1
f 2019/1 2020/1 2021/1
f 2022/1 2023/1 2024/1
f 2023/1 2025/1 2024/1
f 2024/1 2025/1 2026/1
f 2025/1 2027/1 2026/1
f 2026/1 2027/1 2028/1
f 2027/1 2029/1 2028/1
f 2030/1 2031/1 2032/1
f 2031/1 2033/1 2032/1
f 2032/1 2033/1 2034/1
f 2033/1 2035/1 2034/1
f 2034/1 2035/1 2036/1
f 2035/1 2037/1 2036/1
f 2036/1 2037/1 2038/1
f 2037/1 2039/1 2038/1
f 2038/1 2039/1 2040/1
f 2041/1 2042/1 2043/1
f 2042/1 2044/1 2043/1
f 2043/1 2044/1 2045/1
f 2044/1 2046/1 2045/1
f 2045/1 2046/1 2047/1
f 2046/1 2048/1 2047/1
f 2047/1 2048/1 2049/1
f 2048/1 2050/1 2049/1
f 2049/1 2050/1 2051/1
f 2050/1 2052/1 2051/1
f 2053/1 2054/1 2055/1
f 2054/1 2056/1 2055/1
f 2055/1 2056/1 2057/1
f 2056/1 2058/1 2057/1
f 2057/1 2058/1 2059/1
f 2058/1 2060/1 2059/1
f 2059/1 2060/1 2061/1
f 2060/1 2062/1 2061/1
f 2061/1 2062/1 2063/1
f 2062/1 2064/1 2063/1
f 2065/1 2066/1 2067/1
f 2066/1 2068/1 2067/1
f 2067/1 2068/1 2069/1
f 2068/1 2070/1 2069/1
f 2069/1 2070/1 2071/1
f 2070/1 2072/1 2071/1
f 2073/1 2074/1 2075/1
f 2074/1 2076/1 2075/1
f 2075/1 2076/1 2077/1
f 2076/1 2078/1 2077/1
f 2077/1 2078/1 2079/1
f 2078/1 2080/1 2079/1
f 2079/1 2080/1 2081/1
f 2080/1 2082/1 2081/1
f 2081/1 2082/1 2083/1
f 2082/1 2084/1 2083/1
f 2085/1 2086/1 2087/1
f 2086/1 2088/1 2087/1
f 2087/1 2088/1 2089/1
f 2088/1 2090/1 2089/1
f 2089/1 2090/1 2091/1
f 2090/1 2092/1 2091/1
f 2091/1 2092/1 2093/1
f 2092/1 2094/1 2093/1
f 2093/1 2094/1 2095/1
f 2094/1 2096/1 2095/1
f 2097/1 2098/1 2099/1
f 2098/1 2100/1 2099/1
f 2099/1 2100/1 2101/1
f 2100/1 2102/1 2101/1
f 2101/1 2102/1 2103/1
f 2102/1 2104/1 2103/1
f 2103/1 2104/1 2105/1
f 2104/1 2106/1 2105/1
f 2105/1 2106/1 2107/1
f 2106/1 2108/1 2107/1
f 2107/1 2108/1 2109/1
f 2108/1 2110/1 2109/1
f 2109/1 2110/1 2111/1
f 2110/1 2112/1 2111/1
f 2111/1 2112/1 2113/1
f 2114/1 2115/1 2116/1
f 2115/1 2117/1 2116/1
f 2116/1 2117/1 2118/1
f 2117/1 2119/1 2118/1
f 2120/1 2121/1 2122/1
f 2121/1 2123/1 2122/1
f 2122/1 2123/1 2124/1
f 2123/1 2125/1 2124/1
f 2126/1 2127/1 2128/1
f 2127/1 2129/1 2128/1
f 2128/1 2129/1 2130/1
f 2129/1 2131/1 2130/1
f 2132/1 2133/1 2134/1
f 2133/1 2135/1 2134/1
f 2134/1 2135/1 2136/1
f 2135/1 2137/1 2136/1
f 2136/1 2137/1 2138/1
f 2137/1 2139/1 2138/1
f 2138/1 2139/1 2140/1
f 2139/1 2141/1 2140/1
f 2140/1 2141/1 2142/1
f 2141/1 2143/1 2142/1
f 2142/1 2143/1 2144/1
f 2143/1 2145/1 2144/1
f 2144/1 2145/1 2146/1
f 2145/1 2147/1 2146/1
f 2146/1 2147/1 2148/1
f 2147/1 2149/1 2148/1
f 2150/1 2151/1 2152/1
f 2151/1 2153/1 2152/1
f 2152/1 2153/1 2154/1
f 2153/1 2155/1 2154/1
f 2154/1 2155/1 2156/1
f 2155/1 2157/1 2156/1
f 2156/1 2157/1 2158/1
f 2157/1 2159/1 2158/1
f 2158/1 2159/1 2160/1
f 2159/1 2161/1 2160/1
f 2160/1 2161/1 2162/1
f 2161/1 2163/1 2162/1
f 2162/1 2163/1 2164/1
f 2163/1 2165/1 2164/1
f 2166/1 2167/1 2168/1
f 2167/1 2169/1 2168/1
f 2168/1 2169/1 2170/1
f 2171/1 2172/1 2173/1
f 2172/1 2174/1 2173/1
f 2173/1 2174/1 2175/1
f 2174/1 2176/1 2175/1
f 2177/1 2178/1 2179/1
f 2178/1 2180/1 2179/1
f 2179/1 2180/1 2181/1
f 2182/1 2183/1 2184/1
f 2183/1 2185/1 2184/1
f 2184/1 2185/1 2186/1
f 2185/1 2187/1 2186/1
f 2186/1 2187/1 2188/1
f 2187/1 2189/1 2188/1
f 2188/1 2189/1 2190/1
f 2189/1 2191/1 2190/1
f 2190/1 2191/1 2192/1
f 2193/1 2194/1 2195/1
f 2194/1 2196/1 2195/1
f 2195/1 2196/1 2197/1
f 2196/1 2198/1 2197/1
f 2197/1 2198/1 2199/1
f 2198/1 2200/1 2199/1
f 2201/1 2202/1 2203/1
f 2202/1 2204/1 2203/1
f 2203/1 2204/1 2205/1
f 2204/1 2206/1 2205/1
f 2205/1 2206/1 2207/1
f 2206/1 2208/1 2207/1
f 2207/1 2208/1 2209/1
f 2208/1 2210/1 2209/1
f 2209/1 2210/1 2211/1
f 2210/1 2212/1 2211/1
f 2213/1 2214/1 2215/1
f 2214/1 2216/1 2215/1
f 2215/1 2216/1 2217/1
f 2216/1 2218/1 2217/1
f 2217/1 2218/1 2219/1
f 2220/1 2221/1 2222/1
f 2221/1 2223/1 2222/1
f 2222/1 2223/1 2224/1
f 2223/1 2225/1 2224/1
f 2224/1 2225/1 2226/1
f 2225/1 2227/1 2226/1
f 2226/1 2227/1 2228/1
f 2227/1 2229/1 2228/1
f 2228/1 2229/1 2230/1
f 2229/1 2231/1 2230/1
f 2232/1 2233/1 2234/1
f 2233/1 2235/1 2234/1
f 2234/1 2235/1 2236/1
f 2235/1 2237/1 2236/1
f 2236/1 2237/1 2238/1
f 2239/1 2240/1 2241/1
f 2240/1 2242/1 2241/1
f 2241/1 2242/1 2243/1
f 2242/1 2244/1 2243/1
f 2243/1 2244/1 2245/1
f 2244/1 2246/1 2245/1
f 2245/1 2246/1 2247/1
f 2248/1 2249/1 2250/1
f 2249/1 2251/1 2250/1
f 2250/1 2251/1 2252/1
f 2251/1 2253/1 2252/1
f 2252/1 2253/1 2254/1
f 2255/1 2256/1 2257/1
f 2256/1 2258/1 2257/1
f 2257/1 2258/1 2259/1
f 2258/1 2260/1 2259/1
f 2259/1 2260/1 2261/1
f 2260/1 2262/1 2261/1
f 2261/1 2262/1 2263/1
f 2264/1 2265/1 2266/1
f 2265/1 2267/1 2266/1
f 2266/1 2267/1 2268/1
f 2267/1 2269/1 2268/1
f 2268/1 2269/1 2270/1
f 2269/1 2271/1 2270/1
f 2270/1 2271/1 2272/1
f 2271/1 2273/1 2272/1
f 2272/1 2273/1 2274/1
f 2273/1 2275/1 2274/1
f 2276/1 2277/1 2278/1
f 2277/1 2279/1 2278/1
f 2278/1 2279/1 2280/1
f 2279/1 2281/1 2280/1
f 2280/1 2281/1 2282/1
f 2281/1 2283/1 2282/1
f 2282/1 2283/1 2284/1
f 2283/1 2285/1 2284/1
f 2286/1 2287/1 2288/1
f 2287/1 2289/1 2288/1
f 2288/1 2289/1 2290/1
f 2289/1 2291/1 2290/1
f 2290/1 2291/1 2292/1
f 2291/1 2293/1 2292/1
f 2292/1 2293/1 2294/1
f 2293/1 2295/1 2294/1
f 2294/1 2295/1 2296/1
f 2297/1 2298/1 2299/1
f 2298/1 2300/1 2299/1
f 2299/1 2300/1 2301/1
f 2300/1 2302/1 2301/1
f 2303/1 2304/1 2305/1
f 2304/1 2306/1 2305/1
f 2305/1 2306/1 2307/1
f 2306/1 2308/1 2307/1
f 2307/1 2308/1 2309/1
f 2308/1 2310/1 2309/1
f 2311/1 2312/1 2313/1
f 2312/1 2314/1 2313/1
f 2313/1 2314/1 2315/1
f 2314/1 2316/1 2315/1
f 2315/1 2316/1 2317/1
f 2316/1 2318/1 2317/1
f 2317/1 2318/1 2319/1
f 2318/1 2320/1 2319/1
f 2319/1 2320/1 2321/1
f 2320/1 2322/1 2321/1
f 2321/1 2322/1 2323/1
f 2322/1 2324/1 2323/1
f 2323/1 2324/1 2325/1
f 2326/1 2327/1 2328/1
f 2327/1 2329/1 2328/1
f 2328/1 2329/1 2330/1
f 2331/1 2332/1 2333/1
f 2332/1 2334/1 2333/1
f 2333/1 2334/1 2335/1
f 2334/1 2336/1 2335/1
f 2335/1 2336/1 2337/1
f 2338/1 2339/1 2340/1
f 2339/1 2341/1 2340/1
f 2340/1 2341/1 2342/1
f 2343/1 2344/1 2345/1
f 2344/1 2346/1 2345/1
f 2345/1 2346/1 2347/1
f 2346/1 2348/1 2347/1
f 2347/1 2348/1 2349/1
f 2348/1 2350/1 2349/1
f 2349/1 2350/1 2351/1
f 2350/1 2352/1 2351/1
f 2351/1 2352/1 2353/1
f 2354/1 2355/1 2356/1
f 2355/1 2357/1 2356/1
f 2356/1 2357/1 2358/1
f 2357/1 2359/1 2358/1
f 2360/1 2361/1 2362/1
f 2361/1 2363/1 2362/1
f 2362/1 2363/1 2364/1
f 2363/1 2365/1 2364/1
f 2364/1 2365/1 2366/1
f 2365/1 2367/1 2366/1
f 2368/1 2369/1 2370/1
f 2369/1 2371/1 2370/1
f 2370/1 2371/1 2372/1
f 2371/1 2373/1 2372/1
f 2372/1 2373/1 2374/1
f 2373/1 2375/1 2374/1
f 2376/1 2377/1 2378/1
f 2377/1 2379/1 2378/1
f 2378/1 2379/1 2380/1
f 2379/1 2381/1 2380/1
f 2382/1 2383/1 2384/1
f 2383/1 2385/1 2384/1
f 2384/1 2385/1 2386/1
f 2385/1 2387/1 2386/1
f 2388/1 2389/1 2390/1
f 2389/1 2391/1 2390/1
f 2390/1 2391/1 2392/1
f 2391/1 2393/1 2392/1
f 2394/1 2395/1 2396/1
f 2395/1 2397/1 2396/1
f 2396/1 2397/1 2398/1
f 2397/1 2399/1 2398/1
f 2398/1 2399/1 2400/1
f 2399/1 2401/1 2400/1
f 2402/1 2403/1 2404/1
f 2403/1 2405/1 2404/1
f 2404/1 2405/1 2406/1
f 2407/1 2408/1 2409/1
f 2408/1 2410/1 2409/1
f 2409/1 2410/1 2411/1
f 2410/1 2412/1 2411/1
f 2411/1 2412/1 2413/1
f 2412/1 2414/1 2413/1
f 2415/1 2416/1 2417/1
f 2416/1 2418/1 2417/1
f 2417/1 2418/1 2419/1
f 2420/1 2421/1 2422/1
f 2421/1 2423/1 2422/1
f 2422/1 2423/1 2424/1
f 2423/1 2425/1 2424/1
f 2426/1 2427/1 2428/1
f 2427/1 2429/1 2428/1
f 2428/1 2429/1 2430/1
f 2431/1 2432/1 2433/1
f 2432/1 2434/1 2433/1
f 2433/1 2434/1 2435/1
f 2434/1 2436/1 2435/1
f 2435/1 2436/1 2437/1
f 2438/1 2439/1 2440/1
f 2439/1 2441/1 2440/1
f 2440/1 2441/1 2442/1
f 2441/1 2443/1 2442/1
f 2444/1 2445/1 2446/1
f 2445/1 2447/1 2446/1
f 2446/1 2447/1 2448/1
f 2449/1 2450/1 2451/1
f 2450/1 2452/1 2451/1
f 2451/1 2452/1 2453/1
f 2452/1 2454/1 2453/1
f 2453/1 2454/1 2455/1
f 2454/1 2456/1 2455/1
f 2455/1 2456/1 2457/1
f 2458/1 2459/1 2460/1
f 2459/1 2461/1 2460/1
f 2460/1 2461/1 2462/1
f 2461/1 2463/1 2462/1
f 2462/1 2463/1 2464/1
f 2463/1 2465/1 2464/1
f 2464/1 2465/1 2466/1
f 2465/1 2467/1 2466/1
f 2466/1 2467/1 2468/1
f 2467/1 2469/1 2468/1
f 2468/1 2469/1 2470/1
f 2469/1 2471/1 2470/1
f 2472/1 2473/1 2474/1
f 2473/1 2475/1 2474/1
f 2474/1 2475/1 2476/1
f 2477/1 2478/1 2479/1
f 2478/1 2480/1 2479/1
f 2479/1 2480/1 2481/1
f 2480/1 2482/1 2481/1
f 2483/1 2484/1 2485/1
f 2484/1 2486/1 2485/1
f 2485/1 2486/1 2487/1
f 2486/1 2488/1 2487/1
f 2487/1 2488/1 2489/1
f 2490/1 2491/1 2492/1
f 2491/1 2493/1 2492/1
f 2492/1 2493/1 2494/1
f 2493/1 2495/1 2494/1
f 2494/1 2495/1 2496/1
f 2497/1 2498/1 2499/1
f 2498/1 2500/1 2499/1
f 2499/1 2500/1 2501/1
f 2500/1 2502/1 2501/1
f 2501/1 2502/1 2503/1
f 2502/1 2504/1 2503/1
f 2503/1 2504/1 2505/1
f 2504/1 2506/1 2505/1
f 2507/1 2508/1 2509/1
f 2508/1 2510/1 2509/1
f 2509/1 2510/1 2511/1
f 2512/1 2513/1 2514/1
f 2513/1 2515/1 2514/1
f 2514/1 2515/1 2516/1
f 2515/1 2517/1 2516/1
f 2516/1 2517/1 2518/1
f 2517/1 2519/1 2518/1
f 2518/1 2519/1 2520/1
f 2519/1 2521/1 2520/1
f 2522/1 2523/1 2524/1
f 2523/1 2525/1 2524/1
f 2524/1 2525/1 2526/1
f 2525/1 2527/1 2526/1
f 2528/1 2529/1 2530/1
f 2529/1 2531/1 2530/1
f 2530/1 2531/1 2532/1
f 2531/1 2533/1 2532/1
f 2534/1 2535/1 2536/1
f 2535/1 2537/1 2536/1
f 2536/1 2537/1 2538/1
f 2537/1 2539/1 2538/1
f 2540/1 2541/1 2542/1
f 2541/1 2543/1 2542/1
f 2542/1 2543/1 2544/1
f 2543/1 2545/1 2544/1
f 2544/1 2545/1 2546/1
f 2545/1 2547/1 2546/1
f 2548/1 2549/1 2550/1
f 2549/1 2551/1 2550/1
f 2550/1 2551/1 2552/1
f 2553/1 2554/1 2555/1
f 2554/1 2556/1 2555/1
f 2555/1 2556/1 2557/1
f 2556/1 2558/1 2557/1
f 2557/1 2558/1 2559/1
f 2558/1 2560/1 2559/1
f 2559/1 2560/1 2561/1
f 2560/1 2562/1 2561/1
f 2561/1 2562/1 2563/1
f 2562/1 2564/1 2563/1
f 2563/1 2564/1 2565/1
f 2564/1 2566/1 2565/1
f 2565/1 2566/1 2567/1
f 2566/1 2568/1 2567/1
f 2567/1 2568/1 2569/1
f 2570/1 2571/1 2572/1
f 2571/1 2573/1 2572/1
f 2572/1 2573/1 2574/1
f 2573/1 2575/1 2574/1
f 2574/1 2575/1 2576/1
f 2575/1 2577/1 2576/1
f 2576/1 2577/1 2578/1
f 2577/1 2579/1 2578/1
f 2578/1 2579/1 2580/1
f 2579/1 2581/1 2580/1
f 2582/1 2583/1 2584/1
f 2583/1 2585/1 2584/1
f 2584/1 2585/1 2586/1
f 2585/1 2587/1 2586/1
f 2588/1 2589/1 2590/1
f 2589/1 2591/1 2590/1
f 2590/1 2591/1 2592/1
f 2591/1 2593/1 2592/1
f 2592/1 2593/1 2594/1
f 2593/1 2595/1 2594/1
f 2594/1 2595/1 2596/1
f 2595/1 2597/1 2596/1
f 2596/1 2597/1 2598/1
f 2597/1 2599/1 2598/1
f 2598/1 2599/1 2600/1
f 2599/1 2601/1 2600/1
f 2600/1 2601/1 2602/1
f 2601/1 2603/1 2602/1
f 2602/1 2603/1 2604/1
f 2605/1 2606/1 2607/1
f 2606/1 2608/1 2607/1
f 2607/1 2608/1 2609/1
f 2608/1 2610/1 2609/1
f 2611/1 2612/1 2613/1
f 2612/1 2614/1 2613/1
f 2613/1 2614/1 2615/1
f 2616/1 2617/1 2618/1
f 2617/1 2619/1 2618/1
f 2618/1 2619/1 2620/1
f 2619/1 2621/1 2620/1
f 2620/1 2621/1 2622/1
f 2621/1 2623/1 2622/1
f 2622/1 2623/1 2624/1
f 2625/1 2626/1 2627/1
f 2626/1 2628/1 2627/1
f 2627/1 2628/1 2629/1
f 2628/1 2630/1 2629/1
f 2629/1 2630/1 2631/1
f 2630/1 2632/1 2631/1
f 2631/1 2632/1 2633/1
f 2632/1 2634/1 2633/1
f 2633/1 2634/1 2635/1
f 2636/1 2637/1 2638/1
f 2637/1 2639/1 2638/1
f 2638/1 2639/1 2640/1
f 2639/1 2641/1 2640/1
f 2640/1 2641/1 2642/1
f 2641/1 2643/1 2642/1
f 2642/1 2643/1 2644/1
f 2643/1 2645/1 2644/1
f 2646/1 2647/1 2648/1
f 2647/1 2649/1 2648/1
f 2648/1 2649/1 2650/1
f 2649/1 2651/1 2650/1
f 2650/1 2651/1 2652/1
f 2651/1 2653/1 2652/1
f 2652/1 2653/1 2654/1
f 2653/1 2655/1 2654/1
f 2656/1 2657/1 2658/1
f 2657/1 2659/1 2658/1
f 2658/1 2659/1 2660/1
f 2659/1 2661/1 2660/1
f 2660/1 2661/1 2662/1
f 2661/1 2663/1 2662/1
f 2664/1 2665/1 2666/1
f 2665/1 2667/1 2666/1
f 2666/1 2667/1 2668/1
f 2667/1 2669/1 2668/1
f 2670/1 2671/1 2672/1
f 2671/1 2673/1 2672/1
f 2672/1 2673/1 2674/1
f 2673/1 2675/1 2674/1
f 2674/1 2675/1 2676/1
f 2677/1 2678/1 2679/1
f 2678/1 2680/1 2679/1
f 2679/1 2680/1 2681/1
f 2680/1 2682/1 2681/1
f 2681/1 2682/1 2683/1
f 2684/1 2685/1 2686/1
f 2685/1 2687/1 2686/1
f 2686/1 2687/1 2688/1
f 2687/1 2689/1 2688/1
f 2688/1 2689/1 2690/1
f 2689/1 2691/1 2690/1
f 2690/1 2691/1 2692/1
f 2691/1 2693/1 2692/1
f 2694/1 2695/1 2696/1
f 2695/1 2697/1 2696/1
f 2696/1 2697/1 2698/1
f 2697/1 2699/1 2698/1
f 2698/1 2699/1 2700/1
f 2701/1 2702/1 2703/1
f 2702/1 2704/1 2703/1
f 2703/1 2704/1 2705/1
f 2704/1 2706/1 2705/1
f 2705/1 2706/1 2707/1
f 2706/1 2708/1 2707/1
f 2709/1 2710/1 2711/1
f 2710/1 2712/1 2711/1
f 2711/1 2712/1 2713/1
f 2712/1 2714/1 2713/1
f 2713/1 2714/1 2715/1
f 2714/1 2716/1 2715/1
f 2715/1 2716/1 2717/1
f 2716/1 2718/1 2717/1
f 2717/1 2718/1 2719/1
f 2718/1 2720/1 2719/1
f 2721/1 2722/1 2723/1
f 2722/1 2724/1 2723/1
f 2723/1 2724/1 2725/1
f 2724/1 2726/1 2725/1
f 2725/1 2726/1 2727/1
f 2726/1 2728/1 2727/1
f 2727/1 2728/1 2729/1
f 2728/1 2730/1 2729/1
f 2729/1 2730/1 2731/1
f 2730/1 2732/1 2731/1
f 2731/1 2732/1 2733/1
f 2732/1 2734/1 2733/1
f 2733/1 2734/1 2735/1
f 2734/1 2736/1 2735/1
f 2735/1 2736/1 2737/1
f 2736/1 2738/1 2737/1
f 2737/1 2738/1 2739/1
f 2738/1 2740/1 2739/1
f 2739/1 2740/1 2741/1
f 2740/1 2742/1 2741/1
f 2741/1 2742/1 2743/1
f 2742/1 2744/1 2743/1
f 2743/1 2744/1 2745/1
f 2744/1 2746/1 2745/1
f 2745/1 2746/1 2747/1
f 2746/1 2748/1 2747/1
f 2749/1 2750/1 2751/1
f 2750/1 2752/1 2751/1
f 2751/1 2752/1 2753/1
f 2752/1 2754/1 2753/1
f 2753/1 2754/1 2755/1
f 2754/1 2756/1 2755/1
f 2757/1 2758/1 2759/1
f 2758/1 2760/1 2759/1
f 2759/1 2760/1 2761/1
f 2760/1 2762/1 2761/1
f 2761/1 2762/1 2763/1
f 2762/1 2764/1 2763/1
f 2765/1 2766/1 2767/1
f 2766/1 2768/1 2767/1
f 2767/1 2768/1 2769/1
f 2768/1 2770/1 2769/1
f 2769/1 2770/1 2771/1
f 2770/1 2772/1 2771/1
f 2771/1 2772/1 2773/1
f 2772/1 2774/1 2773/1
f 2773/1 2774/1 2775/1
f 2774/1 2776/1 2775/1
f 2777/1 2778/1 2779/1
f 2778/1 2780/1 2779/1
f 2779/1 2780/1 2781/1
f 2780/1 2782/1 2781/1
f 2781/1 2782/1 2783/1
f 2782/1 2784/1 2783/1
f 2785/1 2786/1 2787/1
f 2786/1 2788/1 2787/1
f 2787/1 2788/1 2789/1
f 2788/1 2790/1 2789/1
f 2789/1 2790/1 2791/1
f 2790/1 2792/1 2791/1
f 2793/1 2794/1 2795/1
f 2794/1 2796/1 2795/1
f 2795/1 2796/1 2797/1
f 2796/1 2798/1 2797/1
f 2797/1 2798/1 2799/1
f 2798/1 2800/1 2799/1
f 2799/1 2800/1 2801/1
f 2800/1 2802/1 2801/1
f 2803/1 2804/1 2805/1
f 2804/1 2806/1 2805/1
f 2805/1 2806/1 2807/1
f 2808/1 2809/1 2810/1
f 2809/1 2811/1 2810/1
f 2810/1 2811/1 2812/1
f 2811/1 2813/1 2812/1
f 2812/1 2813/1 2814/1
f 2813/1 2815/1 2814/1
f 2814/1 2815/1 2816/1
f 2815/1 2817/1 2816/1
f 2816/1 2817/1 2818/1
f 2817/1 2819/1 2818/1
f 2818/1 2819/1 2820/1
f 2819/1 2821/1 2820/1
f 2820/1 2821/1 2822/1
f 2821/1 2823/1 2822/1
f 2822/1 2823/1 2824/1
f 2823/1 2825/1 2824/1
f 2826/1 2827/1 2828/1
f 2827/1 2829/1 2828/1
f 2828/1 2829/1 2830/1
f 2829/1 2831/1 2830/1
f 2830/1 2831/1 2832/1
f 2831/1 2833/1 2832/1
f 2834/1 2835/1 2836/1
f 2835/1 2837/1 2836/1
f 2836/1 2837/1 2838/1
f 2837/1 2839/1 2838/1
f 2838/1 2839/1 2840/1
f 2839/1 2841/1 2840/1
f 2842/1 2843/1 2844/1
f 2843/1 2845/1 2844/1
f 2844/1 2845/1 2846/1
f 2845/1 2847/1 2846/1
f 2846/1 2847/1 2848/1
f 2847/1 2849/1 2848/1
f 2850/1 2851/1 2852/1
f 2851/1 2853/1 2852/1
f 2852/1 2853/1 2854/1
f 2853/1 2855/1 2854/1
f 2854/1 2855/1 2856/1
f 2857/1 2858/1 2859/1
f 2858/1 2860/1 2859/1
f 2859/1 2860/1 2861/1
f 2860/1 2862/1 2861/1
f 2861/1 2862/1 2863/1
f 2862/1 2864/1 2863/1
f 2863/1 2864/1 2865/1
f 2864/1 2866/1 2865/1
f 2865/1 2866/1 2867/1
f 2866/1 2868/1 2867/1
f 2867/1 2868/1 2869/1
f 2868/1 2870/1 2869/1
f 2869/1 2870/1 2871/1
f 2870/1 2872/1 2871/1
f 2871/1 2872/1 2873/1
f 2872/1 2874/1 2873/1
f 2873/1 2874/1 2875/1
f 2874/1 2876/1 2875/1
f 2875/1 2876/1 2877/1
f 2876/1 2878/1 2877/1
f 2879/1 2880/1 2881/1
f 2880/1 2882/1 2881/1
f 2881/1 2882/1 2883/1
f 2882/1 2884/1 2883/1
f 2883/1 2884/1 2885/1
f 2884/1 2886/1 2885/1
f 2885/1 2886/1 2887/1
f 2886/1 2888/1 2887/1
f 2887/1 2888/1 2889/1
f 2888/1 2890/1 2889/1
f 2889/1 2890/1 2891/1
f 2890/1 2892/1 2891/1
f 2891/1 2892/1 2893/1
f 2892/1 2894/1 2893/1
f 2893/1 2894/1 2895/1
f 2894/1 2896/1 2895/1
f 2895/1 2896/1 2897/1
f 2896/1 2898/1 2897/1
f 2899/1 2900/1 2901/1
f 2900/1 2902/1 2901/1
f 2901/1 2902/1 2903/1
f 2902/1 2904/1 2903/1
f 2903/1 2904/1 2905/1
f 2904/1 2906/1 2905/1
f 2905/1 2906/1 2907/1
f 2906/1 2908/1 2907/1
f 2907/1 2908/1 2909/1
f 2908/1 2910/1 2909/1
f 2909/1 2910/1 2911/1
f 2910/1 2912/1 2911/1
f 2911/1 2912/1 2913/1
f 2912/1 2914/1 2913/1
f 2913/1 2914/1 2915/1
f 2914/1 2916/1 2915/1
f 2915/1 2916/1 2917/1
f 2916/1 2918/1 2917/1
f 2917/1 2918/1 2919/1
f 2918/1 2920/1 2919/1
f 2919/1 2920/1 2921/1
f 2920/1 2922/1 2921/1
f 2921/1 2922/1 2923/1
f 2924/1 2925/1 2926/1
f 2925/1 2927/1 2926/1
f 2926/1 2927/1 2928/1
f 2927/1 2929/1 2928/1
f 2930/1 2931/1 2932/1
f 2931/1 2933/1 2932/1
f 2932/1 2933/1 2934/1
f 2933/1 2935/1 2934/1
f 2934/1 2935/1 2936/1
f 2937/1 2938/1 2939/1
f 2938/1 2940/1 2939/1
f 2939/1 2940/1 2941/1
f 2940/1 2942/1 2941/1
f 2941/1 2942/1 2943/1
f 2942/1 2944/1 2943/1
f 2945/1 2946/1 2947/1
f 2946/1 2948/1 2947/1
f 2947/1 2948/1 2949/1
f 2948/1 2950/1 2949/1
f 2949/1 2950/1 2951/1
f 2952/1 2953/1 2954/1
f 2953/1 2955/1 2954/1
f 2954/1 2955/1 2956/1
f 2957/1 2958/1 2959/1
f 2958/1 2960/1 2959/1
f 2959/1 2960/1 2961/1
f 2960/1 2962/1 2961/1
f 2961/1 2962/1 2963/1
f 2964/1 2965/1 2966/1
f 2965/1 2967/1 2966/1
f 2966/1 2967/1 2968/1
f 2967/1 2969/1 2968/1
f 2968/1 2969/1 2970/1
f 2969/1 2971/1 2970/1
f 2970/1 2971/1 2972/1
f 2973/1 2974/1 2975/1
f 2974/1 2976/1 2975/1
f 2975/1 2976/1 2977/1
f 2976/1 2978/1 2977/1
f 2977/1 2978/1 2979/1
f 2978/1 2980/1 2979/1
f 2979/1 2980/1 2981/1
f 2980/1 2982/1 2981/1
f 2983/1 2984/1 2985/1
f 2984/1 2986/1 2985/1
f 2985/1 2986/1 2987/1
f 2986/1 2988/1 2987/1
f 2987/1 2988/1 2989/1
f 2988/1 2990/1 2989/1
f 2989/1 2990/1 2991/1
f 2990/1 2992/1 2991/1
f 2991/1 2992/1 2993/1
f 2992/1 2994/1 2993/1
f 2993/1 2994/1 2995/1
f 2996/1 2997/1 2998/1
f 2997/1 2999/1 2998/1
f 2998/1 2999/1 3000/1
f 2999/1 3001/1 3000/1
f 3002/1 3003/1 3004/1
f 3003/1 3005/1 3004/1
f 3004/1 3005/1 3006/1
f 3005/1 3007/1 3006/1
f 3006/1 3007/1 3008/1
f 3007/1 3009/1 3008/1
f 3008/1 3009/1 3010/1
f 3009/1 3011/1 3010/1
f 3012/1 3013/1 3014/1
f 3013/1 3015/1 3014/1
f 3014/1 3015/1 3016/1
f 3015/1 3017/1 3016/1
f 3016/1 3017/1 3018/1
f 3017/1 3019/1 3018/1
f 3018/1 3019/1 3020/1
f 3019/1 3021/1 3020/1
f 3022/1 3023/1 3024/1
f 3023/1 3025/1 3024/1
f 3024/1 3025/1 3026/1
f 3027/1 3028/1 3029/1
f 3028/1 3030/1 3029/1
f 3029/1 3030/1 3031/1
f 3030/1 3032/1 3031/1
f 3031/1 3032/1 3033/1
f 3032/1 3034/1 3033/1
f 3033/1 3034/1 3035/1
f 3034/1 3036/1 3035/1
f 3035/1 3036/1 3037/1
f 3036/1 3038/1 3037/1
f 3039/1 3040/1 3041/1
f 3040/1 3042/1 3041/1
f 3041/1 3042/1 3043/1
f 3042/1 3044/1 3043/1
f 3043/1 3044/1 3045/1
f 3044/1 3046/1 3045/1
f 3045/1 3046/1 3047/1
f 3046/1 3048/1 3047/1
f 3047/1 3048/1 3049/1
f 3048/1 3050/1 3049/1
f 3049/1 3050/1 3051/1
f 3050/1 3052/1 3051/1
f 3053/1 3054/1 3055/1
f 3054/1 3056/1 3055/1
f 3055/1 3056/1 3057/1
f 3056/1 3058/1 3057/1
f 3057/1 3058/1 3059/1
f 3058/1 3060/1 3059/1
f 3059/1 3060/1 3061/1
f 3060/1 3062/1 3061/1
f 3061/1 3062/1 3063/1
f 3062/1 3064/1 3063/1
f 3063/1 3064/1 3065/1
f 3064/1 3066/1 3065/1
f 3065/1 3066/1 3067/1
f 3066/1 3068/1 3067/1
f 3067/1 3068/1 3069/1
f 3068/1 3070/1 3069/1
f 3071/1 3072/1 3073/1
f 3072/1 3074/1 3073/1
f 3073/1 3074/1 3075/1
f 3074/1 3076/1 3075/1
f 3075/1 3076/1 3077/1
f 3076/1 3078/1 3077/1
f 3079/1 3080/1 3081/1
f 3080/1 3082/1 3081/1
f 3081/1 3082/1 3083/1
f 3082/1 3084/1 3083/1
f 3083/1 3084/1 3085/1
f 3084/1 3086/1 3085/1
f 3085/1 3086/1 3087/1
f 3086/1 3088/1 3087/1
f 3087/1 3088/1 3089/1
f 3088/1 3090/1 3089/1
f 3089/1 3090/1 3091/1
f 3090/1 3092/1 3091/1
f 3093/1 3094/1 3095/1
f 3094/1 3096/1 3095/1
f 3095/1 3096/1 3097/1
f 3096/1 3098/1 3097/1
f 3097/1 3098/1 3099/1
f 3098/1 3100/1 3099/1
f 3099/1 3100/1 3101/1
f 3102/1 3103/1 3104/1
f 3103/1 3105/1 3104/1
f 3104/1 3105/1 3106/1
f 3105/1 3107/1 3106/1
f 3106/1 3107/1 3108/1
f 3107/1 3109/1 3108/1
f 3108/1 3109/1 3110/1
f 3109/1 3111/1 3110/1
f 3110/1 3111/1 3112/1
f 3111/1 3113/1 3112/1
f 3114/1 3115/1 3116/1
f 3115/1 3117/1 3116/1
f 3116/1 3117/1 3118/1
f 3117/1 3119/1 3118/1
f 3118/1 3119/1 3120/1
f 3119/1 3121/1 3120/1
f 3120/1 3121/1 3122/1
f 3121/1 3123/1 3122/1
f 3122/1 3123/1 3124/1
f 3123/1 3125/1 3124/1
f 3124/1 3125/1 3126/1
f 3125/1 3127/1 3126/1
f 3128/1 3129/1 3130/1
f 3129/1 3131/1 3130/1
f 3130/1 3131/1 3132/1
f 3131/1 3133/1 3132/1
f 3132/1 3133/1 3134/1
f 3133/1 3135/1 3134/1
f 3134/1 3135/1 3136/1
f 3135/1 3137/1 3136/1
f 3136/1 3137/1 3138/1
f 3137/1 3139/1 3138/1
f 3138/1 3139/1 3140/1
f 3139/1 3141/1 3140/1
f 3140/1 3141/1 3142/1
f 3141/1 3143/1 3142/1
f 3142/1 3143/1 3144/1
f 3143/1 3145/1 3144/1
f 3146/1 3147/1 3148/1
f 3147/1 3149/1 3148/1
f 3148/1 3149/1 3150/1
f 3149/1 3151/1 3150/1
f 3150/1 3151/1 3152/1
f 3151/1 3153/1 3152/1
f 3154/1 3155/1 3156/1
f 3155/1 3157/1 3156/1
f 3156/1 3157/1 3158/1
f 3157/1 3159/1 3158/1
f 3160/1 3161/1 3162/1
f 3161/1 3163/1 3162/1
f 3162/1 3163/1 3164/1
f 3163/1 3165/1 3164/1
f 3164/1 3165/1 3166/1
f 3165/1 3167/1 3166/1
f 3168/1 3169/1 3170/1
f 3169/1 3171/1 3170/1
f 3170/1 3171/1 3172/1
f 3171/1 3173/1 3172/1
f 3172/1 3173/1 3174/1
f 3173/1 3175/1 3174/1
f 3174/1 3175/1 3176/1
f 3175/1 3177/1 3176/1
f 3176/1 3177/1 3178/1
f 3179/1 3180/1 3181/1
f 3180/1 3182/1 3181/1
f 3181/1 3182/1 3183/1
f 3182/1 3184/1 3183/1
f 3183/1 3184/1 3185/1
f 3184/1 3186/1 3185/1
f 3187/1 3188/1 3189/1
f 3188/1 3190/1 3189/1
f 3189/1 3190/1 3191/1
f 3192/1 3193/1 3194/1
f 3193/1 3195/1 3194/1
f 3194/1 3195/1 3196/1
f 3195/1 3197/1 3196/1
f 3198/1 3199/1 3200/1
f 3199/1 3201/1 3200/1
f 3200/1 3201/1 3202/1
f 3201/1 3203/1 3202/1
f 3204/1 3205/1 3206/1
f 3205/1 3207/1 3206/1
f 3206/1 3207/1 3208/1
f 3207/1 3209/1 3208/1
f 3208/1 3209/1 3210/1
f 3209/1 3211/1 3210/1
f 3210/1 3211/1 3212/1
f 3211/1 3213/1 3212/1
f 3214/1 3215/1 3216/1
f 3215/1 3217/1 3216/1
f 3216/1 3217/1 3218/1
f 3217/1 3219/1 3218/1
f 3218/1 3219/1 3220/1
f 3219/1 3221/1 3220/1
f 3220/1 3221/1 3222/1
f 3221/1 3223/1 3222/1
f 3222/1 3223/1 3224/1
f 3223/1 3225/1 3224/1
f 3224/1 3225/1 3226/1
f 3225/1 3227/1 3226/1
f 3226/1 3227/1 3228/1
f 3227/1 3229/1 3228/1
f 3228/1 3229/1 3230/1
f 3229/1 3231/1 3230/1
f 3230/1 3231/1 3232/1
f 3231/1 3233/1 3232/1
f 3232/1 3233/1 3234/1
f 3233/1 3235/1 3234/1
f 3234/1 3235/1 3236/1
f 3237/1 3238/1 3239/1
f 3238/1 3240/1 3239/1
f 3239/1 3240/1 3241/1
f 3240/1 3242/1 3241/1
f 3241/1 3242/1 3243/1
f 3242/1 3244/1 3243/1
f 3243/1 3244/1 3245/1
f 3244/1 3246/1 3245/1
f 3245/1 3246/1 3247/1
f 3248/1 3249/1 3250/1
f 3249/1 3251/1 3250/1
f 3250/1 3251/1 3252/1
f 3253/1 3254/1 3255/1
f 3254/1 3256/1 3255/1
f 3255/1 3256/1 3257/1
f 3256/1 3258/1 3257/1
f 3257/1 3258/1 3259/1
f 3258/1 3260/1 3259/1
f 3259/1 3260/1 3261/1
f 3260/1 3262/1 3261/1
f 3261/1 3262/1 3263/1
f 3262/1 3264/1 3263/1
f 3263/1 3264/1 3265/1
f 3264/1 3266/1 3265/1
f 3265/1 3266/1 3267/1
f 3266/1 3268/1 3267/1
f 3267/1 3268/1 3269/1
f 3270/1 3271/1 3272/1
f 3271/1 3273/1 3272/1
f 3272/1 3273/1 3274/1
f 3273/1 3275/1 3274/1
f 3274/1 3275/1 3276/1
f 3277/1 3278/1 3279/1
f 3278/1 3280/1 3279/1
f 3279/1 3280/1 3281/1
f 3280/1 3282/1 3281/1
f 3281/1 3282/1 3283/1
f 3282/1 3284/1 3283/1
f 3285/1 3286/1 3287/1
f 3286/1 3288/1 3287/1
f 3287/1 3288/1 3289/1
f 3288/1 3290/1 3289/1
f 3289/1 3290/1 3291/1
f 3290/1 3292/1 3291/1
f 3291/1 3292/1 3293/1
f 3294/1 3295/1 3296/1
f 3295/1 3297/1 3296/1
f 3296/1 3297/1 3298/1
f 3299/1 3300/1 3301/1
f 3300/1 3302/1 3301/1
f 3301/1 3302/1 3303/1
f 3302/1 3304/1 3303/1
f 3303/1 3304/1 3305/1
f 3306/1 3307/1 3308/1
f 3307/1 3309/1 3308/1
f 3308/1 3309/1 3310/1
f 3309/1 3311/1 3310/1
f 3310/1 3311/1 3312/1
f 3311/1 3313/1 3312/1
f 3312/1 3313/1 3314/1
f 3315/1 3316/1 3317/1
f 3316/1 3318/1 3317/1
f 3317/1 3318/1 3319/1
f 3318/1 3320/1 3319/1
f 3319/1 3320/1 3321/1
f 3320/1 3322/1 3321/1
f 3321/1 3322/1 3323/1
f 3322/1 3324/1 3323/1
f 3323/1 3324/1 3325/1
f 3324/1 3326/1 3325/1
f 3325/1 3326/1 3327/1
f 3328/1 3329/1 3330/1
f 3329/1 3331/1 3330/1
f 3330/1 3331/1 3332/1
f 3331/1 3333/1 3332/1
f 3332/1 3333/1 3334/1
f 3333/1 3335/1 3334/1
f 3334/1 3335/1 3336/1
f 3335/1 3337/1 3336/1
f 3336/1 3337/1 3338/1
f 3337/1 3339/1 3338/1
f 3338/1 3339/1 3340/1
f 3339/1 3341/1 3340/1
f 3340/1 3341/1 3342/1
f 3341/1 3343/1 3342/1
f 3342/1 3343/1 3344/1
f 3343/1 3345/1 3344/1
f 3344/1 3345/1 3346/1
f 3345/1 3347/1 3346/1
f 3346/1 3347/1 3348/1
f 3347/1 3349/1 3348/1
f 3350/1 3351/1 3352/1
f 3351/1 3353/1 3352/1
f 3352/1 3353/1 3354/1
f 3353/1 3355/1 3354/1
f 3354/1 3355/1 3356/1
f 3355/1 3357/1 3356/1
f 3358/1 3359/1 3360/1
f 3359/1 3361/1 3360/1
f 3360/1 3361/1 3362/1
f 3361/1 3363/1 3362/1
f 3364/1 3365/1 3366/1
f 3365/1 3367/1 3366/1
f 3366/1 3367/1 3368/1
f 3369/1 3370/1 3371/1
f 3370/1 3372/1 3371/1
f 3371/1 3372/1 3373/1
f 3372/1 3374/1 3373/1
f 3373/1 3374/1 3375/1
f 3374/1 3376/1 3375/1
f 3375/1 3376/1 3377/1
f 3376/1 3378/1 3377/1
f 3377/1 3378/1 3379/1
f 3380/1 3381/1 3382/1
f 3381/1 3383/1 3382/1
f 3382/1 3383/1 3384/1
f 3383/1 3385/1 3384/1
f 3384/1 3385/1 3386/1
f 3385/1 3387/1 3386/1
f 3386/1 3387/1 3388/1
f 3389/1 3390/1 3391/1
f 3390/1 3392/1 3391/1
f 3391/1 3392/1 3393/1
f 3392/1 3394/1 3393/1
f 3393/1 3394/1 3395/1
f 3394/1 3396/1 3395/1
f 3395/1 3396/1 3397/1
f 3396/1 3398/1 3397/1
f 3397/1 3398/1 3399/1
f 3398/1 3400/1 3399/1
f 3401/1 3402/1 3403/1
f 3402/1 3404/1 3403/1
f 3403/1 3404/1 3405/1
f 3404/1 3406/1 3405/1
f 3405/1 3406/1 3407/1
f 3406/1 3408/1 3407/1
f 3407/1 3408/1 3409/1
f 3408/1 3410/1 3409/1
f 3411/1 3412/1 3413/1
f 3412/1 3414/1 3413/1
f 3413/1 3414/1 3415/1
f 3416/1 3417/1 3418/1
f 3417/1 3419/1 3418/1
f 3418/1 3419/1 3420/1
f 3421/1 3422/1 3423/1
f 3422/1 3424/1 3423/1
f 3423/1 3424/1 3425/1
f 3424/1 3426/1 3425/1
f 3425/1 3426/1 3427/1
f 3426/1 3428/1 3427/1
f 3429/1 3430/1 3431/1
f 3430/1 3432/1 3431/1
f 3431/1 3432/1 3433/1
f 3432/1 3434/1 3433/1
f 3433/1 3434/1 3435/1
f 3434/1 3436/1 3435/1
f 3435/1 3436/1 3437/1
f 3436/1 3438/1 3437/1
f 3437/1 3438/1 3439/1
f 3438/1 3440/1 3439/1
f 3439/1 3440/1 3441/1
f 3440/1 3442/1 3441/1
f 3441/1 3442/1 3443/1
f 3442/1 3444/1 3443/1
f 3443/1 3444/1 3445/1
f 3444/1 3446/1 3445/1
f 3445/1 3446/1 3447/1
f 3446/1 3448/1 3447/1
f 3447/1 3448/1 3449/1
f 3450/1 3451/1 3452/1
f 3451/1 3453/1 3452/1
f 3452/1 3453/1 3454/1
f 3453/1 3455/1 3454/1
f 3456/1 3457/1 3458/1
f 3457/1 3459/1 3458/1
f 3458/1 3459/1 3460/1
f 3461/1 3462/1 3463/1
f 3462/1 3464/1 3463/1
f 3463/1 3464/1 3465/1
f 3464/1 3466/1 3465/1
f 3465/1 3466/1 3467/1
f 3466/1 3468/1 3467/1
f 3469/1 3470/1 3471/1
f 3470/1 3472/1 3471/1
f 3471/1 3472/1 3473/1
f 3474/1 3475/1 3476/1
f 3475/1 3477/1 3476/1
f 3476/1 3477/1 3478/1
f 3477/1 3479/1 3478/1
f 3480/1 3481/1 3482/1
f 3481/1 3483/1 3482/1
f 3482/1 3483/1 3484/1
f 3485/1 3486/1 3487/1
f 3486/1 3488/1 3487/1
f 3487/1 3488/1 3489/1
f 3488/1 3490/1 3489/1
f 3489/1 3490/1 3491/1
f 3490/1 3492/1 3491/1
f 3491/1 3492/1 3493/1
f 3492/1 3494/1 3493/1
f 3495/1 3496/1 3497/1
f 3496/1 3498/1 3497/1
f 3497/1 3498/1 3499/1
f 3498/1 3500/1 3499/1
f 3501/1 3502/1 3503/1
f 3502/1 3504/1 3503/1
f 3503/1 3504/1 3505/1
f 3504/1 3506/1 3505/1
f 3507/1 3508/1 3509/1
f 3508/1 3510/1 3509/1
f 3509/1 3510/1 3511/1
f 3510/1 3512/1 3511/1
f 3513/1 3514/1 3515/1
f 3514/1 3516/1 3515/1
f 3515/1 3516/1 3517/1
f 3516/1 3518/1 3517/1
f 3517/1 3518/1 3519/1
f 3518/1 3520/1 3519/1
f 3519/1 3520/1 3521/1
f 3520/1 3522/1 3521/1
f 3521/1 3522/1 3523/1
f 3522/1 3524/1 3523/1
f 3523/1 3524/1 3525/1
f 3524/1 3526/1 3525/1
f 3525/1 3526/1 3527/1
f 3526/1 3528/1 3527/1
f 3527/1 3528/1 3529/1
f 3528/1 3530/1 3529/1
f 3531/1 3532/1 3533/1
f 3532/1 3534/1 3533/1
f 3533/1 3534/1 3535/1
f 3534/1 3536/1 3535/1
f 3535/1 3536/1 3537/1
f 3536/1 3538/1 3537/1
f 3539/1 3540/1 3541/1
f 3540/1 3542/1 3541/1
f 3541/1 3542/1 3543/1
f 3542/1 3544/1 3543/1
f 3543/1 3544/1 3545/1
f 3544/1 3546/1 3545/1
f 3545/1 3546/1 3547/1
f 3546/1 3548/1 3547/1
f 3547/1 3548/1 3549/1
f 3550/1 3551/1 3552/1
f 3551/1 3553/1 3552/1
f 3552/1 3553/1 3554/1
f 3553/1 3555/1 3554/1
f 3554/1 3555/1 3556/1
f 3555/1 3557/1 3556/1
f 3556/1 3557/1 3558/1
f 3557/1 3559/1 3558/1
f 3558/1 3559/1 3560/1
f 3559/1 3561/1 3560/1
f 3560/1 3561/1 3562/1
f 3561/1 3563/1 3562/1
f 3564/1 3565/1 3566/1
f 3565/1 3567/1 3566/1
f 3566/1 3567/1 3568/1
f 3567/1 3569/1 3568/1
f 3568/1 3569/1 3570/1
f 3569/1 3571/1 3570/1
f 3570/1 3571/1 3572/1
f 3571/1 3573/1 3572/1
f 3572/1 3573/1 3574/1
f 3573/1 3575/1 3574/1
f 3576/1 3577/1 3578/1
f 3577/1 3579/1 3578/1
f 3578/1 3579/1 3580/1
f 3579/1 3581/1 3580/1
f 3580/1 3581/1 3582/1
f 3581/1 3583/1 3582/1
f 3582/1 3583/1 3584/1
f 3583/1 3585/1 3584/1
f 3586/1 3587/1 3588/1
f 3587/1 3589/1 3588/1
f 3588/1 3589/1 3590/1
f 3589/1 3591/1 3590/1
f 3590/1 3591/1 3592/1
f 3591/1 3593/1 3592/1
f 3594/1 3595/1 3596/1
f 3595/1 3597/1 3596/1
f 3596/1 3597/1 3598/1
f 3597/1 3599/1 3598/1
f 3598/1 3599/1 3600/1
f 3599/1 3601/1 3600/1
f 3600/1 3601/1 3602/1
f 3601/1 3603/1 3602/1
f 3604/1 3605/1 3606/1
f 3605/1 3607/1 3606/1
f 3606/1 3607/1 3608/1
f 3607/1 3609/1 3608/1
f 3608/1 3609/1 3610/1
f 3609/1 3611/1 3610/1
f 3610/1 3611/1 3612/1
f 3611/1 3613/1 3612/1
f 3612/1 3613/1 3614/1
f 3613/1 3615/1 3614/1
f 3614/1 3615/1 3616/1
f 3615/1 3617/1 3616/1
f 3616/1 3617/1 3618/1
f 3617/1 3619/1 3618/1
f 3618/1 3619/1 3620/1
f 3619/1 3621/1 3620/1
f 3620/1 3621/1 3622/1
f 3621/1 3623/1 3622/1
f 3622/1 3623/1 3624/1
f 3623/1 3625/1 3624/1
f 3624/1 3625/1 3626/1
f 3625/1 3627/1 3626/1
f 3626/1 3627/1 3628/1
f 3627/1 3629/1 3628/1
f 3628/1 3629/1 3630/1
f 3629/1 3631/1 3630/1
f 3630/1 3631/1 3632/1
f 3631/1 3633/1 3632/1
f 3632/1 3633/1 3634/1
f 3633/1 3635/1 3634/1
f 3634/1 3635/1 3636/1
f 3635/1 3637/1 3636/1
f 3636/1 3637/1 3638/1
f 3637/1 3639/1 3638/1
f 3638/1 3639/1 3640/1
f 3639/1 3641/1 3640/1
f 3640/1 3641/1 3642/1
f 3643/1 3644/1 3645/1
f 3644/1 3646/1 3645/1
f 3645/1 3646/1 3647/1
f 3646/1 3648/1 3647/1
f 3647/1 3648/1 3649/1
f 3648/1 3650/1 3649/1
f 3649/1 3650/1 3651/1
f 3650/1 3652/1 3651/1
f 3653/1 3654/1 3655/1
f 3654/1 3656/1 3655/1
f 3655/1 3656/1 3657/1
f 3656/1 3658/1 3657/1
f 3657/1 3658/1 3659/1
f 3658/1 3660/1 3659/1
f 3659/1 3660/1 3661/1
f 3660/1 3662/1 3661/1
f 3661/1 3662/1 3663/1
f 3662/1 3664/1 3663/1
f 3663/1 3664/1 3665/1
f 3664/1 3666/1 3665/1
f 3665/1 3666/1 3667/1
f 3666/1 3668/1 3667/1
f 3667/1 3668/1 3669/1
f 3668/1 3670/1 3669/1
f 3671/1 3672/1 3673/1
f 3672/1 3674/1 3673/1
f 3673/1 3674/1 3675/1
f 3674/1 3676/1 3675/1
f 3675/1 3676/1 3677/1
f 3676/1 3678/1 3677/1
f 3677/1 3678/1 3679/1
f 3678/1 3680/1 3679/1
f 3681/1 3682/1 3683/1
f 3682/1 3684/1 3683/1
f 3683/1 3684/1 3685/1
f 3684/1 3686/1 3685/1
f 3685/1 3686/1 3687/1
f 3686/1 3688/1 3687/1
f 3687/1 3688/1 3689/1
f 3688/1 3690/1 3689/1
f 3691/1 3692/1 3693/1
f 3692/1 3694/1 3693/1
f 3693/1 3694/1 3695/1
f 3694/1 3696/1 3695/1
f 3695/1 3696/1 3697/1
f 3698/1 3699/1 3700/1
f 3699/1 3701/1 3700/1
f 3700/1 3701/1 3702/1
f 3703/1 3704/1 3705/1
f 3704/1 3706/1 3705/1
f 3705/1 3706/1 3707/1
f 3706/1 3708/1 3707/1
f 3707/1 3708/1 3709/1
f 3710/1 3711/1 3712/1
f 3711/1 3713/1 3712/1
f 3712/1 3713/1 3714/1
f 3713/1 3715/1 3714/1
f 3714/1 3715/1 3716/1
f 3715/1 3717/1 3716/1
f 3716/1 3717/1 3718/1
f 3717/1 3719/1 3718/1
f 3718/1 3719/1 3720/1
f 3719/1 3721/1 3720/1
f 3720/1 3721/1 3722/1
f 3723/1 3724/1 3725/1
f 3724/1 3726/1 3725/1
f 3725/1 3726/1 3727/1
f 3728/1 3729/1 3730/1
f 3729/1 3731/1 3730/1
f 3730/1 3731/1 3732/1
f 3731/1 3733/1 3732/1
f 3732/1 3733/1 3734/1
f 3735/1 3736/1 3737/1
f 3736/1 3738/1 3737/1
f 3737/1 3738/1 3739/1
f 3738/1 3740/1 3739/1
f 3739/1 3740/1 3741/1
f 3740/1 3742/1 3741/1
f 3741/1 3742/1 3743/1
f 3742/1 3744/1 3743/1
f 3743/1 3744/1 3745/1
f 3746/1 3747/1 3748/1
f 3747/1 3749/1 3748/1
f 3748/1 3749/1 3750/1
f 3749/1 3751/1 3750/1
f 3750/1 3751/1 3752/1
f 3751/1 3753/1 3752/1
f 3752/1 3753/1 3754/1
f 3753/1 3755/1 3754/1
f 3754/1 3755/1 3756/1
f 3755/1 3757/1 3756/1
f 3756/1 3757/1 3758/1
f 3757/1 3759/1 3758/1
f 3758/1 3759/1 3760/1
f 3759/1 3761/1 3760/1
f 3760/1 3761/1 3762/1
f 3761/1 3763/1 3762/1
f 3762/1 3763/1 3764/1
f 3763/1 3765/1 3764/1
f 3764/1 3765/1 3766/1
f 3765/1 3767/1 3766/1
f 3766/1 3767/1 3768/1
f 3767/1 3769/1 3768/1
f 3768/1 3769/1 3770/1
f 3769/1 3771/1 3770/1
f 3770/1 3771/1 3772/1
f 3771/1 3773/1 3772/1
f 3772/1 3773/1 3774/1
f 3773/1 3775/1 3774/1
f 3774/1 3775/1 3776/1
f 3775/1 3777/1 3776/1
f 3776/1 3777/1 3778/1
f 3779/1 3780/1 3781/1
f 3780/1 3782/1 3781/1
f 3781/1 3782/1 3783/1
f 3782/1 3784/1 3783/1
f 3783/1 3784/1 3785/1
f 3784/1 3786/1 3785/1
f 3787/1 3788/1 3789/1
f 3788/1 3790/1 3789/1
f 3789/1 3790/1 3791/1
f 3790/1 3792/1 3791/1
f 3791/1 3792/1 3793/1
f 3792/1 3794/1 3793/1
f 3795/1 3796/1 3797/1
f 3796/1 3798/1 3797/1
f 3797/1 3798/1 3799/1
f 3798/1 3800/1 3799/1
f 3799/1 3800/1 3801/1
f 3800/1 3802/1 3801/1
f 3803/1 3804/1 3805/1
f 3804/1 3806/1 3805/1
f 3805/1 3806/1 3807/1
f 3806/1 3808/1 3807/1
f 3807/1 3808/1 3809/1
f 3808/1 3810/1 3809/1
f 3811/1 3812/1 3813/1
f 3812/1 3814/1 3813/1
f 3813/1 3814/1 3815/1
f 3814/1 3816/1 3815/1
f 3815/1 3816/1 3817/1
f 3816/1 3818/1 3817/1
f 3817/1 3818/1 3819/1
f 3818/1 3820/1 3819/1
f 3821/1 3822/1 3823/1
f 3822/1 3824/1 3823/1
f 3823/1 3824/1 3825/1
f 3824/1 3826/1 3825/1
f 3825/1 3826/1 3827/1
f 3826/1 3828/1 3827/1
f 3827/1 3828/1 3829/1
f 3828/1 3830/1 3829/1
f 3829/1 3830/1 3831/1
f 3830/1 3832/1 3831/1
f 3831/1 3832/1 3833/1
f 3834/1 3835/1 3836/1
f 3835/1 3837/1 3836/1
f 3836/1 3837/1 3838/1
f 3837/1 3839/1 3838/1
f 3838/1 3839/1 3840/1
f 3839/1 3841/1 3840/1
f 3840/1 3841/1 3842/1
f 3841/1 3843/1 3842/1
f 3842/1 3843/1 3844/1
f 3843/1 3845/1 3844/1
f 3844/1 3845/1 3846/1
f 3845/1 3847/1 3846/1
f 3846/1 3847/1 3848/1
f 3847/1 3849/1 3848/1
f 3848/1 3849/1 3850/1
f 3849/1 3851/1 3850/1
f 3850/1 3851/1 3852/1
f 3851/1 3853/1 3852/1
f 3852/1 3853/1 3854/1
f 3853/1 3855/1 3854/1
f 3854/1 3855/1 3856/1
f 3855/1 3857/1 3856/1
f 3856/1 3857/1 3858/1
f 3859/1 3860/1 3861/1
f 3860/1 3862/1 3861/1
f 3861/1 3862/1 3863/1
f 3862/1 3864/1 3863/1
f 3863/1 3864/1 3865/1
f 3864/1 3866/1 3865/1
f 3867/1 3868/1 3869/1
f 3868/1 3870/1 3869/1
f 3869/1 3870/1 3871/1
f 3870/1 3872/1 3871/1
f 3873/1 3874/1 3875/1
f 3874/1 3876/1 3875/1
f 3875/1 3876/1 3877/1
f 3876/1 3878/1 3877/1
f 3877/1 3878/1 3879/1
f 3878/1 3880/1 3879/1
f 3881/1 3882/1 3883/1
f 3882/1 3884/1 3883/1
f 3883/1 3884/1 3885/1
f 3884/1 3886/1 3885/1
f 3885/1 3886/1 3887/1
f 3888/1 3889/1 3890/1
f 3889/1 3891/1 3890/1
f 3890/1 3891/1 3892/1
f 3891/1 3893/1 3892/1
f 3892/1 3893/1 3894/1
f 3893/1 3895/1 3894/1
f 3894/1 3895/1 3896/1
f 3895/1 3897/1 3896/1
f 3896/1 3897/1 3898/1
f 3897/1 3899/1 3898/1
f 3898/1 3899/1 3900/1
f 3899/1 3901/1 3900/1
f 3900/1 3901/1 3902/1
f 3901/1 3903/1 3902/1
f 3902/1 3903/1 3904/1
f 3903/1 3905/1 3904/1
f 3904/1 3905/1 3906/1
f 3905/1 3907/1 3906/1
f 3906/1 3907/1 3908/1
f 3907/1 3909/1 3908/1
f 3908/1 3909/1 3910/1
f 3909/1 3911/1 3910/1
f 3910/1 3911/1 3912/1
f 3911/1 3913/1 3912/1
f 3912/1 3913/1 3914/1
f 3913/1 3915/1 3914/1
f 3914/1 3915/1 3916/1
f 3915/1 3917/1 3916/1
f 3916/1 3917/1 3918/1
f 3919/1 3920/1 3921/1
f 3920/1 3922/1 3921/1
f 3921/1 3922/1 3923/1
f 3924/1 3925/1 3926/1
f 3925/1 3927/1 3926/1
f 3926/1 3927/1 3928/1
f 3927/1 3929/1 3928/1
f 3928/1 3929/1 3930/1
f 3929/1 3931/1 3930/1
f 3932/1 3933/1 3934/1
f 3933/1 3935/1 3934/1
f 3934/1 3935/1 3936/1
f 3937/1 3938/1 3939/1
f 3938/1 3940/1 3939/1
f 3939/1 3940/1 3941/1
f 3940/1 3942/1 3941/1
f 3941/1 3942/1 3943/1
f 3944/1 3945/1 3946/1
f 3945/1 3947/1 3946/1
f 3946/1 3947/1 3948/1
f 3947/1 3949/1 3948/1
f 3948/1 3949/1 3950/1
f 3949/1 3951/1 3950/1
f 3952/1 3953/1 3954/1
f 3953/1 3955/1 3954/1
f 3954/1 3955/1 3956/1
f 3955/1 3957/1 3956/1
f 3956/1 3957/1 3958/1
f 3957/1 3959/1 3958/1
f 3958/1 3959/1 3960/1
f 3959/1 3961/1 3960/1
f 3962/1 3963/1 3964/1
f 3963/1 3965/1 3964/1
f 3964/1 3965/1 3966/1
f 3965/1 3967/1 3966/1
f 3966/1 3967/1 3968/1
f 3967/1 3969/1 3968/1
f 3968/1 3969/1 3970/1
f 3969/1 3971/1 3970/1
f 3970/1 3971/1 3972/1
f 3971/1 3973/1 3972/1
f 3974/1 3975/1 3976/1
f 3975/1 3977/1 3976/1
f 3976/1 3977/1 3978/1
f 3977/1 3979/1 3978/1
f 3978/1 3979/1 3980/1
f 3979/1 3981/1 3980/1
f 3980/1 3981/1 3982/1
f 3981/1 3983/1 3982/1
f 3984/1 3985/1 3986/1
f 3985/1 3987/1 3986/1
f 3986/1 3987/1 3988/1
f 3987/1 3989/1 3988/1
f 3988/1 3989/1 3990/1
f 3989/1 3991/1 3990/1
f 3990/1 3991/1 3992/1
f 3991/1 3993/1 3992/1
f 3994/1 3995/1 3996/1
f 3995/1 3997/1 3996/1
f 3996/1 3997/1 3998/1
f 3997/1 3999/1 3998/1
f 3998/1 3999/1 4000/1
f 4001/1 4002/1 4003/1
f 4002/1 4004/1 4003/1
f 4003/1 4004/1 4005/1
f 4004/1 4006/1 4005/1
f 4005/1 4006/1 4007/1
f 4006/1 4008/1 4007/1
f 4007/1 4008/1 4009/1
f 4008/1 4010/1 4009/1
f 4009/1 4010/1 4011/1
f 4010/1 4012/1 4011/1
f 4011/1 4012/1 4013/1
f 4012/1 4014/1 4013/1
f 4013/1 4014/1 4015/1
f 4014/1 4016/1 4015/1
f 4017/1 4018/1 4019/1
f 4018/1 4020/1 4019/1
f 4019/1 4020/1 4021/1
f 4020/1 4022/1 4021/1
f 4021/1 4022/1 4023/1
f 4022/1 4024/1 4023/1
f 4023/1 4024/1 4025/1
f 4024/1 4026/1 4025/1
f 4025/1 4026/1 4027/1
f 4026/1 4028/1 4027/1
f 4029/1 4030/1 4031/1
f 4030/1 4032/1 4031/1
f 4031/1 4032/1 4033/1
f 4032/1 4034/1 4033/1
f 4033/1 4034/1 4035/1
f 4034/1 4036/1 4035/1
f 4035/1 4036/1 4037/1
f 4036/1 4038/1 4037/1
f 4037/1 4038/1 4039/1
f 4038/1 4040/1 4039/1
f 4039/1 4040/1 4041/1
f 4040/1 4042/1 4041/1
f 4041/1 4042/1 4043/1
f 4042/1 4044/1 4043/1
f 4045/1 4046/1 4047/1
f 4046/1 4048/1 4047/1
f 4047/1 4048/1 4049/1
f 4048/1 4050/1 4049/1
f 4049/1 4050/1 4051/1
f 4050/1 4052/1 4051/1
f 4051/1 4052/1 4053/1
f 4052/1 4054/1 4053/1
f 4053/1 4054/1 4055/1
f 4054/1 4056/1 4055/1
f 4055/1 4056/1 4057/1
f 4056/1 4058/1 4057/1
f 4057/1 4058/1 4059/1
f 4058/1 4060/1 4059/1
f 4059/1 4060/1 4061/1
f 4060/1 4062/1 4061/1
f 4061/1 4062/1 4063/1
f 4062/1 4064/1 4063/1
f 4063/1 4064/1 4065/1
f 4064/1 4066/1 4065/1
f 4065/1 4066/1 4067/1
f 4066/1 4068/1 4067/1
f 4067/1 4068/1 4069/1
f 4068/1 4070/1 4069/1
f 4069/1 4070/1 4071/1
f 4070/1 4072/1 4071/1
f 4071/1 4072/1 4073/1
f 4072/1 4074/1 4073/1
f 4073/1 4074/1 4075/1
f 4074/1 4076/1 4075/1
f 4075/1 4076/1 4077/1
f 4076/1 4078/1 4077/1
f 4077/1 4078/1 4079/1
f 4080/1 4081/1 4082/1
f 4081/1 4083/1 4082/1
f 4082/1 4083/1 4084/1
f 4085/1 4086/1 4087/1
f 4086/1 4088/1 4087/1
f 4087/1 4088/1 4089/1
f 4090/1 4091/1 4092/1
f 4091/1 4093/1 4092/1
f 4092/1 4093/1 4094/1
f 4093/1 4095/1 4094/1
f 4094/1 4095/1 4096/1
f 4095/1 4097/1 4096/1
f 4096/1 4097/1 4098/1
f 4097/1 4099/1 4098/1
f 4098/1 4099/1 4100/1
f 4099/1 4101/1 4100/1
f 4100/1 4101/1 4102/1
f 4101/1 4103/1 4102/1
f 4102/1 4103/1 4104/1
f 4103/1 4105/1 4104/1
f 4104/1 4105/1 4106/1
f 4107/1 4108/1 4109/1
f 4108/1 4110/1 4109/1
f 4109/1 4110/1 4111/1
f 4112/1 4113/1 4114/1
f 4113/1 4115/1 4114/1
f 4114/1 4115/1 4116/1
f 4117/1 4118/1 4119/1
f 4118/1 4120/1 4119/1
f 4119/1 4120/1 4121/1
f 4120/1 4122/1 4121/1
f 4121/1 4122/1 4123/1
f 4122/1 4124/1 4123/1
f 4123/1 4124/1 4125/1
f 4124/1 4126/1 4125/1
f 4125/1 4126/1 4127/1
f 4126/1 4128/1 4127/1
f 4127/1 4128/1 4129/1
f 4130/1 4131/1 4132/1
f 4131/1 4133/1 4132/1
f 4132/1 4133/1 4134/1
f 4135/1 4136/1 4137/1
f 4136/1 4138/1 4137/1
f 4137/1 4138/1 4139/1
f 4138/1 4140/1 4139/1
f 4139/1 4140/1 4141/1
f 4142/1 4143/1 4144/1
f 4143/1 4145/1 4144/1
f 4144/1 4145/1 4146/1
f 4145/1 4147/1 4146/1
f 4146/1 4147/1 4148/1
f 4147/1 4149/1 4148/1
f 4148/1 4149/1 4150/1
f 4151/1 4152/1 4153/1
f 4152/1 4154/1 4153/1
f 4153/1 4154/1 4155/1
f 4156/1 4157/1 4158/1
f 4157/1 4159/1 4158/1
f 4158/1 4159/1 4160/1
f 4159/1 4161/1 4160/1
f 4162/1 4163/1 4164/1
f 4163/1 4165/1 4164/1
f 4164/1 4165/1 4166/1
f 4165/1 4167/1 4166/1
f 4168/1 4169/1 4170/1
f 4169/1 4171/1 4170/1
f 4170/1 4171/1 4172/1
f 4171/1 4173/1 4172/1
f 4174/1 4175/1 4176/1
f 4175/1 4177/1 4176/1
f 4176/1 4177/1 4178/1
f 4177/1 4179/1 4178/1
f 4180/1 4181/1 4182/1
f 4181/1 4183/1 4182/1
f 4182/1 4183/1 4184/1
f 4183/1 4185/1 4184/1
f 4184/1 4185/1 4186/1
f 4185/1 4187/1 4186/1
f 4186/1 4187/1 4188/1
f 4187/1 4189/1 4188/1
f 4188/1 4189/1 4190/1
f 4189/1 4191/1 4190/1
f 4190/1 4191/1 4192/1
f 4191/1 4193/1 4192/1
f 4192/1 4193/1 4194/1
f 4193/1 4195/1 4194/1
f 4194/1 4195/1 4196/1
f 4195/1 4197/1 4196/1
f 4196/1 4197/1 4198/1
f 4197/1 4199/1 4198/1
f 4198/1 4199/1 4200/1
f 4199/1 4201/1 4200/1
f 4200/1 4201/1 4202/1
f 4201/1 4203/1 4202/1
f 4204/1 4205/1 4206/1
f 4205/1 4207/1 4206/1
f 4206/1 4207/1 4208/1
f 4207/1 4209/1 4208/1
f 4208/1 4209/1 4210/1
f 4209/1 4211/1 4210/1
f 4210/1 4211/1 4212/1
f 4211/1 4213/1 4212/1
f 4212/1 4213/1 4214/1
f 4213/1 4215/1 4214/1
f 4214/1 4215/1 4216/1
f 4215/1 4217/1 4216/1
f 4216/1 4217/1 4218/1
f 4217/1 4219/1 4218/1
f 4218/1 4219/1 4220/1
f 4219/1 4221/1 4220/1
f 4220/1 4221/1 4222/1
f 4221/1 4223/1 4222/1
f 4222/1 4223/1 4224/1
f 4223/1 4225/1 4224/1
f 4224/1 4225/1 4226/1
f 4225/1 4227/1 4226/1
f 4226/1 4227/1 4228/1
f 4229/1 4230/1 4231/1
f 4230/1 4232/1 4231/1
f 4231/1 4232/1 4233/1
f 4232/1 4234/1 4233/1
f 4233/1 4234/1 4235/1
f 4236/1 4237/1 4238/1
f 4237/1 4239/1 4238/1
f 4238/1 4239/1 4240/1
f 4241/1 4242/1 4243/1
f 4242/1 4244/1 4243/1
f 4243/1 4244/1 4245/1
f 4244/1 4246/1 4245/1
f 4245/1 4246/1 4247/1
f 4246/1 4248/1 4247/1
f 4247/1 4248/1 4249/1
f 4248/1 4250/1 4249/1
f 4249/1 4250/1 4251/1
f 4252/1 4253/1 4254/1
f 4253/1 4255/1 4254/1
f 4254/1 4255/1 4256/1
f 4255/1 4257/1 4256/1
f 4258/1 4259/1 4260/1
f 4259/1 4261/1 4260/1
f 4260/1 4261/1 4262/1
f 4261/1 4263/1 4262/1
f 4264/1 4265/1 4266/1
f 4265/1 4267/1 4266/1
f 4266/1 4267/1 4268/1
f 4267/1 4269/1 4268/1
f 4270/1 4271/1 4272/1
f 4271/1 4273/1 4272/1
f 4272/1 4273/1 4274/1
f 4273/1 4275/1 4274/1
f 4276/1 4277/1 4278/1
f 4277/1 4279/1 4278/1
f 4278/1 4279/1 4280/1
f 4279/1 4281/1 4280/1
f 4282/1 4283/1 4284/1
f 4283/1 4285/1 4284/1
f 4284/1 4285/1 4286/1
f 4285/1 4287/1 4286/1
f 4288/1 4289/1 4290/1
f 4289/1 4291/1 4290/1
f 4290/1 4291/1 4292/1
f 4291/1 4293/1 4292/1
f 4294/1 4295/1 4296/1
f 4295/1 4297/1 4296/1
f 4296/1 4297/1 4298/1
f 4297/1 4299/1 4298/1
f 4300/1 4301/1 4302/1
f 4301/1 4303/1 4302/1
f 4302/1 4303/1 4304/1
f 4303/1 4305/1 4304/1
f 4304/1 4305/1 4306/1
f 4305/1 4307/1 4306/1
f 4306/1 4307/1 4308/1
f 4307/1 4309/1 4308/1
f 4308/1 4309/1 4310/1
f 4309/1 4311/1 4310/1
f 4312/1 4313/1 4314/1
f 4313/1 4315/1 4314/1
f 4314/1 4315/1 4316/1
f 4315/1 4317/1 4316/1
f 4316/1 4317/1 4318/1
f 4317/1 4319/1 4318/1
f 4318/1 4319/1 4320/1
f 4319/1 4321/1 4320/1
f 4320/1 4321/1 4322/1
f 4321/1 4323/1 4322/1
f 4324/1 4325/1 4326/1
f 4325/1 4327/1 4326/1
f 4326/1 4327/1 4328/1
f 4327/1 4329/1 4328/1
f 4328/1 4329/1 4330/1
f 4329/1 4331/1 4330/1
f 4332/1 4333/1 4334/1
f 4333/1 4335/1 4334/1
f 4334/1 4335/1 4336/1
f 4335/1 4337/1 4336/1
f 4336/1 4337/1 4338/1
f 4337/1 4339/1 4338/1
f 4340/1 4341/1 4342/1
f 4341/1 4343/1 4342/1
f 4342/1 4343/1 4344/1
f 4345/1 4346/1 4347/1
f 4346/1 4348/1 4347/1
f 4347/1 4348/1 4349/1
f 4350/1 4351/1 4352/1
f 4351/1 4353/1 4352/1
f 4352/1 4353/1 4354/1
f 4353/1 4355/1 4354/1
f 4356/1 4357/1 4358/1
f 4357/1 4359/1 4358/1
f 4358/1 4359/1 4360/1
f 4359/1 4361/1 4360/1
f 4360/1 4361/1 4362/1
f 4361/1 4363/1 4362/1
f 4362/1 4363/1 4364/1
f 4365/1 4366/1 4367/1
f 4366/1 4368/1 4367/1
f 4367/1 4368/1 4369/1
f 4368/1 4370/1 4369/1
f 4369/1 4370/1 4371/1
f 4370/1 4372/1 4371/1
f 4371/1 4372/1 4373/1
f 4374/1 4375/1 4376/1
f 4375/1 4377/1 4376/1
f 4376/1 4377/1 4378/1
f 4377/1 4379/1 4378/1
f 4378/1 4379/1 4380/1
f 4379/1 4381/1 4380/1
f 4380/1 4381/1 4382/1
f 4381/1 4383/1 4382/1
f 4384/1 4385/1 4386/1
f 4385/1 4387/1 4386/1
f 4386/1 4387/1 4388/1
f 4387/1 4389/1 4388/1
f 4390/1 4391/1 4392/1
f 4391/1 4393/1 4392/1
f 4392/1 4393/1 4394/1
f 4395/1 4396/1 4397/1
f 4396/1 4398/1 4397/1
f 4397/1 4398/1 4399/1
f 4398/1 4400/1 4399/1
f 4399/1 4400/1 4401/1
f 4400/1 4402/1 4401/1
f 4401/1 4402/1 4403/1
f 4404/1 4405/1 4406/1
f 4405/1 4407/1 4406/1
f 4406/1 4407/1 4408/1
f 4407/1 4409/1 4408/1
f 4408/1 4409/1 4410/1
f 4409/1 4411/1 4410/1
f 4410/1 4411/1 4412/1
f 4411/1 4413/1 4412/1
f 4412/1 4413/1 4414/1
f 4413/1 4415/1 4414/1
f 4414/1 4415/1 4416/1
f 4415/1 4417/1 4416/1
f 4416/1 4417/1 4418/1
f 4419/1 4420/1 4421/1
f 4420/1 4422/1 4421/1
f 4421/1 4422/1 4423/1
f 4422/1 4424/1 4423/1
f 4423/1 4424/1 4425/1
f 4426/1 4427/1 4428/1
f 4427/1 4429/1 4428/1
f 4428/1 4429/1 4430/1
f 4429/1 4431/1 4430/1
f 4430/1 4431/1 4432/1
f 4431/1 4433/1 4432/1
f 4434/1 4435/1 4436/1
f 4435/1 4437/1 4436/1
f 4436/1 4437/1 4438/1
f 4439/1 4440/1 4441/1
f 4440/1 4442/1 4441/1
f 4441/1 4442/1 4443/1
f 4442/1 4444/1 4443/1
f 4443/1 4444/1 4445/1
f 4444/1 4446/1 4445/1
f 4445/1 4446/1 4447/1
f 4446/1 4448/1 4447/1
f 4447/1 4448/1 4449/1
f 4448/1 4450/1 4449/1
f 4451/1 4452/1 4453/1
f 4452/1 4454/1 4453/1
f 4453/1 4454/1 4455/1
f 4454/1 4456/1 4455/1
f 4457/1 4458/1 4459/1
f 4458/1 4460/1 4459/1
f 4459/1 4460/1 4461/1
f 4462/1 4463/1 4464/1
f 4463/1 4465/1 4464/1
f 4464/1 4465/1 4466/1
f 4467/1 4468/1 4469/1
f 4468/1 4470/1 4469/1
f 4469/1 4470/1 4471/1
f 4472/1 4473/1 4474/1
f 4473/1 4475/1 4474/1
f 4474/1 4475/1 4476/1
f 4475/1 4477/1 4476/1
f 4476/1 4477/1 4478/1
f 4477/1 4479/1 4478/1
f 4478/1 4479/1 4480/1
f 4479/1 4481/1 4480/1
f 4482/1 4483/1 4484/1
f 4483/1 4485/1 4484/1
f 4484/1 4485/1 4486/1
f 4485/1 4487/1 4486/1
f 4486/1 4487/1 4488/1
f 4487/1 4489/1 4488/1
f 4488/1 4489/1 4490/1
f 4489/1 4491/1 4490/1
f 4492/1 4493/1 4494/1
f 4493/1 4495/1 4494/1
f 4494/1 4495/1 4496/1
f 4495/1 4497/1 4496/1
f 4496/1 4497/1 4498/1
f 4497/1 4499/1 4498/1
f 4498/1 4499/1 4500/1
f 4499/1 4501/1 4500/1
f 4500/1 4501/1 4502/1
f 4501/1 4503/1 4502/1
f 4502/1 4503/1 4504/1
f 4505/1 4506/1 4507/1
f 4506/1 4508/1 4507/1
f 4507/1 4508/1 4509/1
f 4510/1 4511/1 4512/1
f 4511/1 4513/1 4512/1
f 4512/1 4513/1 4514/1
f 4513/1 4515/1 4514/1
f 4514/1 4515/1 4516/1
f 4517/1 4518/1 4519/1
f 4518/1 4520/1 4519/1
f 4519/1 4520/1 4521/1
f 4520/1 4522/1 4521/1
f 4521/1 4522/1 4523/1
f 4524/1 4525/1 4526/1
f 4525/1 4527/1 4526/1
f 4526/1 4527/1 4528/1
f 4527/1 4529/1 4528/1
f 4528/1 4529/1 4530/1
f 4529/1 4531/1 4530/1
f 4532/1 4533/1 4534/1
f 4533/1 4535/1 4534/1
f 4534/1 4535/1 4536/1
f 4535/1 4537/1 4536/1
f 4536/1 4537/1 4538/1
f 4537/1 4539/1 4538/1
f 4538/1 4539/1 4540/1
f 4539/1 4541/1 4540/1
f 4542/1 4543/1 4544/1
f 4543/1 4545/1 4544/1
f 4544/1 4545/1 4546/1
f 4545/1 4547/1 4546/1
f 4546/1 4547/1 4548/1
f 4547/1 4549/1 4548/1
f 4550/1 4551/1 4552/1
f 4551/1 4553/1 4552/1
f 4552/1 4553/1 4554/1
f 4553/1 4555/1 4554/1
f 4554/1 4555/1 4556/1
f 4555/1 4557/1 4556/1
f 4556/1 4557/1 4558/1
f 4557/1 4559/1 4558/1
f 4558/1 4559/1 4560/1
f 4559/1 4561/1 4560/1
f 4560/1 4561/1 4562/1
f 4563/1 4564/1 4565/1
f 4564/1 4566/1 4565/1
f 4565/1 4566/1 4567/1
f 4568/1 4569/1 4570/1
f 4569/1 4571/1 4570/1
f 4570/1 4571/1 4572/1
f 4571/1 4573/1 4572/1
f 4572/1 4573/1 4574/1
f 4573/1 4575/1 4574/1
f 4574/1 4575/1 4576/1
f 4575/1 4577/1 4576/1
f 4578/1 4579/1 4580/1
f 4579/1 4581/1 4580/1
f 4580/1 4581/1 4582/1
f 4581/1 4583/1 4582/1
f 4582/1 4583/1 4584/1
f 4583/1 4585/1 4584/1
f 4584/1 4585/1 4586/1
f 4585/1 4587/1 4586/1
f 4586/1 4587/1 4588/1
f 4589/1 4590/1 4591/1
f 4590/1 4592/1 4591/1
f 4591/1 4592/1 4593/1
f 4592/1 4594/1 4593/1
f 4593/1 4594/1 4595/1
f 4594/1 4596/1 4595/1
f 4595/1 4596/1 4597/1
f 4596/1 4598/1 4597/1
f 4597/1 4598/1 4599/1
f 4598/1 4600/1 4599/1
f 4599/1 4600/1 4601/1
f 4600/1 4602/1 4601/1
f 4601/1 4602/1 4603/1
f 4602/1 4604/1 4603/1
f 4603/1 4604/1 4605/1
f 4604/1 4606/1 4605/1
f 4605/1 4606/1 4607/1
f 4606/1 4608/1 4607/1
f 4607/1 4608/1 4609/1
f 4608/1 4610/1 4609/1
f 4609/1 4610/1 4611/1
f 4610/1 4612/1 4611/1
f 4611/1 4612/1 4613/1
f 4612/1 4614/1 4613/1
f 4615/1 4616/1 4617/1
f 4616/1 4618/1 4617/1
f 4617/1 4618/1 4619/1
f 4618/1 4620/1 4619/1
f 4621/1 4622/1 4623/1
f 4622/1 4624/1 4623/1
f 4623/1 4624/1 4625/1
f 4624/1 4626/1 4625/1
f 4625/1 4626/1 4627/1
f 4626/1 4628/1 4627/1
f 4627/1 4628/1 4629/1
f 4628/1 4630/1 4629/1
f 4629/1 4630/1 4631/1
f 4630/1 4632/1 4631/1
f 4631/1 4632/1 4633/1
f 4632/1 4634/1 4633/1
f 4633/1 4634/1 4635/1
f 4634/1 4636/1 4635/1
f 4635/1 4636/1 4637/1
f 4636/1 4638/1 4637/1
f 4639/1 4640/1 4641/1
f 4640/1 4642/1 4641/1
f 4641/1 4642/1 4643/1
f 4642/1 4644/1 4643/1
f 4643/1 4644/1 4645/1
f 4644/1 4646/1 4645/1
f 4645/1 4646/1 4647/1
f 4646/1 4648/1 4647/1
f 4647/1 4648/1 4649/1
f 4648/1 4650/1 4649/1
f 4651/1 4652/1 4653/1
f 4652/1 4654/1 4653/1
f 4653/1 4654/1 4655/1
f 4654/1 4656/1 4655/1
f 4655/1 4656/1 4657/1
f 4656/1 4658/1 4657/1
f 4659/1 4660/1 4661/1
f 4660/1 4662/1 4661/1
f 4661/1 4662/1 4663/1
f 4662/1 4664/1 4663/1
f 4663/1 4664/1 4665/1
f 4664/1 4666/1 4665/1
f 4665/1 4666/1 4667/1
f 4666/1 4668/1 4667/1
f 4669/1 4670/1 4671/1
f 4670/1 4672/1 4671/1
f 4671/1 4672/1 4673/1
f 4672/1 4674/1 4673/1
f 4673/1 4674/1 4675/1
f 4674/1 4676/1 4675/1
f 4677/1 4678/1 4679/1
f 4678/1 4680/1 4679/1
f 4679/1 4680/1 4681/1
f 4680/1 4682/1 4681/1
f 4681/1 4682/1 4683/1
f 4682/1 4684/1 4683/1
f 4685/1 4686/1 4687/1
f 4686/1 4688/1 4687/1
f 4687/1 4688/1 4689/1
f 4688/1 4690/1 4689/1
f 4689/1 4690/1 4691/1
f 4690/1 4692/1 4691/1
f 4693/1 4694/1 4695/1
f 4694/1 4696/1 4695/1
f 4695/1 4696/1 4697/1
f 4696/1 4698/1 4697/1
f 4697/1 4698/1 4699/1
f 4698/1 4700/1 4699/1
f 4701/1 4702/1 4703/1
f 4702/1 4704/1 4703/1
f 4703/1 4704/1 4705/1
f 4704/1 4706/1 4705/1
f 4705/1 4706/1 4707/1
f 4706/1 4708/1 4707/1
f 4709/1 4710/1 4711/1
f 4710/1 4712/1 4711/1
f 4711/1 4712/1 4713/1
f 4712/1 4714/1 4713/1
f 4713/1 4714/1 4715/1
f 4714/1 4716/1 4715/1
f 4717/1 4718/1 4719/1
f 4718/1 4720/1 4719/1
f 4719/1 4720/1 4721/1
f 4720/1 4722/1 4721/1
f 4721/1 4722/1 4723/1
f 4722/1 4724/1 4723/1
f 4725/1 4726/1 4727/1
f 4726/1 4728/1 4727/1
f 4727/1 4728/1 4729/1
f 4728/1 4730/1 4729/1
f 4729/1 4730/1 4731/1
f 4730/1 4732/1 4731/1
f 4733/1 4734/1 4735/1
f 4734/1 4736/1 4735/1
f 4735/1 4736/1 4737/1
f 4738/1 4739/1 4740/1
f 4739/1 4741/1 4740/1
f 4740/1 4741/1 4742/1
f 4741/1 4743/1 4742/1
f 4742/1 4743/1 4744/1
f 4743/1 4745/1 4744/1
f 4746/1 4747/1 4748/1
f 4747/1 4749/1 4748/1
f 4748/1 4749/1 4750/1
f 4749/1 4751/1 4750/1
f 4750/1 4751/1 4752/1
f 4751/1 4753/1 4752/1
f 4754/1 4755/1 4756/1
f 4755/1 4757/1 4756/1
f 4756/1 4757/1 4758/1
f 4759/1 4760/1 4761/1
f 4760/1 4762/1 4761/1
f 4761/1 4762/1 4763/1
f 4762/1 4764/1 4763/1
f 4763/1 4764/1 4765/1
f 4764/1 4766/1 4765/1
f 4767/1 4768/1 4769/1
f 4768/1 4770/1 4769/1
f 4769/1 4770/1 4771/1
f 4770/1 4772/1 4771/1
f 4771/1 4772/1 4773/1
f 4772/1 4774/1 4773/1
f 4773/1 4774/1 4775/1
f 4774/1 4776/1 4775/1
f 4775/1 4776/1 4777/1
f 4776/1 4778/1 4777/1
f 4777/1 4778/1 4779/1
f 4780/1 4781/1 4782/1
f 4781/1 4783/1 4782/1
f 4782/1 4783/1 4784/1
f 4783/1 4785/1 4784/1
f 4784/1 4785/1 4786/1
f 4785/1 4787/1 4786/1
f 4786/1 4787/1 4788/1
f 4787/1 4789/1 4788/1
f 4788/1 4789/1 4790/1
f 4789/1 4791/1 4790/1
f 4790/1 4791/1 4792/1
f 4791/1 4793/1 4792/1
f 4792/1 4793/1 4794/1
f 4795/1 4796/1 4797/1
f 4796/1 4798/1 4797/1
f 4797/1 4798/1 4799/1
f 4798/1 4800/1 4799/1
f 4799/1 4800/1 4801/1
f 4800/1 4802/1 4801/1
f 4801/1 4802/1 4803/1
f 4802/1 4804/1 4803/1
f 4803/1 4804/1 4805/1
f 4804/1 4806/1 4805/1
f 4805/1 4806/1 4807/1
f 4808/1 4809/1 4810/1
f 4809/1 4811/1 4810/1
f 4810/1 4811/1 4812/1
f 4811/1 4813/1 4812/1
f 4812/1 4813/1 4814/1
f 4813/1 4815/1 4814/1
f 4814/1 4815/1 4816/1
f 4815/1 4817/1 4816/1
f 4816/1 4817/1 4818/1
f 4817/1 4819/1 4818/1
f 4818/1 4819/1 4820/1
f 4819/1 4821/1 4820/1
f 4820/1 4821/1 4822/1
f 4821/1 4823/1 4822/1
f 4822/1 4823/1 4824/1
f 4823/1 4825/1 4824/1
f 4824/1 4825/1 4826/1
f 4827/1 4828/1 4829/1
f 4828/1 4830/1 4829/1
f 4829/1 4830/1 4831/1
f 4830/1 4832/1 4831/1
f 4831/1 4832/1 4833/1
f 4832/1 4834/1 4833/1
f 4833/1 4834/1 4835/1
f 4834/1 4836/1 4835/1
f 4835/1 4836/1 4837/1
f 4836/1 4838/1 4837/1
f 4837/1 4838/1 4839/1
f 4838/1 4840/1 4839/1
f 4839/1 4840/1 4841/1
f 4840/1 4842/1 4841/1
f 4841/1 4842/1 4843/1
f 4842/1 4844/1 4843/1
f 4843/1 4844/1 4845/1
f 4844/1 4846/1 4845/1
f 4845/1 4846/1 4847/1
f 4848/1 4849/1 4850/1
f 4849/1 4851/1 4850/1
f 4850/1 4851/1 4852/1
f 4851/1 4853/1 4852/1
f 4852/1 4853/1 4854/1
f 4853/1 4855/1 4854/1
f 4854/1 4855/1 4856/1
f 4855/1 4857/1 4856/1
f 4856/1 4857/1 4858/1
f 4857/1 4859/1 4858/1
f 4858/1 4859/1 4860/1
f 4859/1 4861/1 4860/1
f 4860/1 4861/1 4862/1
f 4861/1 4863/1 4862/1
f 4862/1 4863/1 4864/1
f 4863/1 4865/1 4864/1
f 4866/1 4867/1 4868/1
f 4867/1 4869/1 4868/1
f 4868/1 4869/1 4870/1
f 4869/1 4871/1 4870/1
f 4870/1 4871/1 4872/1
f 4871/1 4873/1 4872/1
f 4872/1 4873/1 4874/1
f 4873/1 4875/1 4874/1
f 4874/1 4875/1 4876/1
f 4875/1 4877/1 4876/1
f 4876/1 4877/1 4878/1
f 4877/1 4879/1 4878/1
f 4880/1 4881/1 4882/1
f 4881/1 4883/1 4882/1
f 4882/1 4883/1 4884/1
f 4885/1 4886/1 4887/1
f 4886/1 4888/1 4887/1
f 4887/1 4888/1 4889/1
f 4888/1 4890/1 4889/1
f 4889/1 4890/1 4891/1
f 4892/1 4893/1 4894/1
f 4893/1 4895/1 4894/1
f 4894/1 4895/1 4896/1
f 4895/1 4897/1 4896/1
f 4896/1 4897/1 4898/1
f 4897/1 4899/1 4898/1
f 4898/1 4899/1 4900/1
f 4901/1 4902/1 4903/1
f 4902/1 4904/1 4903/1
f 4903/1 4904/1 4905/1
f 4904/1 4906/1 4905/1
f 4905/1 4906/1 4907/1
f 4906/1 4908/1 4907/1
f 4907/1 4908/1 4909/1
f 4908/1 4910/1 4909/1
f 4911/1 4912/1 4913/1
f 4912/1 4914/1 4913/1
f 4913/1 4914/1 4915/1
f 4914/1 4916/1 4915/1
f 4915/1 4916/1 4917/1
f 4916/1 4918/1 4917/1
f 4917/1 4918/1 4919/1
f 4918/1 4920/1 4919/1
f 4919/1 4920/1 4921/1
f 4920/1 4922/1 4921/1
f 4923/1 4924/1 4925/1
f 4924/1 4926/1 4925/1
f 4925/1 4926/1 4927/1
f 4926/1 4928/1 4927/1
f 4927/1 4928/1 4929/1
f 4928/1 4930/1 4929/1
f 4929/1 4930/1 4931/1
f 4930/1 4932/1 4931/1
f 4931/1 4932/1 4933/1
f 4932/1 4934/1 4933/1
f 4933/1 4934/1 4935/1
f 4934/1 4936/1 4935/1
f 4937/1 4938/1 4939/1
f 4938/1 4940/1 4939/1
f 4939/1 4940/1 4941/1
f 4940/1 4942/1 4941/1
f 4941/1 4942/1 4943/1
f 4942/1 4944/1 4943/1
f 4943/1 4944/1 4945/1
f 4944/1 4946/1 4945/1
f 4945/1 4946/1 4947/1
f 4946/1 4948/1 4947/1
f 4947/1 4948/1 4949/1
f 4948/1 4950/1 4949/1
f 4949/1 4950/1 4951/1
f 4950/1 4952/1 4951/1
f 4951/1 4952/1 4953/1
f 4952/1 4954/1 4953/1
f 4955/1 4956/1 4957/1
f 4956/1 4958/1 4957/1
f 4957/1 4958/1 4959/1
f 4958/1 4960/1 4959/1
f 4959/1 4960/1 4961/1
f 4960/1 4962/1 4961/1
f 4963/1 4964/1 4965/1
f 4964/1 4966/1 4965/1
f 4965/1 4966/1 4967/1
f 4966/1 4968/1 4967/1
f 4967/1 4968/1 4969/1
f 4968/1 4970/1 4969/1
f 4969/1 4970/1 4971/1
f 4970/1 4972/1 4971/1
f 4973/1 4974/1 4975/1
f 4974/1 4976/1 4975/1
f 4975/1 4976/1 4977/1
f 4976/1 4978/1 4977/1
f 4979/1 4980/1 4981/1
f 4980/1 4982/1 4981/1
f 4981/1 4982/1 4983/1
f 4982/1 4984/1 4983/1
f 4983/1 4984/1 4985/1
f 4984/1 4986/1 4985/1
f 4985/1 4986/1 4987/1
f 4986/1 4988/1 4987/1
f 4989/1 4990/1 4991/1
f 4990/1 4992/1 4991/1
f 4991/1 4992/1 4993/1
f 4992/1 4994/1 4993/1
f 4993/1 4994/1 4995/1
f 4994/1 4996/1 4995/1
f 4995/1 4996/1 4997/1
f 4996/1 4998/1 4997/1
f 4999/1 5000/1 5001/1
f 5000/1 5002/1 5001/1
f 5001/1 5002/1 5003/1
f 5004/1 5005/1 5006/1
f 5005/1 5007/1 5006/1
f 5006/1 5007/1 5008/1
f 5007/1 5009/1 5008/1
f 5008/1 5009/1 5010/1
f 5009/1 5011/1 5010/1
f 5010/1 5011/1 5012/1
f 5011/1 5013/1 5012/1
f 5012/1 5013/1 5014/1
f 5013/1 5015/1 5014/1
f 5014/1 5015/1 5016/1
f 5015/1 5017/1 5016/1
f 5016/1 5017/1 5018/1
f 5017/1 5019/1 5018/1
f 5018/1 5019/1 5020/1
f 5019/1 5021/1 5020/1
f 5020/1 5021/1 5022/1
f 5023/1 5024/1 5025/1
f 5024/1 5026/1 5025/1
f 5025/1 5026/1 5027/1
f 5026/1 5028/1 5027/1
f 5027/1 5028/1 5029/1
f 5028/1 5030/1 5029/1
f 5029/1 5030/1 5031/1
f 5030/1 5032/1 5031/1
f 5033/1 5034/1 5035/1
f 5034/1 5036/1 5035/1
f 5035/1 5036/1 5037/1
f 5036/1 5038/1 5037/1
f 5037/1 5038/1 5039/1
f 5038/1 5040/1 5039/1
f 5039/1 5040/1 5041/1
f 5040/1 5042/1 5041/1
f 5041/1 5042/1 5043/1
f 5042/1 5044/1 5043/1
f 5043/1 5044/1 5045/1
f 5044/1 5046/1 5045/1
f 5045/1 5046/1 5047/1
f 5046/1 5048/1 5047/1
f 5047/1 5048/1 5049/1
f 5048/1 5050/1 5049/1
f 5049/1 5050/1 5051/1
f 5050/1 5052/1 5051/1
f 5051/1 5052/1 5053/1
f 5052/1 5054/1 5053/1
f 5053/1 5054/1 5055/1
f 5054/1 5056/1 5055/1
f 5055/1 5056/1 5057/1
f 5056/1 5058/1 5057/1
f 5057/1 5058/1 5059/1
f 5060/1 5061/1 5062/1
f 5061/1 5063/1 5062/1
f 5062/1 5063/1 5064/1
f 5065/1 5066/1 5067/1
f 5066/1 5068/1 5067/1
f 5067/1 5068/1 5069/1
f 5068/1 5070/1 5069/1
f 5069/1 5070/1 5071/1
f 5072/1 5073/1 5074/1
f 5073/1 5075/1 5074/1
f 5074/1 5075/1 5076/1
f 5075/1 5077/1 5076/1
f 5076/1 5077/1 5078/1
f 5077/1 5079/1 5078/1
f 5078/1 5079/1 5080/1
f 5081/1 5082/1 5083/1
f 5082/1 5084/1 5083/1
f 5083/1 5084/1 5085/1
f 5084/1 5086/1 5085/1
f 5085/1 5086/1 5087/1
f 5086/1 5088/1 5087/1
f 5087/1 5088/1 5089/1
f 5088/1 5090/1 5089/1
f 5091/1 5092/1 5093/1
f 5092/1 5094/1 5093/1
f 5093/1 5094/1 5095/1
f 5094/1 5096/1 5095/1
f 5095/1 5096/1 5097/1
f 5096/1 5098/1 5097/1
f 5097/1 5098/1 5099/1
f 5098/1 5100/1 5099/1
f 5099/1 5100/1 5101/1
f 5100/1 5102/1 5101/1
f 5101/1 5102/1 5103/1
f 5104/1 5105/1 5106/1
f 5105/1 5107/1 5106/1
f 5106/1 5107/1 5108/1
f 5107/1 5109/1 5108/1
f 5108/1 5109/1 5110/1
f 5109/1 5111/1 5110/1
f 5110/1 5111/1 5112/1
f 5111/1 5113/1 5112/1
f 5112/1 5113/1 5114/1
f 5113/1 5115/1 5114/1
f 5114/1 5115/1 5116/1
f 5115/1 5117/1 5116/1
f 5116/1 5117/1 5118/1
f 5117/1 5119/1 5118/1
f 5118/1 5119/1 5120/1
f 5119/1 5121/1 5120/1
f 5120/1 5121/1 5122/1
f 5121/1 5123/1 5122/1
f 5122/1 5123/1 5124/1
f 5123/1 5125/1 5124/1
f 5124/1 5125/1 5126/1
f 5125/1 5127/1 5126/1
f 5126/1 5127/1 5128/1
f 5127/1 5129/1 5128/1
f 5128/1 5129/1 5130/1
f 5129/1 5131/1 5130/1
f 5130/1 5131/1 5132/1
f 5131/1 5133/1 5132/1
f 5132/1 5133/1 5134/1
f 5133/1 5135/1 5134/1
f 5134/1 5135/1 5136/1
f 5135/1 5137/1 5136/1
f 5136/1 5137/1 5138/1
f 5137/1 5139/1 5138/1
f 5138/1 5139/1 5140/1
f 5139/1 5141/1 5140/1
f 5140/1 5141/1 5142/1
f 5141/1 5143/1 5142/1
f 5142/1 5143/1 5144/1
f 5143/1 5145/1 5144/1
f 5144/1 5145/1 5146/1
f 5145/1 5147/1 5146/1
f 5146/1 5147/1 5148/1
f 5147/1 5149/1 5148/1
f 5148/1 5149/1 5150/1
f 5149/1 5151/1 5150/1
f 5150/1 5151/1 5152/1
f 5151/1 5153/1 5152/1
f 5152/1 5153/1 5154/1
f 5153/1 5155/1 5154/1
f 5154/1 5155/1 5156/1
f 5155/1 5157/1 5156/1
f 5158/1 5159/1 5160/1
f 5159/1 5161/1 5160/1
f 5160/1 5161/1 5162/1
f 5161/1 5163/1 5162/1
f 5162/1 5163/1 5164/1
f 5163/1 5165/1 5164/1
f 5164/1 5165/1 5166/1
f 5165/1 5167/1 5166/1
f 5166/1 5167/1 5168/1
f 5167/1 5169/1 5168/1
f 5168/1 5169/1 5170/1
f 5169/1 5171/1 5170/1
f 5170/1 5171/1 5172/1
f 5171/1 5173/1 5172/1
f 5172/1 5173/1 5174/1
f 5173/1 5175/1 5174/1
f 5174/1 5175/1 5176/1
f 5175/1 5177/1 5176/1
f 5176/1 5177/1 5178/1
f 5177/1 5179/1 5178/1
f 5178/1 5179/1 5180/1
f 5179/1 5181/1 5180/1
f 5180/1 5181/1 5182/1
f 5181/1 5183/1 5182/1
f 5182/1 5183/1 5184/1
f 5183/1 5185/1 5184/1
f 5184/1 5185/1 5186/1
f 5185/1 5187/1 5186/1
f 5186/1 5187/1 5188/1
f 5187/1 5189/1 5188/1
f 5188/1 5189/1 5190/1
f 5189/1 5191/1 5190/1
f 5190/1 5191/1 5192/1
f 5191/1 5193/1 5192/1
f 5192/1 5193/1 5194/1
f 5193/1 5195/1 5194/1
f 5194/1 5195/1 5196/1
f 5195/1 5197/1 5196/1
f 5196/1 5197/1 5198/1
f 5197/1 5199/1 5198/1
f 5198/1 5199/1 5200/1
f 5199/1 5201/1 5200/1
f 5200/1 5201/1 5202/1
f 5201/1 5203/1 5202/1
f 5202/1 5203/1 5204/1
f 5205/1 5206/1 5207/1
f 5206/1 5208/1 5207/1
f 5207/1 5208/1 5209/1
f 5208/1 5210/1 5209/1
f 5209/1 5210/1 5211/1
f 5210/1 5212/1 5211/1
f 5211/1 5212/1 5213/1
f 5212/1 5214/1 5213/1
f 5213/1 5214/1 5215/1
f 5214/1 5216/1 5215/1
f 5215/1 5216/1 5217/1
f 5216/1 5218/1 5217/1
f 5217/1 5218/1 5219/1
f 5218/1 5220/1 5219/1
f 5219/1 5220/1 5221/1
f 5220/1 5222/1 5221/1
f 5221/1 5222/1 5223/1
f 5222/1 5224/1 5223/1
f 5223/1 5224/1 5225/1
f 5224/1 5226/1 5225/1
f 5225/1 5226/1 5227/1
f 5226/1 5228/1 5227/1
f 5227/1 5228/1 5229/1
f 5228/1 5230/1 5229/1
f 5229/1 5230/1 5231/1
f 5232/1 5233/1 5234/1
f 5233/1 5235/1 5234/1
f 5234/1 5235/1 5236/1
f 5235/1 5237/1 5236/1
f 5236/1 5237/1 5238/1
f 5237/1 5239/1 5238/1
f 5238/1 5239/1 5240/1
f 5239/1 5241/1 5240/1
f 5242/1 5243/1 5244/1
f 5243/1 5245/1 5244/1
f 5244/1 5245/1 5246/1
f 5247/1 5248/1 5249/1
f 5248/1 5250/1 5249/1
f 5249/1 5250/1 5251/1
f 5252/1 5253/1 5254/1
f 5253/1 5255/1 5254/1
f 5254/1 5255/1 5256/1
f 5255/1 5257/1 5256/1
f 5256/1 5257/1 5258/1
f 5257/1 5259/1 5258/1
f 5258/1 5259/1 5260/1
f 5259/1 5261/1 5260/1
f 5260/1 5261/1 5262/1
f 5261/1 5263/1 5262/1
f 5262/1 5263/1 5264/1
f 5263/1 5265/1 5264/1
f 5264/1 5265/1 5266/1
f 5265/1 5267/1 5266/1
f 5266/1 5267/1 5268/1
f 5267/1 5269/1 5268/1
f 5268/1 5269/1 5270/1
f 5269/1 5271/1 5270/1
f 5270/1 5271/1 5272/1
f 5271/1 5273/1 5272/1
f 5274/1 5275/1 5276/1
f 5275/1 5277/1 5276/1
f 5276/1 5277/1 5278/1
f 5277/1 5279/1 5278/1
f 5278/1 5279/1 5280/1
f 5279/1 5281/1 5280/1
f 5282/1 5283/1 5284/1
f 5283/1 5285/1 5284/1
f 5284/1 5285/1 5286/1
f 5285/1 5287/1 5286/1
f 5286/1 5287/1 5288/1
f 5287/1 5289/1 5288/1
f 5288/1 5289/1 5290/1
f 5291/1 5292/1 5293/1
f 5292/1 5294/1 5293/1
f 5293/1 5294/1 5295/1
f 5294/1 5296/1 5295/1
f 5295/1 5296/1 5297/1
f 5296/1 5298/1 5297/1
f 5297/1 5298/1 5299/1
f 5298/1 5300/1 5299/1
f 5299/1 5300/1 5301/1
f 5300/1 5302/1 5301/1
f 5301/1 5302/1 5303/1
f 5302/1 5304/1 5303/1
f 5305/1 5306/1 5307/1
f 5306/1 5308/1 5307/1
f 5307/1 5308/1 5309/1
f 5308/1 5310/1 5309/1
f 5309/1 5310/1 5311/1
f 5310/1 5312/1 5311/1
f 5311/1 5312/1 5313/1
f 5312/1 5314/1 5313/1
f 5313/1 5314/1 5315/1
f 5316/1 5317/1 5318/1
f 5317/1 5319/1 5318/1
f 5318/1 5319/1 5320/1
f 5321/1 5322/1 5323/1
f 5322/1 5324/1 5323/1
f 5323/1 5324/1 5325/1
f 5324/1 5326/1 5325/1
f 5327/1 5328/1 5329/1
f 5328/1 5330/1 5329/1
f 5329/1 5330/1 5331/1
f 5330/1 5332/1 5331/1
f 5333/1 5334/1 5335/1
f 5334/1 5336/1 5335/1
f 5335/1 5336/1 5337/1
f 5336/1 5338/1 5337/1
f 5339/1 5340/1 5341/1
f 5340/1 5342/1 5341/1
f 5341/1 5342/1 5343/1
f 5342/1 5344/1 5343/1
f 5345/1 5346/1 5347/1
f 5346/1 5348/1 5347/1
f 5347/1 5348/1 5349/1
f 5348/1 5350/1 5349/1
f 5349/1 5350/1 5351/1
f 5352/1 5353/1 5354/1
f 5353/1 5355/1 5354/1
f 5354/1 5355/1 5356/1
f 5355/1 5357/1 5356/1
f 5356/1 5357/1 5358/1
f 5357/1 5359/1 5358/1
f 5358/1 5359/1 5360/1
f 5359/1 5361/1 5360/1
f 5360/1 5361/1 5362/1
f 5361/1 5363/1 5362/1
f 5362/1 5363/1 5364/1
f 5363/1 5365/1 5364/1
f 5364/1 5365/1 5366/1
f 5365/1 5367/1 5366/1
f 5366/1 5367/1 5368/1
f 5367/1 5369/1 5368/1
f 5370/1 5371/1 5372/1
f 5371/1 5373/1 5372/1
f 5372/1 5373/1 5374/1
f 5373/1 5375/1 5374/1
f 5374/1 5375/1 5376/1
f 5375/1 5377/1 5376/1
f 5376/1 5377/1 5378/1
f 5377/1 5379/1 5378/1
f 5378/1 5379/1 5380/1
f 5379/1 5381/1 5380/1
f 5380/1 5381/1 5382/1
f 5381/1 5383/1 5382/1
f 5382/1 5383/1 5384/1
f 5383/1 5385/1 5384/1
f 5384/1 5385/1 5386/1
f 5385/1 5387/1 5386/1
f 5388/1 5389/1 5390/1
f 5389/1 5391/1 5390/1
f 5390/1 5391/1 5392/1
f 5391/1 5393/1 5392/1
f 5392/1 5393/1 5394/1
f 5393/1 5395/1 5394/1
f 5394/1 5395/1 5396/1
f 5397/1 5398/1 5399/1
f 5398/1 5400/1 5399/1
f 5399/1 5400/1 5401/1
f 5400/1 5402/1 5401/1
f 5401/1 5402/1 5403/1
f 5402/1 5404/1 5403/1
f 5403/1 5404/1 5405/1
f 5404/1 5406/1 5405/1
f 5407/1 5408/1 5409/1
f 5408/1 5410/1 5409/1
f 5409/1 5410/1 5411/1
f 5410/1 5412/1 5411/1
f 5413/1 5414/1 5415/1
f 5414/1 5416/1 5415/1
f 5415/1 5416/1 5417/1
f 5416/1 5418/1 5417/1
f 5417/1 5418/1 5419/1
f 5418/1 5420/1 5419/1
f 5419/1 5420/1 5421/1
f 5420/1 5422/1 5421/1
f 5421/1 5422/1 5423/1
f 5422/1 5424/1 5423/1
f 5423/1 5424/1 5425/1
f 5424/1 5426/1 5425/1
f 5425/1 5426/1 5427/1
f 5426/1 5428/1 5427/1
f 5427/1 5428/1 5429/1
f 5428/1 5430/1 5429/1
f 5429/1 5430/1 5431/1
f 5430/1 5432/1 5431/1
f 5433/1 5434/1 5435/1
f 5434/1 5436/1 5435/1
f 5435/1 5436/1 5437/1
f 5436/1 5438/1 5437/1
f 5437/1 5438/1 5439/1
f 5438/1 5440/1 5439/1
f 5439/1 5440/1 5441/1
f 5440/1 5442/1 5441/1
f 5441/1 5442/1 5443/1
f 5442/1 5444/1 5443/1
f 5443/1 5444/1 5445/1
f 5444/1 5446/1 5445/1
f 5445/1 5446/1 5447/1
f 5446/1 5448/1 5447/1
f 5447/1 5448/1 5449/1
f 5448/1 5450/1 5449/1
f 5449/1 5450/1 5451/1
f 5450/1 5452/1 5451/1
f 5453/1 5454/1 5455/1
f 5454/1 5456/1 5455/1
f 5455/1 5456/1 5457/1
f 5456/1 5458/1 5457/1
f 5457/1 5458/1 5459/1
f 5460/1 5461/1 5462/1
f 5461/1 5463/1 5462/1
f 5462/1 5463/1 5464/1
f 5463/1 5465/1 5464/1
f 5464/1 5465/1 5466/1
f 5465/1 5467/1 5466/1
f 5466/1 5467/1 5468/1
f 5467/1 5469/1 5468/1
f 5468/1 5469/1 5470/1
f 5469/1 5471/1 5470/1
f 5470/1 5471/1 5472/1
f 5471/1 5473/1 5472/1
f 5472/1 5473/1 5474/1
f 5475/1 5476/1 5477/1
f 5476/1 5478/1 5477/1
f 5477/1 5478/1 5479/1
f 5480/1 5481/1 5482/1
f 5481/1 5483/1 5482/1
f 5482/1 5483/1 5484/1
f 5483/1 5485/1 5484/1
f 5484/1 5485/1 5486/1
f 5485/1 5487/1 5486/1
f 5486/1 5487/1 5488/1
f 5489/1 5490/1 5491/1
f 5490/1 5492/1 5491/1
f 5491/1 5492/1 5493/1
f 5492/1 5494/1 5493/1
f 5493/1 5494/1 5495/1
f 5494/1 5496/1 5495/1
f 5495/1 5496/1 5497/1
f 5496/1 5498/1 5497/1
f 5497/1 5498/1 5499/1
f 5498/1 5500/1 5499/1
f 5501/1 5502/1 5503/1
f 5502/1 5504/1 5503/1
f 5503/1 5504/1 5505/1
f 5504/1 5506/1 5505/1
f 5505/1 5506/1 5507/1
f 5506/1 5508/1 5507/1
f 5507/1 5508/1 5509/1
f 5508/1 5510/1 5509/1
f 5509/1 5510/1 5511/1
f 5510/1 5512/1 5511/1
f 5511/1 5512/1 5513/1
f 5512/1 5514/1 5513/1
f 5513/1 5514/1 5515/1
f 5516/1 5517/1 5518/1
f 5517/1 5519/1 5518/1
f 5518/1 5519/1 5520/1
f 5519/1 5521/1 5520/1
f 5522/1 5523/1 5524/1
f 5523/1 5525/1 5524/1
f 5524/1 5525/1 5526/1
f 5525/1 5527/1 5526/1
f 5526/1 5527/1 5528/1
f 5529/1 5530/1 5531/1
f 5530/1 5532/1 5531/1
f 5531/1 5532/1 5533/1
f 5532/1 5534/1 5533/1
f 5533/1 5534/1 5535/1
f 5534/1 5536/1 5535/1
f 5535/1 5536/1 5537/1
f 5536/1 5538/1 5537/1
f 5539/1 5540/1 5541/1
f 5540/1 5542/1 5541/1
f 5541/1 5542/1 5543/1
f 5542/1 5544/1 5543/1
f 5543/1 5544/1 5545/1
f 5546/1 5547/1 5548/1
f 5547/1 5549/1 5548/1
f 5548/1 5549/1 5550/1
f 5549/1 5551/1 5550/1
f 5550/1 5551/1 5552/1
f 5551/1 5553/1 5552/1
f 5554/1 5555/1 5556/1
f 5555/1 5557/1 5556/1
f 5556/1 5557/1 5558/1
f 5559/1 5560/1 5561/1
f 5560/1 5562/1 5561/1
f 5561/1 5562/1 5563/1
f 5562/1 5564/1 5563/1
f 5565/1 5566/1 5567/1
f 5566/1 5568/1 5567/1
f 5567/1 5568/1 5569/1
f 5568/1 5570/1 5569/1
f 5569/1 5570/1 5571/1
f 5570/1 5572/1 5571/1
f 5571/1 5572/1 5573/1
f 5572/1 5574/1 5573/1
f 5573/1 5574/1 5575/1
f 5574/1 5576/1 5575/1
f 5577/1 5578/1 5579/1
f 5578/1 5580/1 5579/1
f 5579/1 5580/1 5581/1
f 5580/1 5582/1 5581/1
f 5581/1 5582/1 5583/1
f 5582/1 5584/1 5583/1
f 5583/1 5584/1 5585/1
f 5584/1 5586/1 5585/1
f 5585/1 5586/1 5587/1
f 5588/1 5589/1 5590/1
f 5589/1 5591/1 5590/1
f 5590/1 5591/1 5592/1
f 5593/1 5594/1 5595/1
f 5594/1 5596/1 5595/1
f 5595/1 5596/1 5597/1
f 5596/1 5598/1 5597/1
f 5597/1 5598/1 5599/1
f 5600/1 5601/1 5602/1
f 5601/1 5603/1 5602/1
f 5602/1 5603/1 5604/1
f 5603/1 5605/1 5604/1
f 5604/1 5605/1 5606/1
f 5605/1 5607/1 5606/1
f 5606/1 5607/1 5608/1
f 5609/1 5610/1 5611/1
f 5610/1 5612/1 5611/1
f 5611/1 5612/1 5613/1
f 5612/1 5614/1 5613/1
f 5613/1 5614/1 5615/1
f 5614/1 5616/1 5615/1
f 5615/1 5616/1 5617/1
f 5616/1 5618/1 5617/1
f 5617/1 5618/1 5619/1
f 5620/1 5621/1 5622/1
f 5621/1 5623/1 5622/1
f 5622/1 5623/1 5624/1
f 5623/1 5625/1 5624/1
f 5624/1 5625/1 5626/1
f 5625/1 5627/1 5626/1
f 5626/1 5627/1 5628/1
f 5627/1 5629/1 5628/1
f 5630/1 5631/1 5632/1
f 5631/1 5633/1 5632/1
f 5632/1 5633/1 5634/1
f 5633/1 5635/1 5634/1
f 5634/1 5635/1 5636/1
f 5635/1 5637/1 5636/1
f 5636/1 5637/1 5638/1
f 5637/1 5639/1 5638/1
f 5638/1 5639/1 5640/1
f 5639/1 5641/1 5640/1
f 5640/1 5641/1 5642/1
f 5641/1 5643/1 5642/1
f 5644/1 5645/1 5646/1
f 5645/1 5647/1 5646/1
f 5646/1 5647/1 5648/1
f 5647/1 5649/1 5648/1
f 5648/1 5649/1 5650/1
f 5649/1 5651/1 5650/1
f 5650/1 5651/1 5652/1
f 5651/1 5653/1 5652/1
f 5652/1 5653/1 5654/1
f 5653/1 5655/1 5654/1
f 5654/1 5655/1 5656/1
f 5655/1 5657/1 5656/1
f 5658/1 5659/1 5660/1
f 5659/1 5661/1 5660/1
f 5660/1 5661/1 5662/1
f 5661/1 5663/1 5662/1
f 5662/1 5663/1 5664/1
f 5663/1 5665/1 5664/1
f 5664/1 5665/1 5666/1
f 5665/1 5667/1 5666/1
f 5666/1 5667/1 5668/1
f 5667/1 5669/1 5668/1
f 5668/1 5669/1 5670/1
f 5669/1 5671/1 5670/1
f 5672/1 5673/1 5674/1
f 5673/1 5675/1 5674/1
f 5674/1 5675/1 5676/1
f 5675/1 5677/1 5676/1
f 5676/1 5677/1 5678/1
f 5677/1 5679/1 5678/1
f 5678/1 5679/1 5680/1
f 5679/1 5681/1 5680/1
f 5680/1 5681/1 5682/1
f 5681/1 5683/1 5682/1
f 5682/1 5683/1 5684/1
f 5683/1 5685/1 5684/1
f 5686/1 5687/1 5688/1
f 5687/1 5689/1 5688/1
f 5688/1 5689/1 5690/1
f 5689/1 5691/1 5690/1
f 5690/1 5691/1 5692/1
f 5691/1 5693/1 5692/1
f 5692/1 5693/1 5694/1
f 5693/1 5695/1 5694/1
f 5694/1 5695/1 5696/1
f 5695/1 5697/1 5696/1
f 5696/1 5697/1 5698/1
f 5697/1 5699/1 5698/1
f 5700/1 5701/1 5702/1
f 5701/1 5703/1 5702/1
f 5702/1 5703/1 5704/1
f 5703/1 5705/1 5704/1
f 5704/1 5705/1 5706/1
f 5705/1 5707/1 5706/1
f 5706/1 5707/1 5708/1
f 5707/1 5709/1 5708/1
f 5708/1 5709/1 5710/1
f 5709/1 5711/1 5710/1
f 5710/1 5711/1 5712/1
f 5711/1 5713/1 5712/1
f 5714/1 5715/1 5716/1
f 5715/1 5717/1 5716/1
f 5716/1 5717/1 5718/1
f 5717/1 5719/1 5718/1
f 5718/1 5719/1 5720/1
f 5719/1 5721/1 5720/1
f 5720/1 5721/1 5722/1
f 5721/1 5723/1 5722/1
f 5722/1 5723/1 5724/1
f 5723/1 5725/1 5724/1
f 5724/1 5725/1 5726/1
f 5725/1 5727/1 5726/1
f 5728/1 5729/1 5730/1
f 5729/1 5731/1 5730/1
f 5730/1 5731/1 5732/1
f 5731/1 5733/1 5732/1
f 5732/1 5733/1 5734/1
f 5733/1 5735/1 5734/1
f 5734/1 5735/1 5736/1
f 5735/1 5737/1 5736/1
f 5736/1 5737/1 5738/1
f 5737/1 5739/1 5738/1
f 5738/1 5739/1 5740/1
f 5739/1 5741/1 5740/1
f 5742/1 5743/1 5744/1
f 5743/1 5745/1 5744/1
f 5744/1 5745/1 5746/1
f 5745/1 5747/1 5746/1
f 5746/1 5747/1 5748/1
f 5747/1 5749/1 5748/1
f 5748/1 5749/1 5750/1
f 5749/1 5751/1 5750/1
f 5750/1 5751/1 5752/1
f 5751/1 5753/1 5752/1
f 5752/1 5753/1 5754/1
f 5753/1 5755/1 5754/1
f 5756/1 5757/1 5758/1
f 5757/1 5759/1 5758/1
f 5758/1 5759/1 5760/1
f 5759/1 5761/1 5760/1
f 5760/1 5761/1 5762/1
f 5761/1 5763/1 5762/1
f 5762/1 5763/1 5764/1
f 5763/1 5765/1 5764/1
f 5764/1 5765/1 5766/1
f 5765/1 5767/1 5766/1
f 5766/1 5767/1 5768/1
f 5767/1 5769/1 5768/1
f 5770/1 5771/1 5772/1
f 5771/1 5773/1 5772/1
f 5772/1 5773/1 5774/1
f 5773/1 5775/1 5774/1
f 5774/1 5775/1 5776/1
f 5775/1 5777/1 5776/1
f 5776/1 5777/1 5778/1
f 5777/1 5779/1 5778/1
f 5778/1 5779/1 5780/1
f 5779/1 5781/1 5780/1
f 5780/1 5781/1 5782/1
f 5781/1 5783/1 5782/1
f 5784/1 5785/1 5786/1
f 5785/1 5787/1 5786/1
f 5786/1 5787/1 5788/1
f 5787/1 5789/1 5788/1
f 5788/1 5789/1 5790/1
f 5789/1 5791/1 5790/1
f 5790/1 5791/1 5792/1
f 5791/1 5793/1 5792/1
f 5792/1 5793/1 5794/1
f 5793/1 5795/1 5794/1
f 5794/1 5795/1 5796/1
f 5795/1 5797/1 5796/1
f 5796/1 5797/1 5798/1
f 5797/1 5799/1 5798/1
f 5798/1 5799/1 5800/1
f 5799/1 5801/1 5800/1
f 5800/1 5801/1 5802/1
f 5801/1 5803/1 5802/1
f 5802/1 5803/1 5804/1
f 5803/1 5805/1 5804/1
f 5804/1 5805/1 5806/1
f 5805/1 5807/1 5806/1
f 5806/1 5807/1 5808/1
f 5807/1 5809/1 5808/1
f 5808/1 5809/1 5810/1
f 5809/1 5811/1 5810/1
f 5810/1 5811/1 5812/1
f 5811/1 5813/1 5812/1
f 5812/1 5813/1 5814/1
f 5813/1 5815/1 5814/1
f 5814/1 5815/1 5816/1
f 5815/1 5817/1 5816/1
f 5816/1 5817/1 5818/1
f 5817/1 5819/1 5818/1
f 5818/1 5819/1 5820/1
f 5821/1 5822/1 5823/1
f 5822/1 5824/1 5823/1
f 5823/1 5824/1 5825/1
f 5824/1 5826/1 5825/1
f 5825/1 5826/1 5827/1
f 5826/1 5828/1 5827/1
f 5827/1 5828/1 5829/1
f 5828/1 5830/1 5829/1
f 5831/1 5832/1 5833/1
f 5832/1 5834/1 5833/1
f 5833/1 5834/1 5835/1
f 5834/1 5836/1 5835/1
f 5835/1 5836/1 5837/1
f 5836/1 5838/1 5837/1
f 5837/1 5838/1 5839/1
f 5838/1 5840/1 5839/1
f 5841/1 5842/1 5843/1
f 5842/1 5844/1 5843/1
f 5843/1 5844/1 5845/1
f 5844/1 5846/1 5845/1
f 5845/1 5846/1 5847/1
f 5846/1 5848/1 5847/1
f 5847/1 5848/1 5849/1
f 5848/1 5850/1 5849/1
f 5849/1 5850/1 5851/1
f 5850/1 5852/1 5851/1
f 5851/1 5852/1 5853/1
f 5852/1 5854/1 5853/1
f 5855/1 5856/1 5857/1
f 5856/1 5858/1 5857/1
f 5857/1 5858/1 5859/1
f 5858/1 5860/1 5859/1
f 5859/1 5860/1 5861/1
f 5860/1 5862/1 5861/1
f 5861/1 5862/1 5863/1
f 5862/1 5864/1 5863/1
f 5863/1 5864/1 5865/1
f 5864/1 5866/1 5865/1
f 5865/1 5866/1 5867/1
f 5868/1 5869/1 5870/1
f 5869/1 5871/1 5870/1
f 5870/1 5871/1 5872/1
f 5871/1 5873/1 5872/1
f 5872/1 5873/1 5874/1
f 5875/1 5876/1 5877/1
f 5876/1 5878/1 5877/1
f 5877/1 5878/1 5879/1
f 5878/1 5880/1 5879/1
f 5879/1 5880/1 5881/1
f 5880/1 5882/1 5881/1
f 5881/1 5882/1 5883/1
f 5882/1 5884/1 5883/1
f 5883/1 5884/1 5885/1
f 5884/1 5886/1 5885/1
f 5885/1 5886/1 5887/1
f 5886/1 5888/1 5887/1
f 5887/1 5888/1 5889/1
f 5888/1 5890/1 5889/1
f 5889/1 5890/1 5891/1
f 5890/1 5892/1 5891/1
f 5891/1 5892/1 5893/1
f 5892/1 5894/1 5893/1
f 5893/1 5894/1 5895/1
f 5894/1 5896/1 5895/1
f 5895/1 5896/1 5897/1
f 5896/1 5898/1 5897/1
f 5897/1 5898/1 5899/1
f 5898/1 5900/1 5899/1
f 5899/1 5900/1 5901/1
f 5900/1 5902/1 5901/1
f 5901/1 5902/1 5903/1
f 5902/1 5904/1 5903/1
f 5903/1 5904/1 5905/1
f 5904/1 5906/1 5905/1
f 5905/1 5906/1 5907/1
f 5906/1 5908/1 5907/1
f 5907/1 5908/1 5909/1
f 5908/1 5910/1 5909/1
f 5909/1 5910/1 5911/1
f 5910/1 5912/1 5911/1
f 5911/1 5912/1 5913/1
f 5912/1 5914/1 5913/1
f 5913/1 5914/1 5915/1
f 5914/1 5916/1 5915/1
f 5915/1 5916/1 5917/1
f 5916/1 5918/1 5917/1
f 5917/1 5918/1 5919/1
f 5918/1 5920/1 5919/1
f 5919/1 5920/1 5921/1
f 5920/1 5922/1 5921/1
f 5921/1 5922/1 5923/1
f 5922/1 5924/1 5923/1
f 5923/1 5924/1 5925/1
f 5924/1 5926/1 5925/1
f 5925/1 5926/1 5927/1
f 5926/1 5928/1 5927/1
f 5927/1 5928/1 5929/1
f 5928/1 5930/1 5929/1
f 5929/1 5930/1 5931/1
f 5930/1 5932/1 5931/1
f 5931/1 5932/1 5933/1
f 5932/1 5934/1 5933/1
f 5935/1 5936/1 5937/1
f 5936/1 5938/1 5937/1
f 5937/1 5938/1 5939/1
f 5938/1 5940/1 5939/1
f 5939/1 5940/1 5941/1
f 5940/1 5942/1 5941/1
f 5943/1 5944/1 5945/1
f 5944/1 5946/1 5945/1
f 5945/1 5946/1 5947/1
f 5946/1 5948/1 5947/1
f 5947/1 5948/1 5949/1
f 5948/1 5950/1 5949/1
f 5949/1 5950/1 5951/1
f 5950/1 5952/1 5951/1
f 5951/1 5952/1 5953/1
f 5952/1 5954/1 5953/1
f 5953/1 5954/1 5955/1
f 5954/1 5956/1 5955/1
f 5955/1 5956/1 5957/1
f 5956/1 5958/1 5957/1
f 5957/1 5958/1 5959/1
f 5958/1 5960/1 5959/1
f 5959/1 5960/1 5961/1
f 5960/1 5962/1 5961/1
f 5961/1 5962/1 5963/1
f 5962/1 5964/1 5963/1
f 5963/1 5964/1 5965/1
f 5964/1 5966/1 5965/1
f 5965/1 5966/1 5967/1
f 5966/1 5968/1 5967/1
f 5967/1 5968/1 5969/1
f 5968/1 5970/1 5969/1
f 5969/1 5970/1 5971/1
f 5970/1 5972/1 5971/1
f 5971/1 5972/1 5973/1
f 5972/1 5974/1 5973/1
f 5973/1 5974/1 5975/1
f 5974/1 5976/1 5975/1
f 5975/1 5976/1 5977/1
f 5976/1 5978/1 5977/1
f 5977/1 5978/1 5979/1
f 5978/1 5980/1 5979/1
f 5979/1 5980/1 5981/1
f 5980/1 5982/1 5981/1
f 5981/1 5982/1 5983/1
f 5982/1 5984/1 5983/1
f 5983/1 5984/1 5985/1
f 5984/1 5986/1 5985/1
f 5985/1 5986/1 5987/1
f 5986/1 5988/1 5987/1
f 5987/1 5988/1 5989/1
f 5988/1 5990/1 5989/1
f 5991/1 5992/1 5993/1
f 5992/1 5994/1 5993/1
f 5993/1 5994/1 5995/1
f 5994/1 5996/1 5995/1
f 5995/1 5996/1 5997/1
f 5996/1 5998/1 5997/1
f 5997/1 5998/1 5999/1
f 5998/1 6000/1 5999/1
f 5999/1 6000/1 6001/1
f 6000/1 6002/1 6001/1
f 6001/1 6002/1 6003/1
f 6002/1 6004/1 6003/1
f 6003/1 6004/1 6005/1
f 6006/1 6007/1 6008/1
f 6007/1 6009/1 6008/1
f 6008/1 6009/1 6010/1
f 6009/1 6011/1 6010/1
f 6010/1 6011/1 6012/1
f 6011/1 6013/1 6012/1
f 6014/1 6015/1 6016/1
f 6015/1 6017/1 6016/1
f 6016/1 6017/1 6018/1
f 6017/1 6019/1 6018/1
f 6020/1 6021/1 6022/1
f 6021/1 6023/1 6022/1
f 6022/1 6023/1 6024/1
f 6023/1 6025/1 6024/1
f 6026/1 6027/1 6028/1
f 6027/1 6029/1 6028/1
f 6028/1 6029/1 6030/1
f 6031/1 6032/1 6033/1
f 6032/1 6034/1 6033/1
f 6033/1 6034/1 6035/1
f 6034/1 6036/1 6035/1
f 6035/1 6036/1 6037/1
f 6038/1 6039/1 6040/1
f 6039/1 6041/1 6040/1
f 6040/1 6041/1 6042/1
f 6041/1 6043/1 6042/1
f 6044/1 6045/1 6046/1
f 6045/1 6047/1 6046/1
f 6046/1 6047/1 6048/1
f 6047/1 6049/1 6048/1
f 6050/1 6051/1 6052/1
f 6051/1 6053/1 6052/1
f 6052/1 6053/1 6054/1
f 6053/1 6055/1 6054/1
f 6056/1 6057/1 6058/1
f 6057/1 6059/1 6058/1
f 6058/1 6059/1 6060/1
f 6059/1 6061/1 6060/1
f 6062/1 6063/1 6064/1
f 6063/1 6065/1 6064/1
f 6064/1 6065/1 6066/1
f 6065/1 6067/1 6066/1
f 6066/1 6067/1 6068/1
f 6067/1 6069/1 6068/1
f 6068/1 6069/1 6070/1
f 6069/1 6071/1 6070/1
f 6070/1 6071/1 6072/1
f 6071/1 6073/1 6072/1
f 6072/1 6073/1 6074/1
f 6073/1 6075/1 6074/1
f 6074/1 6075/1 6076/1
f 6075/1 6077/1 6076/1
f 6076/1 6077/1 6078/1
f 6077/1 6079/1 6078/1
f 6078/1 6079/1 6080/1
f 6079/1 6081/1 6080/1
f 6080/1 6081/1 6082/1
f 6081/1 6083/1 6082/1
f 6082/1 6083/1 6084/1
f 6083/1 6085/1 6084/1
f 6086/1 6087/1 6088/1
f 6087/1 6089/1 6088/1
f 6088/1 6089/1 6090/1
f 6089/1 6091/1 6090/1
f 6092/1 6093/1 6094/1
f 6093/1 6095/1 6094/1
f 6094/1 6095/1 6096/1
f 6095/1 6097/1 6096/1
f 6096/1 6097/1 6098/1
f 6097/1 6099/1 6098/1
f 6100/1 6101/1 6102/1
f 6101/1 6103/1 6102/1
f 6102/1 6103/1 6104/1
f 6103/1 6105/1 6104/1
f 6104/1 6105/1 6106/1
f 6105/1 6107/1 6106/1
f 6106/1 6107/1 6108/1
f 6107/1 6109/1 6108/1
f 6108/1 6109/1 6110/1
f 6109/1 6111/1 6110/1
f 6110/1 6111/1 6112/1
f 6111/1 6113/1 6112/1
f 6112/1 6113/1 6114/1
f 6113/1 6115/1 6114/1
f 6114/1 6115/1 6116/1
f 6115/1 6117/1 6116/1
f 6116/1 6117/1 6118/1
f 6117/1 6119/1 6118/1
f 6118/1 6119/1 6120/1
f 6121/1 6122/1 6123/1
f 6122/1 6124/1 6123/1
f 6123/1 6124/1 6125/1
f 6124/1 6126/1 6125/1
f 6125/1 6126/1 6127/1
f 6128/1 6129/1 6130/1
f 6129/1 6131/1 6130/1
f 6130/1 6131/1 6132/1
f 6131/1 6133/1 6132/1
f 6132/1 6133/1 6134/1
f 6133/1 6135/1 6134/1
f 6134/1 6135/1 6136/1
f 6135/1 6137/1 6136/1
f 6136/1 6137/1 6138/1
f 6137/1 6139/1 6138/1
f 6138/1 6139/1 6140/1
f 6139/1 6141/1 6140/1
f 6140/1 6141/1 6142/1
f 6141/1 6143/1 6142/1
f 6142/1 6143/1 6144/1
f 6143/1 6145/1 6144/1
f 6144/1 6145/1 6146/1
f 6145/1 6147/1 6146/1
f 6146/1 6147/1 6148/1
f 6147/1 6149/1 6148/1
f 6148/1 6149/1 6150/1
f 6149/1 6151/1 6150/1
f 6150/1 6151/1 6152/1
f 6151/1 6153/1 6152/1
f 6152/1 6153/1 6154/1
f 6153/1 6155/1 6154/1
f 6154/1 6155/1 6156/1
f 6155/1 6157/1 6156/1
f 6156/1 6157/1 6158/1
f 6157/1 6159/1 6158/1
f 6158/1 6159/1 6160/1
f 6159/1 6161/1 6160/1
f 6160/1 6161/1 6162/1
f 6161/1 6163/1 6162/1
f 6162/1 6163/1 6164/1
f 6163/1 6165/1 6164/1
f 6164/1 6165/1 6166/1
f 6165/1 6167/1 6166/1
f 6166/1 6167/1 6168/1
f 6167/1 6169/1 6168/1
f 6168/1 6169/1 6170/1
f 6169/1 6171/1 6170/1
f 6170/1 6171/1 6172/1
f 6171/1 6173/1 6172/1
f 6172/1 6173/1 6174/1
f 6173/1 6175/1 6174/1
f 6174/1 6175/1 6176/1
f 6175/1 6177/1 6176/1
f 6176/1 6177/1 6178/1
f 6177/1 6179/1 6178/1
f 6178/1 6179/1 6180/1
f 6179/1 6181/1 6180/1
f 6180/1 6181/1 6182/1
f 6181/1 6183/1 6182/1
f 6182/1 6183/1 6184/1
f 6183/1 6185/1 6184/1
f 6184/1 6185/1 6186/1
f 6185/1 6187/1 6186/1
f 6186/1 6187/1 6188/1
f 6187/1 6189/1 6188/1
f 6188/1 6189/1 6190/1
f 6189/1 6191/1 6190/1
f 6190/1 6191/1 6192/1
f 6191/1 6193/1 6192/1
f 6192/1 6193/1 6194/1
f 6193/1 6195/1 6194/1
f 6196/1 6197/1 6198/1
f 6197/1 6199/1 6198/1
f 6198/1 6199/1 6200/1
f 6199/1 6201/1 6200/1
f 6200/1 6201/1 6202/1
f 6201/1 6203/1 6202/1
f 6202/1 6203/1 6204/1
f 6203/1 6205/1 6204/1
f 6204/1 6205/1 6206/1
f 6205/1 6207/1 6206/1
f 6206/1 6207/1 6208/1
f 6207/1 6209/1 6208/1
f 6208/1 6209/1 6210/1
f 6209/1 6211/1 6210/1
f 6210/1 6211/1 6212/1
f 6211/1 6213/1 6212/1
f 6212/1 6213/1 6214/1
f 6213/1 6215/1 6214/1
f 6214/1 6215/1 6216/1
f 6215/1 6217/1 6216/1
f 6216/1 6217/1 6218/1
f 6217/1 6219/1 6218/1
f 6218/1 6219/1 6220/1
f 6219/1 6221/1 6220/1
f 6220/1 6221/1 6222/1
f 6221/1 6223/1 6222/1
f 6222/1 6223/1 6224/1
f 6223/1 6225/1 6224/1
f 6224/1 6225/1 6226/1
f 6225/1 6227/1 6226/1
f 6226/1 6227/1 6228/1
f 6227/1 6229/1 6228/1
f 6228/1 6229/1 6230/1
f 6229/1 6231/1 6230/1
f 6230/1 6231/1 6232/1
f 6231/1 6233/1 6232/1
f 6232/1 6233/1 6234/1
f 6233/1 6235/1 6234/1
f 6234/1 6235/1 6236/1
f 6235/1 6237/1 6236/1
f 6236/1 6237/1 6238/1
f 6237/1 6239/1 6238/1
f 6238/1 6239/1 6240/1
f 6239/1 6241/1 6240/1
f 6240/1 6241/1 6242/1
f 6241/1 6243/1 6242/1
f 6242/1 6243/1 6244/1
f 6243/1 6245/1 6244/1
f 6244/1 6245/1 6246/1
f 6245/1 6247/1 6246/1
f 6246/1 6247/1 6248/1
f 6247/1 6249/1 6248/1
f 6248/1 6249/1 6250/1
f 6249/1 6251/1 6250/1
f 6250/1 6251/1 6252/1
f 6251/1 6253/1 6252/1
f 6252/1 6253/1 6254/1
f 6253/1 6255/1 6254/1
f 6254/1 6255/1 6256/1
f 6255/1 6257/1 6256/1
f 6256/1 6257/1 6258/1
f 6257/1 6259/1 6258/1
f 6258/1 6259/1 6260/1
f 6259/1 6261/1 6260/1
f 6260/1 6261/1 6262/1
f 6261/1 6263/1 6262/1
f 6262/1 6263/1 6264/1
f 6263/1 6265/1 6264/1
f 6264/1 6265/1 6266/1
f 6265/1 6267/1 6266/1
f 6266/1 6267/1 6268/1
f 6267/1 6269/1 6268/1
f 6268/1 6269/1 6270/1
f 6269/1 6271/1 6270/1
f 6270/1 6271/1 6272/1
f 6271/1 6273/1 6272/1
f 6272/1 6273/1 6274/1
f 6273/1 6275/1 6274/1
f 6274/1 6275/1 6276/1
f 6275/1 6277/1 6276/1
f 6276/1 6277/1 6278/1
f 6277/1 6279/1 6278/1
f 6278/1 6279/1 6280/1
f 6279/1 6281/1 6280/1
f 6280/1 6281/1 6282/1
f 6281/1 6283/1 6282/1
f 6282/1 6283/1 6284/1
f 6283/1 6285/1 6284/1
f 6284/1 6285/1 6286/1
f 6285/1 6287/1 6286/1
f 6286/1 6287/1 6288/1
f 6287/1 6289/1 6288/1
f 6288/1 6289/1 6290/1
f 6289/1 6291/1 6290/1
f 6290/1 6291/1 6292/1
f 6293/1 6294/1 6295/1
f 6294/1 6296/1 6295/1
f 6295/1 6296/1 6297/1
f 6296/1 6298/1 6297/1
f 6297/1 6298/1 6299/1
f 6298/1 6300/1 6299/1
f 6299/1 6300/1 6301/1
f 6300/1 6302/1 6301/1
f 6301/1 6302/1 6303/1
f 6302/1 6304/1 6303/1
f 6303/1 6304/1 6305/1
f 6304/1 6306/1 6305/1
f 6305/1 6306/1 6307/1
f 6306/1 6308/1 6307/1
f 6307/1 6308/1 6309/1
f 6308/1 6310/1 6309/1
f 6309/1 6310/1 6311/1
f 6310/1 6312/1 6311/1
f 6311/1 6312/1 6313/1
f 6312/1 6314/1 6313/1
f 6313/1 6314/1 6315/1
f 6314/1 6316/1 6315/1
f 6315/1 6316/1 6317/1
f 6316/1 6318/1 6317/1
f 6317/1 6318/1 6319/1
f 6318/1 6320/1 6319/1
f 6319/1 6320/1 6321/1
f 6320/1 6322/1 6321/1
f 6321/1 6322/1 6323/1
f 6322/1 6324/1 6323/1
f 6323/1 6324/1 6325/1
f 6324/1 6326/1 6325/1
f 6325/1 6326/1 6327/1
f 6326/1 6328/1 6327/1
f 6327/1 6328/1 6329/1
f 6328/1 6330/1 6329/1
f 6329/1 6330/1 6331/1
f 6330/1 6332/1 6331/1
f 6331/1 6332/1 6333/1
f 6332/1 6334/1 6333/1
f 6333/1 6334/1 6335/1
f 6334/1 6336/1 6335/1
f 6335/1 6336/1 6337/1
f 6336/1 6338/1 6337/1
f 6337/1 6338/1 6339/1
f 6338/1 6340/1 6339/1
f 6339/1 6340/1 6341/1
f 6340/1 6342/1 6341/1
f 6341/1 6342/1 6343/1
f 6342/1 6344/1 6343/1
f 6343/1 6344/1 6345/1
f 6344/1 6346/1 6345/1
f 6345/1 6346/1 6347/1
f 6346/1 6348/1 6347/1
f 6349/1 6350/1 6351/1
f 6350/1 6352/1 6351/1
f 6351/1 6352/1 6353/1
f 6352/1 6354/1 6353/1
f 6355/1 6356/1 6357/1
f 6356/1 6358/1 6357/1
f 6357/1 6358/1 6359/1
f 6358/1 6360/1 6359/1
f 6361/1 6362/1 6363/1
f 6362/1 6364/1 6363/1
f 6363/1 6364/1 6365/1
f 6364/1 6366/1 6365/1
f 6365/1 6366/1 6367/1
f 6366/1 6368/1 6367/1
f 6367/1 6368/1 6369/1
f 6370/1 6371/1 6372/1
f 6371/1 6373/1 6372/1
f 6372/1 6373/1 6374/1
f 6373/1 6375/1 6374/1
f 6374/1 6375/1 6376/1
f 6375/1 6377/1 6376/1
f 6376/1 6377/1 6378/1
f 6379/1 6380/1 6381/1
f 6380/1 6382/1 6381/1
f 6381/1 6382/1 6383/1
f 6382/1 6384/1 6383/1
f 6383/1 6384/1 6385/1
f 6384/1 6386/1 6385/1
f 6385/1 6386/1 6387/1
f 6386/1 6388/1 6387/1
f 6389/1 6390/1 6391/1
f 6390/1 6392/1 6391/1
f 6391/1 6392/1 6393/1
f 6392/1 6394/1 6393/1
f 6393/1 6394/1 6395/1
f 6396/1 6397/1 6398/1
f 6397/1 6399/1 6398/1
f 6398/1 6399/1 6400/1
f 6399/1 6401/1 6400/1
f 6400/1 6401/1 6402/1
f 6401/1 6403/1 6402/1
f 6402/1 6403/1 6404/1
f 6405/1 6406/1 6407/1
f 6406/1 6408/1 6407/1
f 6407/1 6408/1 6409/1
f 6408/1 6410/1 6409/1
f 6409/1 6410/1 6411/1
f 6410/1 6412/1 6411/1
f 6411/1 6412/1 6413/1
f 6412/1 6414/1 6413/1
f 6415/1 6416/1 6417/1
f 6416/1 6418/1 6417/1
f 6417/1 6418/1 6419/1
f 6418/1 6420/1 6419/1
f 6419/1 6420/1 6421/1
f 6420/1 6422/1 6421/1
f 6421/1 6422/1 6423/1
f 6422/1 6424/1 6423/1
f 6423/1 6424/1 6425/1
f 6424/1 6426/1 6425/1
f 6425/1 6426/1 6427/1
f 6426/1 6428/1 6427/1
f 6429/1 6430/1 6431/1
f 6430/1 6432/1 6431/1
f 6431/1 6432/1 6433/1
f 6432/1 6434/1 6433/1
f 6433/1 6434/1 6435/1
f 6434/1 6436/1 6435/1
f 6437/1 6438/1 6439/1
f 6438/1 6440/1 6439/1
f 6439/1 6440/1 6441/1
f 6440/1 6442/1 6441/1
f 6441/1 6442/1 6443/1
f 6442/1 6444/1 6443/1
f 6445/1 6446/1 6447/1
f 6446/1 6448/1 6447/1
f 6447/1 6448/1 6449/1
f 6450/1 6451/1 6452/1
f 6451/1 6453/1 6452/1
f 6452/1 6453/1 6454/1
f 6453/1 6455/1 6454/1
f 6454/1 6455/1 6456/1
f 6457/1 6458/1 6459/1
f 6458/1 6460/1 6459/1
f 6459/1 6460/1 6461/1
f 6460/1 6462/1 6461/1
f 6461/1 6462/1 6463/1
f 6462/1 6464/1 6463/1
f 6465/1 6466/1 6467/1
f 6466/1 6468/1 6467/1
f 6467/1 6468/1 6469/1
f 6468/1 6470/1 6469/1
f 6469/1 6470/1 6471/1
f 6470/1 6472/1 6471/1
f 6473/1 6474/1 6475/1
f 6474/1 6476/1 6475/1
f 6475/1 6476/1 6477/1
f 6476/1 6478/1 6477/1
f 6477/1 6478/1 6479/1
f 6478/1 6480/1 6479/1
f 6479/1 6480/1 6481/1
f 6480/1 6482/1 6481/1
f 6481/1 6482/1 6483/1
f 6482/1 6484/1 6483/1
f 6485/1 6486/1 6487/1
f 6486/1 6488/1 6487/1
f 6487/1 6488/1 6489/1
f 6488/1 6490/1 6489/1
f 6489/1 6490/1 6491/1
f 6490/1 6492/1 6491/1
f 6491/1 6492/1 6493/1
f 6492/1 6494/1 6493/1
f 6493/1 6494/1 6495/1
f 6494/1 6496/1 6495/1
f 6495/1 6496/1 6497/1
f 6496/1 6498/1 6497/1
f 6497/1 6498/1 6499/1
f 6500/1 6501/1 6502/1
f 6501/1 6503/1 6502/1
f 6502/1 6503/1 6504/1
f 6503/1 6505/1 6504/1
f 6504/1 6505/1 6506/1
f 6505/1 6507/1 6506/1
f 6506/1 6507/1 6508/1
f 6507/1 6509/1 6508/1
f 6508/1 6509/1 6510/1
f 6509/1 6511/1 6510/1
f 6510/1 6511/1 6512/1
f 6511/1 6513/1 6512/1
f 6514/1 6515/1 6516/1
f 6515/1 6517/1 6516/1
f 6516/1 6517/1 6518/1
f 6517/1 6519/1 6518/1
f 6518/1 6519/1 6520/1
f 6519/1 6521/1 6520/1
f 6520/1 6521/1 6522/1
f 6521/1 6523/1 6522/1
f 6522/1 6523/1 6524/1
f 6523/1 6525/1 6524/1
f 6524/1 6525/1 6526/1
f 6525/1 6527/1 6526/1
f 6528/1 6529/1 6530/1
f 6529/1 6531/1 6530/1
f 6530/1 6531/1 6532/1
f 6531/1 6533/1 6532/1
f 6532/1 6533/1 6534/1
f 6533/1 6535/1 6534/1
f 6534/1 6535/1 6536/1
f 6535/1 6537/1 6536/1
f 6536/1 6537/1 6538/1
f 6537/1 6539/1 6538/1
f 6538/1 6539/1 6540/1
f 6539/1 6541/1 6540/1
f 6542/1 6543/1 6544/1
f 6543/1 6545/1 6544/1
f 6544/1 6545/1 6546/1
f 6545/1 6547/1 6546/1
f 6546/1 6547/1 6548/1
f 6547/1 6549/1 6548/1
f 6548/1 6549/1 6550/1
f 6549/1 6551/1 6550/1
f 6550/1 6551/1 6552/1
f 6551/1 6553/1 6552/1
f 6552/1 6553/1 6554/1
f 6553/1 6555/1 6554/1
f 6556/1 6557/1 6558/1
f 6557/1 6559/1 6558/1
f 6558/1 6559/1 6560/1
f 6559/1 6561/1 6560/1
f 6560/1 6561/1 6562/1
f 6561/1 6563/1 6562/1
f 6562/1 6563/1 6564/1
f 6563/1 6565/1 6564/1
f 6564/1 6565/1 6566/1
f 6565/1 6567/1 6566/1
f 6566/1 6567/1 6568/1
f 6567/1 6569/1 6568/1
f 6570/1 6571/1 6572/1
f 6571/1 6573/1 6572/1
f 6572/1 6573/1 6574/1
f 6573/1 6575/1 6574/1
f 6574/1 6575/1 6576/1
f 6575/1 6577/1 6576/1
f 6576/1 6577/1 6578/1
f 6577/1 6579/1 6578/1
f 6578/1 6579/1 6580/1
f 6579/1 6581/1 6580/1
f 6580/1 6581/1 6582/1
f 6581/1 6583/1 6582/1
f 6584/1 6585/1 6586/1
f 6585/1 6587/1 6586/1
f 6586/1 6587/1 6588/1
f 6587/1 6589/1 6588/1
f 6588/1 6589/1 6590/1
f 6589/1 6591/1 6590/1
f 6590/1 6591/1 6592/1
f 6591/1 6593/1 6592/1
f 6592/1 6593/1 6594/1
f 6593/1 6595/1 6594/1
f 6594/1 6595/1 6596/1
f 6595/1 6597/1 6596/1
f 6598/1 6599/1 6600/1
f 6599/1 6601/1 6600/1
f 6600/1 6601/1 6602/1
f 6601/1 6603/1 6602/1
f 6602/1 6603/1 6604/1
f 6603/1 6605/1 6604/1
f 6604/1 6605/1 6606/1
f 6605/1 6607/1 6606/1
f 6606/1 6607/1 6608/1
f 6607/1 6609/1 6608/1
f 6608/1 6609/1 6610/1
f 6609/1 6611/1 6610/1
f 6612/1 6613/1 6614/1
f 6613/1 6615/1 6614/1
f 6614/1 6615/1 6616/1
f 6617/1 6618/1 6619/1
f 6618/1 6620/1 6619/1
f 6619/1 6620/1 6621/1
f 6620/1 6622/1 6621/1
f 6621/1 6622/1 6623/1
f 6622/1 6624/1 6623/1
f 6623/1 6624/1 6625/1
f 6624/1 6626/1 6625/1
f 6625/1 6626/1 6627/1
f 6626/1 6628/1 6627/1
f 6627/1 6628/1 6629/1
f 6628/1 6630/1 6629/1
f 6631/1 6632/1 6633/1
f 6632/1 6634/1 6633/1
f 6633/1 6634/1 6635/1
f 6634/1 6636/1 6635/1
f 6635/1 6636/1 6637/1
f 6636/1 6638/1 6637/1
f 6637/1 6638/1 6639/1
f 6638/1 6640/1 6639/1
f 6639/1 6640/1 6641/1
f 6640/1 6642/1 6641/1
f 6641/1 6642/1 6643/1
f 6642/1 6644/1 6643/1
f 6643/1 6644/1 6645/1
f 6644/1 6646/1 6645/1
f 6645/1 6646/1 6647/1
f 6646/1 6648/1 6647/1
f 6647/1 6648/1 6649/1
f 6648/1 6650/1 6649/1
f 6649/1 6650/1 6651/1
f 6650/1 6652/1 6651/1
f 6651/1 6652/1 6653/1
f 6652/1 6654/1 6653/1
f 6653/1 6654/1 6655/1
f 6654/1 6656/1 6655/1
f 6655/1 6656/1 6657/1
f 6656/1 6658/1 6657/1
f 6657/1 6658/1 6659/1
f 6658/1 6660/1 6659/1
f 6659/1 6660/1 6661/1
f 6660/1 6662/1 6661/1
f 6661/1 6662/1 6663/1
f 6662/1 6664/1 6663/1
f 6663/1 6664/1 6665/1
f 6664/1 6666/1 6665/1
f 6665/1 6666/1 6667/1
f 6666/1 6668/1 6667/1
f 6667/1 6668/1 6669/1
f 6668/1 6670/1 6669/1
f 6669/1 6670/1 6671/1
f 6670/1 6672/1 6671/1
f 6671/1 6672/1 6673/1
f 6672/1 6674/1 6673/1
f 6673/1 6674/1 6675/1
f 6674/1 6676/1 6675/1
f 6675/1 6676/1 6677/1
f 6676/1 6678/1 6677/1
f 6677/1 6678/1 6679/1
f 6678/1 6680/1 6679/1
f 6679/1 6680/1 6681/1
f 6680/1 6682/1 6681/1
f 6681/1 6682/1 6683/1
f 6682/1 6684/1 6683/1
f 6683/1 6684/1 6685/1
f 6684/1 6686/1 6685/1
f 6685/1 6686/1 6687/1
f 6686/1 6688/1 6687/1
f 6687/1 6688/1 6689/1
f 6688/1 6690/1 6689/1
f 6689/1 6690/1 6691/1
f 6690/1 6692/1 6691/1
f 6691/1 6692/1 6693/1
f 6692/1 6694/1 6693/1
f 6693/1 6694/1 6695/1
f 6694/1 6696/1 6695/1
f 6695/1 6696/1 6697/1
f 6696/1 6698/1 6697/1
f 6697/1 6698/1 6699/1
f 6698/1 6700/1 6699/1
f 6699/1 6700/1 6701/1
f 6700/1 6702/1 6701/1
f 6701/1 6702/1 6703/1
f 6702/1 6704/1 6703/1
f 6703/1 6704/1 6705/1
f 6704/1 6706/1 6705/1
f 6705/1 6706/1 6707/1
f 6706/1 6708/1 6707/1
f 6707/1 6708/1 6709/1
f 6708/1 6710/1 6709/1
f 6709/1 6710/1 6711/1
f 6710/1 6712/1 6711/1
f 6711/1 6712/1 6713/1
f 6714/1 6715/1 6716/1
f 6715/1 6717/1 6716/1
f 6716/1 6717/1 6718/1
f 6717/1 6719/1 6718/1
f 6718/1 6719/1 6720/1
f 6719/1 6721/1 6720/1
f 6720/1 6721/1 6722/1
f 6721/1 6723/1 6722/1
f 6722/1 6723/1 6724/1
f 6723/1 6725/1 6724/1
f 6724/1 6725/1 6726/1
f 6725/1 6727/1 6726/1
f 6726/1 6727/1 6728/1
f 6727/1 6729/1 6728/1
f 6728/1 6729/1 6730/1
f 6729/1 6731/1 6730/1
f 6730/1 6731/1 6732/1
f 6731/1 6733/1 6732/1
f 6732/1 6733/1 6734/1
f 6733/1 6735/1 6734/1
f 6734/1 6735/1 6736/1
f 6735/1 6737/1 6736/1
f 6736/1 6737/1 6738/1
f 6737/1 6739/1 6738/1
f 6738/1 6739/1 6740/1
f 6739/1 6741/1 6740/1
f 6740/1 6741/1 6742/1
f 6741/1 6743/1 6742/1
f 6742/1 6743/1 6744/1
f 6743/1 6745/1 6744/1
f 6744/1 6745/1 6746/1
f 6745/1 6747/1 6746/1
f 6746/1 6747/1 6748/1
f 6747/1 6749/1 6748/1
f 6748/1 6749/1 6750/1
f 6749/1 6751/1 6750/1
f 6750/1 6751/1 6752/1
f 6751/1 6753/1 6752/1
f 6752/1 6753/1 6754/1
f 6753/1 6755/1 6754/1
f 6754/1 6755/1 6756/1
f 6755/1 6757/1 6756/1
f 6756/1 6757/1 6758/1
f 6757/1 6759/1 6758/1
f 6758/1 6759/1 6760/1
f 6759/1 6761/1 6760/1
f 6760/1 6761/1 6762/1
f 6761/1 6763/1 6762/1
f 6762/1 6763/1 6764/1
f 6763/1 6765/1 6764/1
f 6764/1 6765/1 6766/1
f 6765/1 6767/1 6766/1
f 6766/1 6767/1 6768/1
f 6769/1 6770/1 6771/1
f 6770/1 6772/1 6771/1
f 6771/1 6772/1 6773/1
f 6772/1 6774/1 6773/1
f 6773/1 6774/1 6775/1
f 6774/1 6776/1 6775/1
f 6775/1 6776/1 6777/1
f 6776/1 6778/1 6777/1
f 6777/1 6778/1 6779/1
f 6778/1 6780/1 6779/1
f 6779/1 6780/1 6781/1
f 6780/1 6782/1 6781/1
f 6781/1 6782/1 6783/1
f 6782/1 6784/1 6783/1
f 6783/1 6784/1 6785/1
f 6784/1 6786/1 6785/1
f 6787/1 6788/1 6789/1
f 6788/1 6790/1 6789/1
f 6789/1 6790/1 6791/1
f 6790/1 6792/1 6791/1
f 6791/1 6792/1 6793/1
f 6792/1 6794/1 6793/1
f 6793/1 6794/1 6795/1
f 6794/1 6796/1 6795/1
f 6795/1 6796/1 6797/1
f 6796/1 6798/1 6797/1
f 6797/1 6798/1 6799/1
f 6798/1 6800/1 6799/1
f 6799/1 6800/1 6801/1
f 6800/1 6802/1 6801/1
f 6801/1 6802/1 6803/1
f 6802/1 6804/1 6803/1
f 6803/1 6804/1 6805/1
f 6804/1 6806/1 6805/1
f 6805/1 6806/1 6807/1
f 6806/1 6808/1 6807/1
f 6809/1 6810/1 6811/1
f 6810/1 6812/1 6811/1
f 6811/1 6812/1 6813/1
f 6814/1 6815/1 6816/1
f 6815/1 6817/1 6816/1
f 6816/1 6817/1 6818/1
f 6817/1 6819/1 6818/1
f 6818/1 6819/1 6820/1
f 6819/1 6821/1 6820/1
f 6820/1 6821/1 6822/1
f 6821/1 6823/1 6822/1
f 6822/1 6823/1 6824/1
f 6823/1 6825/1 6824/1
f 6824/1 6825/1 6826/1
f 6825/1 6827/1 6826/1
f 6826/1 6827/1 6828/1
f 6827/1 6829/1 6828/1
f 6828/1 6829/1 6830/1
f 6829/1 6831/1 6830/1
f 6830/1 6831/1 6832/1
f 6833/1 6834/1 6835/1
f 6834/1 6836/1 6835/1
f 6835/1 6836/1 6837/1
f 6836/1 6838/1 6837/1
f 6837/1 6838/1 6839/1
f 6838/1 6840/1 6839/1
f 6839/1 6840/1 6841/1
f 6840/1 6842/1 6841/1
f 6841/1 6842/1 6843/1
f 6842/1 6844/1 6843/1
f 6843/1 6844/1 6845/1
f 6844/1 6846/1 6845/1
f 6845/1 6846/1 6847/1
f 6846/1 6848/1 6847/1
f 6847/1 6848/1 6849/1
f 6848/1 6850/1 6849/1
f 6849/1 6850/1 6851/1
f 6850/1 6852/1 6851/1
f 6851/1 6852/1 6853/1
f 6852/1 6854/1 6853/1
f 6853/1 6854/1 6855/1
f 6854/1 6856/1 6855/1
f 6855/1 6856/1 6857/1
f 6856/1 6858/1 6857/1
f 6857/1 6858/1 6859/1
f 6858/1 6860/1 6859/1
f 6859/1 6860/1 6861/1
f 6860/1 6862/1 6861/1
f 6861/1 6862/1 6863/1
f 6862/1 6864/1 6863/1
f 6863/1 6864/1 6865/1
f 6866/1 6867/1 6868/1
f 6867/1 6869/1 6868/1
f 6868/1 6869/1 6870/1
f 6869/1 6871/1 6870/1
f 6870/1 6871/1 6872/1
f 6871/1 6873/1 6872/1
f 6872/1 6873/1 6874/1
f 6873/1 6875/1 6874/1
f 6874/1 6875/1 6876/1
f 6875/1 6877/1 6876/1
f 6876/1 6877/1 6878/1
f 6877/1 6879/1 6878/1
f 6878/1 6879/1 6880/1
f 6879/1 6881/1 6880/1
f 6880/1 6881/1 6882/1
f 6881/1 6883/1 6882/1
f 6882/1 6883/1 6884/1
f 6883/1 6885/1 6884/1
f 6884/1 6885/1 6886/1
f 6885/1 6887/1 6886/1
f 6886/1 6887/1 6888/1
f 6887/1 6889/1 6888/1
f 6888/1 6889/1 6890/1
f 6889/1 6891/1 6890/1
f 6890/1 6891/1 6892/1
f 6891/1 6893/1 6892/1
f 6892/1 6893/1 6894/1
f 6893/1 6895/1 6894/1
f 6894/1 6895/1 6896/1
f 6895/1 6897/1 6896/1
f 6896/1 6897/1 6898/1
f 6897/1 6899/1 6898/1
f 6898/1 6899/1 6900/1
f 6899/1 6901/1 6900/1
f 6900/1 6901/1 6902/1
f 6901/1 6903/1 6902/1
f 6902/1 6903/1 6904/1
f 6903/1 6905/1 6904/1
f 6904/1 6905/1 6906/1
f 6905/1 6907/1 6906/1
f 6906/1 6907/1 6908/1
f 6907/1 6909/1 6908/1
f 6908/1 6909/1 6910/1
f 6909/1 6911/1 6910/1
f 6910/1 6911/1 6912/1
f 6911/1 6913/1 6912/1
f 6912/1 6913/1 6914/1
f 6913/1 6915/1 6914/1
f 6914/1 6915/1 6916/1
f 6915/1 6917/1 6916/1
f 6916/1 6917/1 6918/1
f 6917/1 6919/1 6918/1
f 6918/1 6919/1 6920/1
f 6919/1 6921/1 6920/1
f 6920/1 6921/1 6922/1
f 6921/1 6923/1 6922/1
f 6922/1 6923/1 6924/1
f 6923/1 6925/1 6924/1
f 6924/1 6925/1 6926/1
f 6925/1 6927/1 6926/1
f 6926/1 6927/1 6928/1
f 6927/1 6929/1 6928/1
f 6928/1 6929/1 6930/1
f 6931/1 6932/1 6933/1
f 6932/1 6934/1 6933/1
f 6933/1 6934/1 6935/1
f 6934/1 6936/1 6935/1
f 6935/1 6936/1 6937/1
f 6936/1 6938/1 6937/1
f 6939/1 6940/1 6941/1
f 6940/1 6942/1 6941/1
f 6941/1 6942/1 6943/1
f 6944/1 6945/1 6946/1
f 6945/1 6947/1 6946/1
f 6946/1 6947/1 6948/1
f 6949/1 6950/1 6951/1
f 6950/1 6952/1 6951/1
f 6951/1 6952/1 6953/1
f 6952/1 6954/1 6953/1
f 6953/1 6954/1 6955/1
f 6954/1 6956/1 6955/1
f 6955/1 6956/1 6957/1
f 6956/1 6958/1 6957/1
f 6957/1 6958/1 6959/1
f 6958/1 6960/1 6959/1
f 6959/1 6960/1 6961/1
f 6960/1 6962/1 6961/1
f 6961/1 6962/1 6963/1
f 6962/1 6964/1 6963/1
f 6963/1 6964/1 6965/1
f 6964/1 6966/1 6965/1
f 6967/1 6968/1 6969/1
f 6968/1 6970/1 6969/1
f 6969/1 6970/1 6971/1
f 6970/1 6972/1 6971/1
f 6971/1 6972/1 6973/1
f 6972/1 6974/1 6973/1
f 6973/1 6974/1 6975/1
f 6974/1 6976/1 6975/1
f 6975/1 6976/1 6977/1
f 6976/1 6978/1 6977/1
f 6977/1 6978/1 6979/1
f 6978/1 6980/1 6979/1
f 6979/1 6980/1 6981/1
f 6980/1 6982/1 6981/1
f 6981/1 6982/1 6983/1
f 6982/1 6984/1 6983/1
f 6985/1 6986/1 6987/1
f 6986/1 6988/1 6987/1
f 6987/1 6988/1 6989/1
f 6988/1 6990/1 6989/1
f 6989/1 6990/1 6991/1
f 6990/1 6992/1 6991/1
f 6991/1 6992/1 6993/1
f 6992/1 6994/1 6993/1
f 6993/1 6994/1 6995/1
f 6994/1 6996/1 6995/1
f 6997/1 6998/1 6999/1
f 6998/1 7000/1 6999/1
f 6999/1 7000/1 7001/1
f 7000/1 7002/1 7001/1
f 7001/1 7002/1 7003/1
f 7002/1 7004/1 7003/1
f 7005/1 7006/1 7007/1
f 7006/1 7008/1 7007/1
f 7007/1 7008/1 7009/1
f 7008/1 7010/1 7009/1
f 7009/1 7010/1 7011/1
f 7010/1 7012/1 7011/1
f 7011/1 7012/1 7013/1
f 7012/1 7014/1 7013/1
f 7013/1 7014/1 7015/1
f 7014/1 7016/1 7015/1
f 7015/1 7016/1 7017/1
f 7016/1 7018/1 7017/1
f 7017/1 7018/1 7019/1
f 7018/1 7020/1 7019/1
f 7019/1 7020/1 7021/1
f 7020/1 7022/1 7021/1
f 7021/1 7022/1 7023/1
f 7022/1 7024/1 7023/1
f 7023/1 7024/1 7025/1
f 7024/1 7026/1 7025/1
f 7025/1 7026/1 7027/1
f 7026/1 7028/1 7027/1
f 7027/1 7028/1 7029/1
f 7028/1 7030/1 7029/1
f 7029/1 7030/1 7031/1
f 7030/1 7032/1 7031/1
f 7031/1 7032/1 7033/1
f 7032/1 7034/1 7033/1
f 7033/1 7034/1 7035/1
f 7034/1 7036/1 7035/1
f 7035/1 7036/1 7037/1
f 7036/1 7038/1 7037/1
f 7037/1 7038/1 7039/1
f 7038/1 7040/1 7039/1
f 7039/1 7040/1 7041/1
f 7040/1 7042/1 7041/1
f 7041/1 7042/1 7043/1
f 7042/1 7044/1 7043/1
f 7043/1 7044/1 7045/1
f 7046/1 7047/1 7048/1
f 7047/1 7049/1 7048/1
f 7048/1 7049/1 7050/1
f 7049/1 7051/1 7050/1
f 7050/1 7051/1 7052/1
f 7051/1 7053/1 7052/1
f 7052/1 7053/1 7054/1
f 7053/1 7055/1 7054/1
f 7054/1 7055/1 7056/1
f 7055/1 7057/1 7056/1
f 7056/1 7057/1 7058/1
f 7057/1 7059/1 7058/1
f 7058/1 7059/1 7060/1
f 7059/1 7061/1 7060/1
f 7060/1 7061/1 7062/1
f 7061/1 7063/1 7062/1
f 7062/1 7063/1 7064/1
f 7063/1 7065/1 7064/1
f 7064/1 7065/1 7066/1
f 7065/1 7067/1 7066/1
f 7066/1 7067/1 7068/1
f 7067/1 7069/1 7068/1
f 7068/1 7069/1 7070/1
f 7069/1 7071/1 7070/1
f 7070/1 7071/1 7072/1
f 7071/1 7073/1 7072/1
f 7072/1 7073/1 7074/1
f 7073/1 7075/1 7074/1
f 7074/1 7075/1 7076/1
f 7075/1 7077/1 7076/1
f 7076/1 7077/1 7078/1
f 7077/1 7079/1 7078/1
f 7078/1 7079/1 7080/1
f 7079/1 7081/1 7080/1
f 7080/1 7081/1 7082/1
f 7081/1 7083/1 7082/1
f 7082/1 7083/1 7084/1
f 7083/1 7085/1 7084/1
f 7084/1 7085/1 7086/1
f 7085/1 7087/1 7086/1
f 7086/1 7087/1 7088/1
f 7087/1 7089/1 7088/1
f 7088/1 7089/1 7090/1
f 7089/1 7091/1 7090/1
f 7090/1 7091/1 7092/1
f 7091/1 7093/1 7092/1
f 7092/1 7093/1 7094/1
f 7093/1 7095/1 7094/1
f 7094/1 7095/1 7096/1
f 7095/1 7097/1 7096/1
f 7096/1 7097/1 7098/1
f 7097/1 7099/1 7098/1
f 7098/1 7099/1 7100/1
f 7099/1 7101/1 7100/1
f 7100/1 7101/1 7102/1
f 7101/1 7103/1 7102/1
f 7102/1 7103/1 7104/1
f 7103/1 7105/1 7104/1
f 7104/1 7105/1 7106/1
f 7105/1 7107/1 7106/1
f 7106/1 7107/1 7108/1
f 7107/1 7109/1 7108/1
f 7108/1 7109/1 7110/1
f 7109/1 7111/1 7110/1
f 7110/1 7111/1 7112/1
f 7111/1 7113/1 7112/1
f 7112/1 7113/1 7114/1
f 7113/1 7115/1 7114/1
f 7116/1 7117/1 7118/1
f 7117/1 7119/1 7118/1
f 7118/1 7119/1 7120/1
f 7119/1 7121/1 7120/1
f 7120/1 7121/1 7122/1
f 7121/1 7123/1 7122/1
f 7122/1 7123/1 7124/1
f 7123/1 7125/1 7124/1
f 7126/1 7127/1 7128/1
f 7127/1 7129/1 7128/1
f 7128/1 7129/1 7130/1
f 7131/1 7132/1 7133/1
f 7132/1 7134/1 7133/1
f 7133/1 7134/1 7135/1
f 7134/1 7136/1 7135/1
f 7135/1 7136/1 7137/1
f 7136/1 7138/1 7137/1
f 7137/1 7138/1 7139/1
f 7138/1 7140/1 7139/1
f 7141/1 7142/1 7143/1
f 7142/1 7144/1 7143/1
f 7143/1 7144/1 7145/1
f 7144/1 7146/1 7145/1
f 7147/1 7148/1 7149/1
f 7148/1 7150/1 7149/1
f 7149/1 7150/1 7151/1
f 7150/1 7152/1 7151/1
f 7153/1 7154/1 7155/1
f 7154/1 7156/1 7155/1
f 7155/1 7156/1 7157/1
f 7156/1 7158/1 7157/1
f 7157/1 7158/1 7159/1
f 7158/1 7160/1 7159/1
f 7161/1 7162/1 7163/1
f 7162/1 7164/1 7163/1
f 7163/1 7164/1 7165/1
f 7164/1 7166/1 7165/1
f 7165/1 7166/1 7167/1
f 7166/1 7168/1 7167/1
f 7167/1 7168/1 7169/1
f 7168/1 7170/1 7169/1
f 7169/1 7170/1 7171/1
f 7170/1 7172/1 7171/1
f 7171/1 7172/1 7173/1
f 7174/1 7175/1 7176/1
f 7175/1 7177/1 7176/1
f 7176/1 7177/1 7178/1
f 7177/1 7179/1 7178/1
f 7178/1 7179/1 7180/1
f 7179/1 7181/1 7180/1
f 7180/1 7181/1 7182/1
f 7181/1 7183/1 7182/1
f 7182/1 7183/1 7184/1
f 7183/1 7185/1 7184/1
f 7184/1 7185/1 7186/1
f 7185/1 7187/1 7186/1
f 7186/1 7187/1 7188/1
f 7187/1 7189/1 7188/1
f 7188/1 7189/1 7190/1
f 7189/1 7191/1 7190/1
f 7190/1 7191/1 7192/1
f 7191/1 7193/1 7192/1
f 7192/1 7193/1 7194/1
f 7193/1 7195/1 7194/1
f 7194/1 7195/1 7196/1
f 7195/1 7197/1 7196/1
f 7196/1 7197/1 7198/1
f 7199/1 7200/1 7201/1
f 7200/1 7202/1 7201/1
f 7201/1 7202/1 7203/1
f 7202/1 7204/1 7203/1
f 7203/1 7204/1 7205/1
f 7204/1 7206/1 7205/1
f 7207/1 7208/1 7209/1
f 7208/1 7210/1 7209/1
f 7209/1 7210/1 7211/1
f 7210/1 7212/1 7211/1
f 7211/1 7212/1 7213/1
f 7212/1 7214/1 7213/1
f 7213/1 7214/1 7215/1
f 7214/1 7216/1 7215/1
f 7215/1 7216/1 7217/1
f 7216/1 7218/1 7217/1
f 7219/1 7220/1 7221/1
f 7220/1 7222/1 7221/1
f 7221/1 7222/1 7223/1
f 7222/1 7224/1 7223/1
f 7223/1 7224/1 7225/1
f 7224/1 7226/1 7225/1
f 7225/1 7226/1 7227/1
f 7228/1 7229/1 7230/1
f 7229/1 7231/1 7230/1
f 7230/1 7231/1 7232/1
f 7231/1 7233/1 7232/1
f 7234/1 7235/1 7236/1
f 7235/1 7237/1 7236/1
f 7236/1 7237/1 7238/1
f 7237/1 7239/1 7238/1
f 7238/1 7239/1 7240/1
f 7239/1 7241/1 7240/1
f 7240/1 7241/1 7242/1
f 7241/1 7243/1 7242/1
f 7242/1 7243/1 7244/1
f 7243/1 7245/1 7244/1
f 7244/1 7245/1 7246/1
f 7245/1 7247/1 7246/1
f 7246/1 7247/1 7248/1
f 7247/1 7249/1 7248/1
f 7248/1 7249/1 7250/1
f 7249/1 7251/1 7250/1
f 7250/1 7251/1 7252/1
f 7251/1 7253/1 7252/1
f 7254/1 7255/1 7256/1
f 7255/1 7257/1 7256/1
f 7256/1 7257/1 7258/1
f 7257/1 7259/1 7258/1
f 7258/1 7259/1 7260/1
f 7259/1 7261/1 7260/1
f 7260/1 7261/1 7262/1
f 7261/1 7263/1 7262/1
f 7262/1 7263/1 7264/1
f 7263/1 7265/1 7264/1
f 7264/1 7265/1 7266/1
f 7265/1 7267/1 7266/1
f 7266/1 7267/1 7268/1
f 7267/1 7269/1 7268/1
f 7268/1 7269/1 7270/1
f 7269/1 7271/1 7270/1
f 7270/1 7271/1 7272/1
f 7271/1 7273/1 7272/1
f 7272/1 7273/1 7274/1
f 7273/1 7275/1 7274/1
f 7274/1 7275/1 7276/1
f 7275/1 7277/1 7276/1
f 7276/1 7277/1 7278/1
f 7277/1 7279/1 7278/1
f 7278/1 7279/1 7280/1
f 7279/1 7281/1 7280/1
f 7280/1 7281/1 7282/1
f 7281/1 7283/1 7282/1
f 7282/1 7283/1 7284/1
f 7283/1 7285/1 7284/1
f 7284/1 7285/1 7286/1
f 7285/1 7287/1 7286/1
f 7286/1 7287/1 7288/1
f 7287/1 7289/1 7288/1
f 7288/1 7289/1 7290/1
f 7289/1 7291/1 7290/1
f 7290/1 7291/1 7292/1
f 7291/1 7293/1 7292/1
f 7292/1 7293/1 7294/1
f 7293/1 7295/1 7294/1
f 7294/1 7295/1 7296/1
f 7295/1 7297/1 7296/1
f 7296/1 7297/1 7298/1
f 7297/1 7299/1 7298/1
f 7298/1 7299/1 7300/1
f 7299/1 7301/1 7300/1
f 7300/1 7301/1 7302/1
f 7301/1 7303/1 7302/1
f 7302/1 7303/1 7304/1
f 7303/1 7305/1 7304/1
f 7304/1 7305/1 7306/1
f 7305/1 7307/1 7306/1
f 7306/1 7307/1 7308/1
f 7307/1 7309/1 7308/1
f 7308/1 7309/1 7310/1
f 7309/1 7311/1 7310/1
f 7310/1 7311/1 7312/1
f 7311/1 7313/1 7312/1
f 7312/1 7313/1 7314/1
f 7313/1 7315/1 7314/1
f 7314/1 7315/1 7316/1
f 7315/1 7317/1 7316/1
f 7316/1 7317/1 7318/1
f 7317/1 7319/1 7318/1
f 7318/1 7319/1 7320/1
f 7319/1 7321/1 7320/1
f 7320/1 7321/1 7322/1
f 7321/1 7323/1 7322/1
f 7322/1 7323/1 7324/1
f 7323/1 7325/1 7324/1
f 7324/1 7325/1 7326/1
f 7325/1 7327/1 7326/1
f 7326/1 7327/1 7328/1
f 7327/1 7329/1 7328/1
f 7328/1 7329/1 7330/1
f 7329/1 7331/1 7330/1
f 7330/1 7331/1 7332/1
f 7331/1 7333/1 7332/1
f 7332/1 7333/1 7334/1
f 7333/1 7335/1 7334/1
f 7334/1 7335/1 7336/1
f 7335/1 7337/1 7336/1
f 7336/1 7337/1 7338/1
f 7337/1 7339/1 7338/1
f 7338/1 7339/1 7340/1
f 7339/1 7341/1 7340/1
f 7340/1 7341/1 7342/1
f 7341/1 7343/1 7342/1
f 7342/1 7343/1 7344/1
f 7343/1 7345/1 7344/1
f 7344/1 7345/1 7346/1
f 7345/1 7347/1 7346/1
f 7346/1 7347/1 7348/1
f 7347/1 7349/1 7348/1
f 7348/1 7349/1 7350/1
f 7349/1 7351/1 7350/1
f 7350/1 7351/1 7352/1
f 7351/1 7353/1 7352/1
f 7352/1 7353/1 7354/1
f 7353/1 7355/1 7354/1
f 7354/1 7355/1 7356/1
f 7355/1 7357/1 7356/1
f 7356/1 7357/1 7358/1
f 7357/1 7359/1 7358/1
f 7360/1 7361/1 7362/1
f 7361/1 7363/1 7362/1
f 7362/1 7363/1 7364/1
f 7365/1 7366/1 7367/1
f 7366/1 7368/1 7367/1
f 7367/1 7368/1 7369/1
f 7368/1 7370/1 7369/1
f 7369/1 7370/1 7371/1
f 7370/1 7372/1 7371/1
f 7371/1 7372/1 7373/1
f 7374/1 7375/1 7376/1
f 7375/1 7377/1 7376/1
f 7376/1 7377/1 7378/1
f 7377/1 7379/1 7378/1
f 7380/1 7381/1 7382/1
f 7381/1 7383/1 7382/1
f 7382/1 7383/1 7384/1
f 7385/1 7386/1 7387/1
f 7386/1 7388/1 7387/1
f 7387/1 7388/1 7389/1
f 7390/1 7391/1 7392/1
f 7391/1 7393/1 7392/1
f 7392/1 7393/1 7394/1
f 7393/1 7395/1 7394/1
f 7396/1 7397/1 7398/1
f 7397/1 7399/1 7398/1
f 7398/1 7399/1 7400/1
f 7399/1 7401/1 7400/1
f 7402/1 7403/1 7404/1
f 7403/1 7405/1 7404/1
f 7404/1 7405/1 7406/1
f 7405/1 7407/1 7406/1
f 7408/1 7409/1 7410/1
f 7409/1 7411/1 7410/1
f 7410/1 7411/1 7412/1
f 7411/1 7413/1 7412/1
f 7414/1 7415/1 7416/1
f 7415/1 7417/1 7416/1
f 7416/1 7417/1 7418/1
f 7417/1 7419/1 7418/1
f 7420/1 7421/1 7422/1
f 7421/1 7423/1 7422/1
f 7422/1 7423/1 7424/1
f 7423/1 7425/1 7424/1
f 7426/1 7427/1 7428/1
f 7427/1 7429/1 7428/1
f 7428/1 7429/1 7430/1
f 7429/1 7431/1 7430/1
f 7432/1 7433/1 7434/1
f 7433/1 7435/1 7434/1
f 7434/1 7435/1 7436/1
f 7435/1 7437/1 7436/1
f 7438/1 7439/1 7440/1
f 7439/1 7441/1 7440/1
f 7440/1 7441/1 7442/1
f 7441/1 7443/1 7442/1
f 7442/1 7443/1 7444/1
f 7443/1 7445/1 7444/1
f 7444/1 7445/1 7446/1
f 7445/1 7447/1 7446/1
f 7446/1 7447/1 7448/1
f 7447/1 7449/1 7448/1
f 7450/1 7451/1 7452/1
f 7451/1 7453/1 7452/1
f 7452/1 7453/1 7454/1
f 7453/1 7455/1 7454/1
f 7454/1 7455/1 7456/1
f 7455/1 7457/1 7456/1
f 7456/1 7457/1 7458/1
f 7457/1 7459/1 7458/1
f 7458/1 7459/1 7460/1
f 7459/1 7461/1 7460/1
f 7462/1 7463/1 7464/1
f 7463/1 7465/1 7464/1
f 7464/1 7465/1 7466/1
f 7465/1 7467/1 7466/1
f 7466/1 7467/1 7468/1
f 7467/1 7469/1 7468/1
f 7468/1 7469/1 7470/1
f 7469/1 7471/1 7470/1
f 7472/1 7473/1 7474/1
f 7473/1 7475/1 7474/1
f 7474/1 7475/1 7476/1
f 7475/1 7477/1 7476/1
f 7478/1 7479/1 7480/1
f 7479/1 7481/1 7480/1
f 7480/1 7481/1 7482/1
f 7481/1 7483/1 7482/1
f 7484/1 7485/1 7486/1
f 7485/1 7487/1 7486/1
f 7486/1 7487/1 7488/1
f 7487/1 7489/1 7488/1
f 7488/1 7489/1 7490/1
f 7489/1 7491/1 7490/1
f 7490/1 7491/1 7492/1
f 7491/1 7493/1 7492/1
f 7492/1 7493/1 7494/1
f 7493/1 7495/1 7494/1
f 7494/1 7495/1 7496/1
f 7497/1 7498/1 7499/1
f 7498/1 7500/1 7499/1
f 7499/1 7500/1 7501/1
f 7500/1 7502/1 7501/1
f 7503/1 7504/1 7505/1
f 7504/1 7506/1 7505/1
f 7505/1 7506/1 7507/1
f 7506/1 7508/1 7507/1
f 7509/1 7510/1 7511/1
f 7510/1 7512/1 7511/1
f 7511/1 7512/1 7513/1
f 7512/1 7514/1 7513/1
f 7513/1 7514/1 7515/1
f 7516/1 7517/1 7518/1
f 7517/1 7519/1 7518/1
f 7518/1 7519/1 7520/1
f 7519/1 7521/1 7520/1
f 7520/1 7521/1 7522/1
f 7521/1 7523/1 7522/1
f 7522/1 7523/1 7524/1
f 7525/1 7526/1 7527/1
f 7526/1 7528/1 7527/1
f 7527/1 7528/1 7529/1
f 7528/1 7530/1 7529/1
f 7531/1 7532/1 7533/1
f 7532/1 7534/1 7533/1
f 7533/1 7534/1 7535/1
f 7534/1 7536/1 7535/1
f 7537/1 7538/1 7539/1
f 7538/1 7540/1 7539/1
f 7539/1 7540/1 7541/1
f 7540/1 7542/1 7541/1
f 7543/1 7544/1 7545/1
f 7544/1 7546/1 7545/1
f 7545/1 7546/1 7547/1
f 7546/1 7548/1 7547/1
f 7547/1 7548/1 7549/1
f 7548/1 7550/1 7549/1
f 7549/1 7550/1 7551/1
f 7550/1 7552/1 7551/1
f 7551/1 7552/1 7553/1
f 7552/1 7554/1 7553/1
f 7553/1 7554/1 7555/1
f 7556/1 7557/1 7558/1
f 7557/1 7559/1 7558/1
f 7558/1 7559/1 7560/1
f 7559/1 7561/1 7560/1
f 7562/1 7563/1 7564/1
f 7563/1 7565/1 7564/1
f 7564/1 7565/1 7566/1
f 7565/1 7567/1 7566/1
f 7568/1 7569/1 7570/1
f 7569/1 7571/1 7570/1
f 7570/1 7571/1 7572/1
f 7571/1 7573/1 7572/1
f 7572/1 7573/1 7574/1
f 7573/1 7575/1 7574/1
f 7574/1 7575/1 7576/1
f 7575/1 7577/1 7576/1
f 7576/1 7577/1 7578/1
f 7577/1 7579/1 7578/1
f 7578/1 7579/1 7580/1
f 7579/1 7581/1 7580/1
f 7580/1 7581/1 7582/1
f 7581/1 7583/1 7582/1
f 7582/1 7583/1 7584/1
f 7583/1 7585/1 7584/1
f 7584/1 7585/1 7586/1
f 7585/1 7587/1 7586/1
f 7586/1 7587/1 7588/1
f 7587/1 7589/1 7588/1
f 7588/1 7589/1 7590/1
f 7589/1 7591/1 7590/1
f 7590/1 7591/1 7592/1
f 7591/1 7593/1 7592/1
f 7592/1 7593/1 7594/1
f 7593/1 7595/1 7594/1
f 7594/1 7595/1 7596/1
f 7595/1 7597/1 7596/1
f 7596/1 7597/1 7598/1
f 7597/1 7599/1 7598/1
f 7598/1 7599/1 7600/1
f 7599/1 7601/1 7600/1
f 7600/1 7601/1 7602/1
f 7601/1 7603/1 7602/1
f 7602/1 7603/1 7604/1
f 7603/1 7605/1 7604/1
f 7604/1 7605/1 7606/1
f 7605/1 7607/1 7606/1
f 7606/1 7607/1 7608/1
f 7607/1 7609/1 7608/1
f 7608/1 7609/1 7610/1
f 7609/1 7611/1 7610/1
f 7610/1 7611/1 7612/1
f 7611/1 7613/1 7612/1
f 7612/1 7613/1 7614/1
f 7613/1 7615/1 7614/1
f 7614/1 7615/1 7616/1
f 7615/1 7617/1 7616/1
f 7616/1 7617/1 7618/1
f 7617/1 7619/1 7618/1
f 7618/1 7619/1 7620/1
f 7619/1 7621/1 7620/1
f 7620/1 7621/1 7622/1
f 7621/1 7623/1 7622/1
f 7622/1 7623/1 7624/1
f 7623/1 7625/1 7624/1
f 7624/1 7625/1 7626/1
f 7625/1 7627/1 7626/1
f 7626/1 7627/1 7628/1
f 7627/1 7629/1 7628/1
f 7628/1 7629/1 7630/1
f 7629/1 7631/1 7630/1
f 7630/1 7631/1 7632/1
f 7631/1 7633/1 7632/1
f 7632/1 7633/1 7634/1
f 7633/1 7635/1 7634/1
f 7634/1 7635/1 7636/1
f 7635/1 7637/1 7636/1
f 7636/1 7637/1 7638/1
f 7637/1 7639/1 7638/1
f 7638/1 7639/1 7640/1
f 7639/1 7641/1 7640/1
f 7640/1 7641/1 7642/1
f 7641/1 7643/1 7642/1
f 7642/1 7643/1 7644/1
f 7643/1 7645/1 7644/1
f 7644/1 7645/1 7646/1
f 7645/1 7647/1 7646/1
f 7646/1 7647/1 7648/1
f 7647/1 7649/1 7648/1
f 7648/1 7649/1 7650/1
f 7649/1 7651/1 7650/1
f 7650/1 7651/1 7652/1
f 7651/1 7653/1 7652/1
f 7652/1 7653/1 7654/1
f 7653/1 7655/1 7654/1
f 7654/1 7655/1 7656/1
f 7655/1 7657/1 7656/1
f 7656/1 7657/1 7658/1
f 7657/1 7659/1 7658/1
f 7658/1 7659/1 7660/1
f 7659/1 7661/1 7660/1
f 7660/1 7661/1 7662/1
f 7661/1 7663/1 7662/1
f 7662/1 7663/1 7664/1
f 7663/1 7665/1 7664/1
f 7664/1 7665/1 7666/1
f 7665/1 7667/1 7666/1
f 7666/1 7667/1 7668/1
f 7667/1 7669/1 7668/1
f 7668/1 7669/1 7670/1
f 7669/1 7671/1 7670/1
f 7670/1 7671/1 7672/1
f 7671/1 7673/1 7672/1
f 7672/1 7673/1 7674/1
f 7673/1 7675/1 7674/1
f 7676/1 7677/1 7678/1
f 7677/1 7679/1 7678/1
f 7678/1 7679/1 7680/1
f 7679/1 7681/1 7680/1
f 7680/1 7681/1 7682/1
f 7683/1 7684/1 7685/1
f 7684/1 7686/1 7685/1
f 7685/1 7686/1 7687/1
f 7688/1 7689/1 7690/1
f 7689/1 7691/1 7690/1
f 7690/1 7691/1 7692/1
f 7691/1 7693/1 7692/1
f 7692/1 7693/1 7694/1
f 7693/1 7695/1 7694/1
f 7696/1 7697/1 7698/1
f 7697/1 7699/1 7698/1
f 7698/1 7699/1 7700/1
f 7699/1 7701/1 7700/1
f 7702/1 7703/1 7704/1
f 7703/1 7705/1 7704/1
f 7704/1 7705/1 7706/1
f 7705/1 7707/1 7706/1
f 7706/1 7707/1 7708/1
f 7707/1 7709/1 7708/1
f 7708/1 7709/1 7710/1
f 7709/1 7711/1 7710/1
f 7710/1 7711/1 7712/1
f 7711/1 7713/1 7712/1
f 7712/1 7713/1 7714/1
f 7713/1 7715/1 7714/1
f 7714/1 7715/1 7716/1
f 7715/1 7717/1 7716/1
f 7716/1 7717/1 7718/1
f 7717/1 7719/1 7718/1
f 7718/1 7719/1 7720/1
f 7719/1 7721/1 7720/1
f 7720/1 7721/1 7722/1
f 7721/1 7723/1 7722/1
f 7722/1 7723/1 7724/1
f 7723/1 7725/1 7724/1
f 7724/1 7725/1 7726/1
f 7725/1 7727/1 7726/1
f 7728/1 7729/1 7730/1
f 7729/1 7731/1 7730/1
f 7730/1 7731/1 7732/1
f 7733/1 7734/1 7735/1
f 7734/1 7736/1 7735/1
f 7735/1 7736/1 7737/1
f 7736/1 7738/1 7737/1
f 7739/1 7740/1 7741/1
f 7740/1 7742/1 7741/1
f 7741/1 7742/1 7743/1
f 7742/1 7744/1 7743/1
f 7743/1 7744/1 7745/1
f 7744/1 7746/1 7745/1
f 7745/1 7746/1 7747/1
f 7746/1 7748/1 7747/1
f 7749/1 7750/1 7751/1
f 7750/1 7752/1 7751/1
f 7751/1 7752/1 7753/1
f 7752/1 7754/1 7753/1
f 7753/1 7754/1 7755/1
f 7754/1 7756/1 7755/1
f 7755/1 7756/1 7757/1
f 7756/1 7758/1 7757/1
f 7757/1 7758/1 7759/1
f 7758/1 7760/1 7759/1
f 7759/1 7760/1 7761/1
f 7760/1 7762/1 7761/1
f 7763/1 7764/1 7765/1
f 7764/1 7766/1 7765/1
f 7765/1 7766/1 7767/1
f 7768/1 7769/1 7770/1
f 7769/1 7771/1 7770/1
f 7770/1 7771/1 7772/1
# 5804 faces, 1 coords texture

# End of File
